stan,massa_id,ts_agendado,ts_envio,ts_resposta,latencia_servico_us,latencia_resposta_us,de39,erro_transporte
001000,1284,2026-09-23T17:34:58.2634084-03:00,2026-09-23T17:34:58.2640183-03:00,2026-09-23T17:34:58.2874507-03:00,23432,24042,00,
001001,14773,2026-09-23T17:34:58.2684084-03:00,2026-09-23T17:34:58.2686764-03:00,2026-09-23T17:34:58.3018916-03:00,33215,33483,00,
001002,28542,2026-09-23T17:34:58.2734084-03:00,2026-09-23T17:34:58.2738113-03:00,2026-09-23T17:34:58.3068993-03:00,33088,33491,00,
001003,16579,2026-09-23T17:34:58.2784084-03:00,2026-09-23T17:34:58.2786878-03:00,2026-09-23T17:34:58.3018916-03:00,23204,23483,00,
001004,14498,2026-09-23T17:34:58.2834084-03:00,2026-09-23T17:34:58.2840231-03:00,2026-09-23T17:34:58.3137352-03:00,29712,30327,00,
001005,44448,2026-09-23T17:34:58.2884084-03:00,2026-09-23T17:34:58.2890605-03:00,2026-09-23T17:34:58.3137347-03:00,24674,25326,00,
001006,12674,2026-09-23T17:34:58.2934084-03:00,2026-09-23T17:34:58.2937527-03:00,2026-09-23T17:34:58.31841-03:00,24657,25002,00,
001007,8919,2026-09-23T17:34:58.2984084-03:00,2026-09-23T17:34:58.2989064-03:00,2026-09-23T17:34:58.3215874-03:00,22681,23179,00,
001008,8191,2026-09-23T17:34:58.3034084-03:00,2026-09-23T17:34:58.3039328-03:00,2026-09-23T17:34:58.3296411-03:00,25708,26233,00,
001009,17729,2026-09-23T17:34:58.3084084-03:00,2026-09-23T17:34:58.3089523-03:00,2026-09-23T17:34:58.3334563-03:00,24504,25048,00,
001010,20439,2026-09-23T17:34:58.3134084-03:00,2026-09-23T17:34:58.3136141-03:00,2026-09-23T17:34:58.3432104-03:00,29596,29802,00,
001011,26880,2026-09-23T17:34:58.3184084-03:00,2026-09-23T17:34:58.3189032-03:00,2026-09-23T17:34:58.3432145-03:00,24311,24806,51,
001012,33020,2026-09-23T17:34:58.3234084-03:00,2026-09-23T17:34:58.3238347-03:00,2026-09-23T17:34:58.3939711-03:00,70136,70563,00,
001013,35210,2026-09-23T17:34:58.3284084-03:00,2026-09-23T17:34:58.3289999-03:00,2026-09-23T17:34:58.3524282-03:00,23428,24020,00,
001014,36456,2026-09-23T17:34:58.3334084-03:00,2026-09-23T17:34:58.3339391-03:00,2026-09-23T17:34:58.3602937-03:00,26355,26885,05,
001015,25073,2026-09-23T17:34:58.3384084-03:00,2026-09-23T17:34:58.3385346-03:00,2026-09-23T17:34:58.3629611-03:00,24427,24553,00,
001016,41126,2026-09-23T17:34:58.3434084-03:00,2026-09-23T17:34:58.3436009-03:00,2026-09-23T17:34:58.3749712-03:00,31370,31563,00,
001017,14231,2026-09-23T17:34:58.3484084-03:00,2026-09-23T17:34:58.3487579-03:00,2026-09-23T17:34:58.3699337-03:00,21176,21525,05,
001018,22621,2026-09-23T17:34:58.3534084-03:00,2026-09-23T17:34:58.3541436-03:00,2026-09-23T17:34:58.3832866-03:00,29143,29878,00,
001019,48894,2026-09-23T17:34:58.3584084-03:00,2026-09-23T17:34:58.3590529-03:00,2026-09-23T17:34:58.3827132-03:00,23660,24305,00,
001020,12683,2026-09-23T17:34:58.3634084-03:00,2026-09-23T17:34:58.3640541-03:00,2026-09-23T17:34:58.3873783-03:00,23324,23970,00,
001021,507,2026-09-23T17:34:58.3684084-03:00,2026-09-23T17:34:58.3686824-03:00,2026-09-23T17:34:58.3999375-03:00,31255,31529,00,
001022,21510,2026-09-23T17:34:58.3734084-03:00,2026-09-23T17:34:58.373791-03:00,2026-09-23T17:34:58.396635-03:00,22844,23227,00,
001023,44768,2026-09-23T17:34:58.3784084-03:00,2026-09-23T17:34:58.3790213-03:00,2026-09-23T17:34:58.4104276-03:00,31406,32019,00,
001024,37291,2026-09-23T17:34:58.3834084-03:00,2026-09-23T17:34:58.3837127-03:00,2026-09-23T17:34:58.4076488-03:00,23936,24240,00,
001025,9948,2026-09-23T17:34:58.3884084-03:00,2026-09-23T17:34:58.3889287-03:00,2026-09-23T17:34:58.4306028-03:00,41674,42194,00,
001026,46524,2026-09-23T17:34:58.3934084-03:00,2026-09-23T17:34:58.3938666-03:00,2026-09-23T17:34:58.4176668-03:00,23800,24258,00,
001027,39845,2026-09-23T17:34:58.3984084-03:00,2026-09-23T17:34:58.3987002-03:00,2026-09-23T17:34:58.451034-03:00,52334,52626,00,
001028,23186,2026-09-23T17:34:58.4034084-03:00,2026-09-23T17:34:58.4041047-03:00,2026-09-23T17:34:58.4289877-03:00,24883,25579,00,
001029,23149,2026-09-23T17:34:58.4084084-03:00,2026-09-23T17:34:58.4086998-03:00,2026-09-23T17:34:58.4322483-03:00,23549,23840,00,
001030,43980,2026-09-23T17:34:58.4134084-03:00,2026-09-23T17:34:58.4139746-03:00,2026-09-23T17:34:58.441487-03:00,27512,28079,00,
001031,36994,2026-09-23T17:34:58.4184084-03:00,2026-09-23T17:34:58.4187308-03:00,2026-09-23T17:34:58.4419919-03:00,23261,23584,00,
001032,31403,2026-09-23T17:34:58.4234084-03:00,2026-09-23T17:34:58.4237701-03:00,2026-09-23T17:34:58.4446439-03:00,20874,21236,00,
001033,45135,2026-09-23T17:34:58.4284084-03:00,2026-09-23T17:34:58.4288836-03:00,2026-09-23T17:34:58.4541289-03:00,25245,25721,00,
001034,27220,2026-09-23T17:34:58.4334084-03:00,2026-09-23T17:34:58.4338228-03:00,2026-09-23T17:34:58.460048-03:00,26225,26640,51,
001035,25399,2026-09-23T17:34:58.4384084-03:00,2026-09-23T17:34:58.4386942-03:00,2026-09-23T17:34:58.4625959-03:00,23902,24188,00,
001036,21646,2026-09-23T17:34:58.4434084-03:00,2026-09-23T17:34:58.4440132-03:00,2026-09-23T17:34:58.4679111-03:00,23898,24503,00,
001037,48044,2026-09-23T17:34:58.4484084-03:00,2026-09-23T17:34:58.4487007-03:00,2026-09-23T17:34:58.4782298-03:00,29529,29821,00,
001038,832,2026-09-23T17:34:58.4534084-03:00,2026-09-23T17:34:58.4540393-03:00,2026-09-23T17:34:58.4792218-03:00,25183,25813,00,
001039,34375,2026-09-23T17:34:58.4584084-03:00,2026-09-23T17:34:58.4588493-03:00,2026-09-23T17:34:58.5225356-03:00,63686,64127,00,
001040,39512,2026-09-23T17:34:58.4634084-03:00,2026-09-23T17:34:58.4636365-03:00,2026-09-23T17:34:58.4854861-03:00,21850,22078,00,
001041,3875,2026-09-23T17:34:58.4684084-03:00,2026-09-23T17:34:58.4689245-03:00,2026-09-23T17:34:58.4928616-03:00,23937,24453,00,
001042,23042,2026-09-23T17:34:58.4734084-03:00,2026-09-23T17:34:58.4735092-03:00,2026-09-23T17:34:58.4945652-03:00,21056,21157,05,
001043,39939,2026-09-23T17:34:58.4784084-03:00,2026-09-23T17:34:58.4786251-03:00,2026-09-23T17:34:58.5258465-03:00,47221,47438,00,
001044,13332,2026-09-23T17:34:58.4834084-03:00,2026-09-23T17:34:58.4837921-03:00,2026-09-23T17:34:58.5055659-03:00,21774,22158,00,
001045,22345,2026-09-23T17:34:58.4884084-03:00,2026-09-23T17:34:58.4890664-03:00,2026-09-23T17:34:58.5151051-03:00,26039,26697,00,
001046,15747,2026-09-23T17:34:58.4934084-03:00,2026-09-23T17:34:58.4939464-03:00,2026-09-23T17:34:58.5187665-03:00,24820,25358,14,
001047,12506,2026-09-23T17:34:58.4984084-03:00,2026-09-23T17:34:58.4986566-03:00,2026-09-23T17:34:58.5214017-03:00,22745,22993,00,
001048,26873,2026-09-23T17:34:58.5034084-03:00,2026-09-23T17:34:58.5038358-03:00,2026-09-23T17:34:58.5334099-03:00,29574,30002,00,
001049,49751,2026-09-23T17:34:58.5084084-03:00,2026-09-23T17:34:58.508755-03:00,2026-09-23T17:34:58.5476645-03:00,38910,39256,05,
001050,45418,2026-09-23T17:34:58.5134084-03:00,2026-09-23T17:34:58.5139185-03:00,2026-09-23T17:34:58.5354731-03:00,21555,22065,00,
001051,48538,2026-09-23T17:34:58.5184084-03:00,2026-09-23T17:34:58.5186792-03:00,2026-09-23T17:34:58.5476601-03:00,28981,29252,00,
001052,39729,2026-09-23T17:34:58.5234084-03:00,2026-09-23T17:34:58.5235842-03:00,2026-09-23T17:34:58.5520465-03:00,28462,28638,00,
001053,4300,2026-09-23T17:34:58.5284084-03:00,2026-09-23T17:34:58.5289232-03:00,2026-09-23T17:34:58.5654506-03:00,36527,37042,00,
001054,3200,2026-09-23T17:34:58.5334084-03:00,2026-09-23T17:34:58.533757-03:00,2026-09-23T17:34:58.5580898-03:00,24333,24681,00,
001055,43816,2026-09-23T17:34:58.5384084-03:00,2026-09-23T17:34:58.5390526-03:00,2026-09-23T17:34:58.5778958-03:00,38843,39487,00,
001056,42648,2026-09-23T17:34:58.5434084-03:00,2026-09-23T17:34:58.5437439-03:00,2026-09-23T17:34:58.5811409-03:00,37397,37733,00,
001057,22828,2026-09-23T17:34:58.5484084-03:00,2026-09-23T17:34:58.5492109-03:00,2026-09-23T17:34:58.5731633-03:00,23952,24755,00,
001058,14418,2026-09-23T17:34:58.5534084-03:00,2026-09-23T17:34:58.5540817-03:00,2026-09-23T17:34:58.6044412-03:00,50360,51033,00,
001059,39855,2026-09-23T17:34:58.5584084-03:00,2026-09-23T17:34:58.5586254-03:00,2026-09-23T17:34:58.5823135-03:00,23688,23905,00,
001060,34820,2026-09-23T17:34:58.5634084-03:00,2026-09-23T17:34:58.5637603-03:00,2026-09-23T17:34:58.5871216-03:00,23361,23713,00,
001061,25156,2026-09-23T17:34:58.5684084-03:00,2026-09-23T17:34:58.5688759-03:00,2026-09-23T17:34:58.5958535-03:00,26978,27445,00,
001062,35441,2026-09-23T17:34:58.5734084-03:00,2026-09-23T17:34:58.5742116-03:00,2026-09-23T17:34:58.5958364-03:00,21625,22428,00,
001063,39498,2026-09-23T17:34:58.5784084-03:00,2026-09-23T17:34:58.5788985-03:00,2026-09-23T17:34:58.6044697-03:00,25571,26061,51,
001064,38848,2026-09-23T17:34:58.5834084-03:00,2026-09-23T17:34:58.5838851-03:00,2026-09-23T17:34:58.617849-03:00,33964,34441,51,
001065,36727,2026-09-23T17:34:58.5884084-03:00,2026-09-23T17:34:58.5889472-03:00,2026-09-23T17:34:58.6194505-03:00,30503,31042,00,
001066,10847,2026-09-23T17:34:58.5934084-03:00,2026-09-23T17:34:58.5936108-03:00,2026-09-23T17:34:58.6205163-03:00,26906,27108,14,
001067,37427,2026-09-23T17:34:58.5984084-03:00,2026-09-23T17:34:58.5989258-03:00,2026-09-23T17:34:58.6506276-03:00,51702,52219,00,
001068,8282,2026-09-23T17:34:58.6034084-03:00,2026-09-23T17:34:58.6035903-03:00,2026-09-23T17:34:58.6257684-03:00,22178,22360,00,
001069,31612,2026-09-23T17:34:58.6084084-03:00,2026-09-23T17:34:58.6090063-03:00,2026-09-23T17:34:58.6489973-03:00,39991,40589,00,
001070,45971,2026-09-23T17:34:58.6134084-03:00,2026-09-23T17:34:58.6136207-03:00,2026-09-23T17:34:58.6640999-03:00,50479,50692,00,
001071,14098,2026-09-23T17:34:58.6184084-03:00,2026-09-23T17:34:58.6188614-03:00,2026-09-23T17:34:58.6577143-03:00,38853,39306,00,
001072,16249,2026-09-23T17:34:58.6234084-03:00,2026-09-23T17:34:58.6242208-03:00,2026-09-23T17:34:58.6453926-03:00,21172,21984,00,
001073,20303,2026-09-23T17:34:58.6284084-03:00,2026-09-23T17:34:58.6282544-03:00,2026-09-23T17:34:58.6532796-03:00,25025,24871,00,
001074,1144,2026-09-23T17:34:58.6334084-03:00,2026-09-23T17:34:58.6338707-03:00,2026-09-23T17:34:58.6583613-03:00,24491,24953,00,
001075,38501,2026-09-23T17:34:58.6384084-03:00,2026-09-23T17:34:58.6389622-03:00,2026-09-23T17:34:58.6646835-03:00,25721,26275,00,
001076,12631,2026-09-23T17:34:58.6434084-03:00,2026-09-23T17:34:58.6436726-03:00,2026-09-23T17:34:58.6718394-03:00,28167,28431,00,
001077,21017,2026-09-23T17:34:58.6484084-03:00,2026-09-23T17:34:58.648912-03:00,2026-09-23T17:34:58.6712724-03:00,22360,22864,00,
001078,15531,2026-09-23T17:34:58.6534084-03:00,2026-09-23T17:34:58.6537362-03:00,2026-09-23T17:34:58.681223-03:00,27487,27815,00,
001079,30947,2026-09-23T17:34:58.6584084-03:00,2026-09-23T17:34:58.6588492-03:00,2026-09-23T17:34:58.6822178-03:00,23369,23809,00,
001080,36791,2026-09-23T17:34:58.6634084-03:00,2026-09-23T17:34:58.6640136-03:00,2026-09-23T17:34:58.6879894-03:00,23976,24581,05,
001081,18100,2026-09-23T17:34:58.6684084-03:00,2026-09-23T17:34:58.6690904-03:00,2026-09-23T17:34:58.7004244-03:00,31334,32016,00,
001082,17734,2026-09-23T17:34:58.6734084-03:00,2026-09-23T17:34:58.6744261-03:00,2026-09-23T17:34:58.7015352-03:00,27109,28127,00,
001083,11019,2026-09-23T17:34:58.6784084-03:00,2026-09-23T17:34:58.67852-03:00,2026-09-23T17:34:58.7057288-03:00,27209,27320,00,
001084,16222,2026-09-23T17:34:58.6834084-03:00,2026-09-23T17:34:58.6837814-03:00,2026-09-23T17:34:58.7090508-03:00,25269,25642,00,
001085,17341,2026-09-23T17:34:58.6884084-03:00,2026-09-23T17:34:58.6891268-03:00,2026-09-23T17:34:58.7116657-03:00,22539,23257,00,
001086,44774,2026-09-23T17:34:58.6934084-03:00,2026-09-23T17:34:58.6935221-03:00,2026-09-23T17:34:58.7164609-03:00,22939,23053,00,
001087,9960,2026-09-23T17:34:58.6984084-03:00,2026-09-23T17:34:58.6987027-03:00,2026-09-23T17:34:58.7212825-03:00,22580,22874,00,
001088,8550,2026-09-23T17:34:58.7034084-03:00,2026-09-23T17:34:58.704085-03:00,2026-09-23T17:34:58.7265497-03:00,22465,23141,00,
001089,10883,2026-09-23T17:34:58.7084084-03:00,2026-09-23T17:34:58.7089224-03:00,2026-09-23T17:34:58.7767859-03:00,67864,68378,00,
001090,38022,2026-09-23T17:34:58.7134084-03:00,2026-09-23T17:34:58.7137234-03:00,2026-09-23T17:34:58.7361197-03:00,22396,22711,00,
001091,33495,2026-09-23T17:34:58.7184084-03:00,2026-09-23T17:34:58.7190141-03:00,2026-09-23T17:34:58.7426674-03:00,23653,24259,00,
001092,9422,2026-09-23T17:34:58.7234084-03:00,2026-09-23T17:34:58.7238113-03:00,2026-09-23T17:34:58.7464461-03:00,22635,23038,00,
001093,16386,2026-09-23T17:34:58.7284084-03:00,2026-09-23T17:34:58.7290861-03:00,2026-09-23T17:34:58.7570626-03:00,27977,28654,00,
001094,7246,2026-09-23T17:34:58.7334084-03:00,2026-09-23T17:34:58.7338643-03:00,2026-09-23T17:34:58.7570626-03:00,23198,23654,14,
001095,26722,2026-09-23T17:34:58.7384084-03:00,2026-09-23T17:34:58.738859-03:00,2026-09-23T17:34:58.7624476-03:00,23589,24039,00,
001096,25711,2026-09-23T17:34:58.7434084-03:00,2026-09-23T17:34:58.7437035-03:00,2026-09-23T17:34:58.7706958-03:00,26992,27287,00,
001097,34670,2026-09-23T17:34:58.7484084-03:00,2026-09-23T17:34:58.7490001-03:00,2026-09-23T17:34:58.7767939-03:00,27794,28386,51,
001098,15817,2026-09-23T17:34:58.7534084-03:00,2026-09-23T17:34:58.7536651-03:00,2026-09-23T17:34:58.7873613-03:00,33696,33953,00,
001099,22974,2026-09-23T17:34:58.7584084-03:00,2026-09-23T17:34:58.7592298-03:00,2026-09-23T17:34:58.8036319-03:00,44402,45224,00,
001100,12133,2026-09-23T17:34:58.7634084-03:00,2026-09-23T17:34:58.764009-03:00,2026-09-23T17:34:58.8061475-03:00,42139,42739,00,
001101,27120,2026-09-23T17:34:58.7684084-03:00,2026-09-23T17:34:58.7686744-03:00,2026-09-23T17:34:58.7923129-03:00,23639,23905,00,
001102,34596,2026-09-23T17:34:58.7734084-03:00,2026-09-23T17:34:58.7739291-03:00,2026-09-23T17:34:58.7995319-03:00,25603,26124,05,
001103,48125,2026-09-23T17:34:58.7784084-03:00,2026-09-23T17:34:58.7788623-03:00,2026-09-23T17:34:58.8105414-03:00,31679,32133,14,
001104,6885,2026-09-23T17:34:58.7834084-03:00,2026-09-23T17:34:58.7839728-03:00,2026-09-23T17:34:58.8105721-03:00,26599,27164,00,
001105,21345,2026-09-23T17:34:58.7884084-03:00,2026-09-23T17:34:58.7888144-03:00,2026-09-23T17:34:58.8105414-03:00,21727,22133,00,
001106,47914,2026-09-23T17:34:58.7934084-03:00,2026-09-23T17:34:58.7938225-03:00,2026-09-23T17:34:58.8167707-03:00,22948,23362,51,
001107,49773,2026-09-23T17:34:58.7984084-03:00,2026-09-23T17:34:58.7989294-03:00,2026-09-23T17:34:58.8241847-03:00,25255,25776,51,
001108,43580,2026-09-23T17:34:58.8034084-03:00,2026-09-23T17:34:58.8036526-03:00,2026-09-23T17:34:58.8258739-03:00,22221,22466,00,
001109,5910,2026-09-23T17:34:58.8084084-03:00,2026-09-23T17:34:58.8088418-03:00,2026-09-23T17:34:58.8322163-03:00,23375,23808,00,
001110,1607,2026-09-23T17:34:58.8134084-03:00,2026-09-23T17:34:58.8135435-03:00,2026-09-23T17:34:58.8427069-03:00,29163,29299,00,
001111,16639,2026-09-23T17:34:58.8184084-03:00,2026-09-23T17:34:58.8189043-03:00,2026-09-23T17:34:58.8416359-03:00,22732,23228,00,
001112,43260,2026-09-23T17:34:58.8234084-03:00,2026-09-23T17:34:58.8240188-03:00,2026-09-23T17:34:58.8455584-03:00,21540,22150,00,
001113,8477,2026-09-23T17:34:58.8284084-03:00,2026-09-23T17:34:58.8289444-03:00,2026-09-23T17:34:58.8691338-03:00,40189,40725,00,
001114,37376,2026-09-23T17:34:58.8334084-03:00,2026-09-23T17:34:58.8337571-03:00,2026-09-23T17:34:58.8636179-03:00,29861,30210,00,
001115,5075,2026-09-23T17:34:58.8384084-03:00,2026-09-23T17:34:58.8389379-03:00,2026-09-23T17:34:58.8610155-03:00,22078,22607,00,
001116,47585,2026-09-23T17:34:58.8434084-03:00,2026-09-23T17:34:58.8438242-03:00,2026-09-23T17:34:58.8740207-03:00,30197,30612,00,
001117,24881,2026-09-23T17:34:58.8484084-03:00,2026-09-23T17:34:58.8486488-03:00,2026-09-23T17:34:58.871231-03:00,22582,22823,00,
001118,9115,2026-09-23T17:34:58.8534084-03:00,2026-09-23T17:34:58.8538131-03:00,2026-09-23T17:34:58.8771981-03:00,23385,23790,00,
001119,27316,2026-09-23T17:34:58.8584084-03:00,2026-09-23T17:34:58.858795-03:00,2026-09-23T17:34:58.8834941-03:00,24699,25086,00,
001120,10677,2026-09-23T17:34:58.8634084-03:00,2026-09-23T17:34:58.8636388-03:00,2026-09-23T17:34:58.8856729-03:00,22034,22265,00,
001121,16729,2026-09-23T17:34:58.8684084-03:00,2026-09-23T17:34:58.8685522-03:00,2026-09-23T17:34:58.8920781-03:00,23526,23670,00,
001122,19340,2026-09-23T17:34:58.8734084-03:00,2026-09-23T17:34:58.8737939-03:00,2026-09-23T17:34:58.896241-03:00,22447,22833,00,
001123,16959,2026-09-23T17:34:58.8784084-03:00,2026-09-23T17:34:58.8787305-03:00,2026-09-23T17:34:58.9062634-03:00,27533,27855,00,
001124,22911,2026-09-23T17:34:58.8834084-03:00,2026-09-23T17:34:58.883956-03:00,2026-09-23T17:34:58.9083615-03:00,24406,24953,00,
001125,38466,2026-09-23T17:34:58.8884084-03:00,2026-09-23T17:34:58.888803-03:00,2026-09-23T17:34:58.9311324-03:00,42329,42724,00,
001126,42990,2026-09-23T17:34:58.8934084-03:00,2026-09-23T17:34:58.8940618-03:00,2026-09-23T17:34:58.9268658-03:00,32804,33457,00,
001127,28135,2026-09-23T17:34:58.8984084-03:00,2026-09-23T17:34:58.8987954-03:00,2026-09-23T17:34:58.9268601-03:00,28065,28452,00,
001128,46565,2026-09-23T17:34:58.9034084-03:00,2026-09-23T17:34:58.9040318-03:00,2026-09-23T17:34:58.929498-03:00,25466,26090,00,
001129,38998,2026-09-23T17:34:58.9084084-03:00,2026-09-23T17:34:58.9092997-03:00,2026-09-23T17:34:58.9364715-03:00,27172,28063,00,
001130,25339,2026-09-23T17:34:58.9134084-03:00,2026-09-23T17:34:58.9139107-03:00,2026-09-23T17:34:58.9424837-03:00,28573,29075,00,
001131,42810,2026-09-23T17:34:58.9184084-03:00,2026-09-23T17:34:58.9185251-03:00,2026-09-23T17:34:58.9461119-03:00,27587,27704,00,
001132,29291,2026-09-23T17:34:58.9234084-03:00,2026-09-23T17:34:58.9236711-03:00,2026-09-23T17:34:58.954428-03:00,30757,31020,00,
001133,46186,2026-09-23T17:34:58.9284084-03:00,2026-09-23T17:34:58.9282996-03:00,2026-09-23T17:34:58.9513058-03:00,23006,22897,00,
001134,26871,2026-09-23T17:34:58.9334084-03:00,2026-09-23T17:34:58.9336823-03:00,2026-09-23T17:34:58.9590823-03:00,25400,25674,00,
001135,26764,2026-09-23T17:34:58.9384084-03:00,2026-09-23T17:34:58.9390782-03:00,2026-09-23T17:34:58.9606592-03:00,21581,22251,00,
001136,35028,2026-09-23T17:34:58.9434084-03:00,2026-09-23T17:34:58.943961-03:00,2026-09-23T17:34:58.9729805-03:00,29020,29572,00,
001137,2152,2026-09-23T17:34:58.9484084-03:00,2026-09-23T17:34:58.9486421-03:00,2026-09-23T17:34:58.9753496-03:00,26708,26941,00,
001138,7052,2026-09-23T17:34:58.9534084-03:00,2026-09-23T17:34:58.9537841-03:00,2026-09-23T17:34:58.9779808-03:00,24197,24572,00,
001139,34373,2026-09-23T17:34:58.9584084-03:00,2026-09-23T17:34:58.958997-03:00,2026-09-23T17:34:58.9935276-03:00,34531,35119,00,
001140,41628,2026-09-23T17:34:58.9634084-03:00,2026-09-23T17:34:58.9637382-03:00,2026-09-23T17:34:58.9873364-03:00,23598,23928,00,
001141,2653,2026-09-23T17:34:58.9684084-03:00,2026-09-23T17:34:58.9688996-03:00,2026-09-23T17:34:59.0015629-03:00,32663,33155,00,
001142,22500,2026-09-23T17:34:58.9734084-03:00,2026-09-23T17:34:58.9741829-03:00,2026-09-23T17:34:59.0003949-03:00,26212,26987,91,
001143,9152,2026-09-23T17:34:58.9784084-03:00,2026-09-23T17:34:58.9790401-03:00,2026-09-23T17:34:59.0100749-03:00,31035,31667,00,
001144,6051,2026-09-23T17:34:58.9834084-03:00,2026-09-23T17:34:58.9836328-03:00,2026-09-23T17:34:59.0064462-03:00,22813,23038,00,
001145,19598,2026-09-23T17:34:58.9884084-03:00,2026-09-23T17:34:58.9889113-03:00,2026-09-23T17:34:59.0172431-03:00,28332,28835,00,
001146,7790,2026-09-23T17:34:58.9934084-03:00,2026-09-23T17:34:58.9935543-03:00,2026-09-23T17:34:59.110324-03:00,116770,116916,00,
001147,3169,2026-09-23T17:34:58.9984084-03:00,2026-09-23T17:34:58.9986193-03:00,2026-09-23T17:34:59.0310097-03:00,32390,32601,00,
001148,18404,2026-09-23T17:34:59.0034084-03:00,2026-09-23T17:34:59.0036459-03:00,2026-09-23T17:34:59.0288187-03:00,25173,25410,00,
001149,32892,2026-09-23T17:34:59.0084084-03:00,2026-09-23T17:34:59.0089868-03:00,2026-09-23T17:34:59.0448075-03:00,35821,36399,51,
001150,11543,2026-09-23T17:34:59.0134084-03:00,2026-09-23T17:34:59.0140468-03:00,2026-09-23T17:34:59.037111-03:00,23064,23703,00,
001151,10900,2026-09-23T17:34:59.0184084-03:00,2026-09-23T17:34:59.0187713-03:00,2026-09-23T17:34:59.0469397-03:00,28168,28531,00,
001152,48725,2026-09-23T17:34:59.0234084-03:00,2026-09-23T17:34:59.0239543-03:00,2026-09-23T17:34:59.0502333-03:00,26279,26825,00,
001153,3092,2026-09-23T17:34:59.0284084-03:00,2026-09-23T17:34:59.0287021-03:00,2026-09-23T17:34:59.0560509-03:00,27349,27643,00,
001154,5532,2026-09-23T17:34:59.0334084-03:00,2026-09-23T17:34:59.0340635-03:00,2026-09-23T17:34:59.0571289-03:00,23065,23721,00,
001155,18863,2026-09-23T17:34:59.0384084-03:00,2026-09-23T17:34:59.0386579-03:00,2026-09-23T17:34:59.0664912-03:00,27833,28083,00,
001156,33137,2026-09-23T17:34:59.0434084-03:00,2026-09-23T17:34:59.043566-03:00,2026-09-23T17:34:59.0916349-03:00,48069,48227,05,
001157,5149,2026-09-23T17:34:59.0484084-03:00,2026-09-23T17:34:59.0489943-03:00,2026-09-23T17:34:59.0712593-03:00,22265,22851,00,
001158,43979,2026-09-23T17:34:59.0534084-03:00,2026-09-23T17:34:59.0537532-03:00,2026-09-23T17:34:59.0837983-03:00,30045,30390,00,
001159,4123,2026-09-23T17:34:59.0584084-03:00,2026-09-23T17:34:59.0591897-03:00,2026-09-23T17:34:59.0904674-03:00,31278,32059,00,
001160,29127,2026-09-23T17:34:59.0634084-03:00,2026-09-23T17:34:59.0638011-03:00,2026-09-23T17:34:59.0863113-03:00,22510,22903,00,
001161,47116,2026-09-23T17:34:59.0684084-03:00,2026-09-23T17:34:59.0689207-03:00,2026-09-23T17:34:59.0937547-03:00,24834,25346,05,
001162,40153,2026-09-23T17:34:59.0734084-03:00,2026-09-23T17:34:59.0741913-03:00,2026-09-23T17:34:59.1591563-03:00,84965,85748,00,
001163,5249,2026-09-23T17:34:59.0784084-03:00,2026-09-23T17:34:59.0788669-03:00,2026-09-23T17:34:59.1155475-03:00,36681,37139,00,
001164,32858,2026-09-23T17:34:59.0834084-03:00,2026-09-23T17:34:59.0835344-03:00,2026-09-23T17:34:59.1280232-03:00,44489,44615,00,
001165,3611,2026-09-23T17:34:59.0884084-03:00,2026-09-23T17:34:59.0887902-03:00,2026-09-23T17:34:59.1285959-03:00,39806,40188,00,
001166,13021,2026-09-23T17:34:59.0934084-03:00,2026-09-23T17:34:59.0936894-03:00,2026-09-23T17:34:59.1181918-03:00,24502,24783,00,
001167,24475,2026-09-23T17:34:59.0984084-03:00,2026-09-23T17:34:59.0988693-03:00,2026-09-23T17:34:59.1248689-03:00,26000,26461,00,
001168,21349,2026-09-23T17:34:59.1034084-03:00,2026-09-23T17:34:59.1035656-03:00,2026-09-23T17:34:59.1338457-03:00,30280,30437,00,
001169,16051,2026-09-23T17:34:59.1084084-03:00,2026-09-23T17:34:59.1086102-03:00,2026-09-23T17:34:59.1367374-03:00,28127,28329,00,
001170,27965,2026-09-23T17:34:59.1134084-03:00,2026-09-23T17:34:59.1138672-03:00,2026-09-23T17:34:59.1393564-03:00,25489,25948,00,
001171,34925,2026-09-23T17:34:59.1184084-03:00,2026-09-23T17:34:59.118608-03:00,2026-09-23T17:34:59.1443341-03:00,25726,25926,00,
001172,14991,2026-09-23T17:34:59.1234084-03:00,2026-09-23T17:34:59.1236591-03:00,2026-09-23T17:34:59.1469454-03:00,23286,23537,05,
001173,28988,2026-09-23T17:34:59.1284084-03:00,2026-09-23T17:34:59.1286191-03:00,2026-09-23T17:34:59.1559321-03:00,27313,27524,00,
001174,27073,2026-09-23T17:34:59.1334084-03:00,2026-09-23T17:34:59.1336519-03:00,2026-09-23T17:34:59.1659537-03:00,32302,32545,51,
001175,29992,2026-09-23T17:34:59.1384084-03:00,2026-09-23T17:34:59.1392097-03:00,2026-09-23T17:34:59.1683493-03:00,29140,29941,00,
001176,26169,2026-09-23T17:34:59.1434084-03:00,2026-09-23T17:34:59.1436398-03:00,2026-09-23T17:34:59.1722441-03:00,28604,28836,00,
001177,48262,2026-09-23T17:34:59.1484084-03:00,2026-09-23T17:34:59.1490227-03:00,2026-09-23T17:34:59.1740242-03:00,25002,25616,00,
001178,15675,2026-09-23T17:34:59.1534084-03:00,2026-09-23T17:34:59.1537359-03:00,2026-09-23T17:34:59.1752988-03:00,21563,21890,00,
001179,11487,2026-09-23T17:34:59.1584084-03:00,2026-09-23T17:34:59.1590304-03:00,2026-09-23T17:34:59.1815508-03:00,22520,23142,00,
001180,22887,2026-09-23T17:34:59.1634084-03:00,2026-09-23T17:34:59.163715-03:00,2026-09-23T17:34:59.2049164-03:00,41201,41508,00,
001181,26725,2026-09-23T17:34:59.1684084-03:00,2026-09-23T17:34:59.169066-03:00,2026-09-23T17:34:59.2048804-03:00,35814,36472,00,
001182,32166,2026-09-23T17:34:59.1734084-03:00,2026-09-23T17:34:59.1740543-03:00,2026-09-23T17:34:59.2036706-03:00,29616,30262,05,
001183,36492,2026-09-23T17:34:59.1784084-03:00,2026-09-23T17:34:59.1788511-03:00,2026-09-23T17:34:59.2049032-03:00,26052,26495,00,
001184,13203,2026-09-23T17:34:59.1834084-03:00,2026-09-23T17:34:59.1843661-03:00,2026-09-23T17:34:59.2357771-03:00,51411,52369,00,
001185,9178,2026-09-23T17:34:59.1884084-03:00,2026-09-23T17:34:59.1891481-03:00,2026-09-23T17:34:59.2193766-03:00,30229,30968,00,
001186,17138,2026-09-23T17:34:59.1934084-03:00,2026-09-23T17:34:59.1938773-03:00,2026-09-23T17:34:59.2259693-03:00,32092,32561,00,
001187,36176,2026-09-23T17:34:59.1984084-03:00,2026-09-23T17:34:59.1987085-03:00,2026-09-23T17:34:59.2259527-03:00,27244,27544,14,
001188,29154,2026-09-23T17:34:59.2034084-03:00,2026-09-23T17:34:59.2037024-03:00,2026-09-23T17:34:59.233196-03:00,29494,29788,00,
001189,40357,2026-09-23T17:34:59.2084084-03:00,2026-09-23T17:34:59.2087777-03:00,2026-09-23T17:34:59.238158-03:00,29380,29750,14,
001190,48862,2026-09-23T17:34:59.2134084-03:00,2026-09-23T17:34:59.2138524-03:00,2026-09-23T17:34:59.2367622-03:00,22910,23354,51,
001191,30210,2026-09-23T17:34:59.2184084-03:00,2026-09-23T17:34:59.2190822-03:00,2026-09-23T17:34:59.3808051-03:00,161723,162397,00,
001192,15721,2026-09-23T17:34:59.2234084-03:00,2026-09-23T17:34:59.2255154-03:00,2026-09-23T17:34:59.2486546-03:00,23139,25246,00,
001193,39000,2026-09-23T17:34:59.2284084-03:00,2026-09-23T17:34:59.2275751-03:00,2026-09-23T17:34:59.2506757-03:00,23101,22267,00,
001194,39182,2026-09-23T17:34:59.2334084-03:00,2026-09-23T17:34:59.2340922-03:00,2026-09-23T17:34:59.2618331-03:00,27741,28425,51,
001195,31191,2026-09-23T17:34:59.2384084-03:00,2026-09-23T17:34:59.238592-03:00,2026-09-23T17:34:59.2866074-03:00,48015,48199,00,
001196,16999,2026-09-23T17:34:59.2434084-03:00,2026-09-23T17:34:59.2439096-03:00,2026-09-23T17:34:59.2709502-03:00,27041,27542,00,
001197,1839,2026-09-23T17:34:59.2484084-03:00,2026-09-23T17:34:59.2486822-03:00,2026-09-23T17:34:59.273112-03:00,24430,24704,00,
001198,38880,2026-09-23T17:34:59.2534084-03:00,2026-09-23T17:34:59.2534257-03:00,2026-09-23T17:34:59.2941417-03:00,40716,40733,05,
001199,43738,2026-09-23T17:34:59.2584084-03:00,2026-09-23T17:34:59.2586903-03:00,2026-09-23T17:34:59.2899105-03:00,31220,31502,00,
001200,12404,2026-09-23T17:34:59.2634084-03:00,2026-09-23T17:34:59.2639335-03:00,2026-09-23T17:34:59.2920464-03:00,28113,28638,00,
001201,5101,2026-09-23T17:34:59.2684084-03:00,2026-09-23T17:34:59.2687337-03:00,2026-09-23T17:34:59.2915085-03:00,22775,23100,00,
001202,5113,2026-09-23T17:34:59.2734084-03:00,2026-09-23T17:34:59.2736416-03:00,2026-09-23T17:34:59.3068614-03:00,33220,33453,51,
001203,21083,2026-09-23T17:34:59.2784084-03:00,2026-09-23T17:34:59.2787168-03:00,2026-09-23T17:34:59.3133659-03:00,34649,34958,00,
001204,26424,2026-09-23T17:34:59.2834084-03:00,2026-09-23T17:34:59.2838279-03:00,2026-09-23T17:34:59.3056628-03:00,21835,22254,00,
001205,38357,2026-09-23T17:34:59.2884084-03:00,2026-09-23T17:34:59.2886337-03:00,2026-09-23T17:34:59.3112017-03:00,22568,22793,00,
001206,35637,2026-09-23T17:34:59.2934084-03:00,2026-09-23T17:34:59.2940687-03:00,2026-09-23T17:34:59.3329689-03:00,38900,39561,00,
001207,46464,2026-09-23T17:34:59.2984084-03:00,2026-09-23T17:34:59.2987037-03:00,2026-09-23T17:34:59.3197562-03:00,21053,21348,00,
001208,15113,2026-09-23T17:34:59.3034084-03:00,2026-09-23T17:34:59.3038759-03:00,2026-09-23T17:34:59.3271484-03:00,23273,23740,00,
001209,37490,2026-09-23T17:34:59.3084084-03:00,2026-09-23T17:34:59.3089267-03:00,2026-09-23T17:34:59.3352328-03:00,26306,26824,00,
001210,9200,2026-09-23T17:34:59.3134084-03:00,2026-09-23T17:34:59.3138575-03:00,2026-09-23T17:34:59.3391392-03:00,25282,25731,00,
001211,47952,2026-09-23T17:34:59.3184084-03:00,2026-09-23T17:34:59.3185078-03:00,2026-09-23T17:34:59.3423411-03:00,23833,23933,00,
001212,38052,2026-09-23T17:34:59.3234084-03:00,2026-09-23T17:34:59.3238275-03:00,2026-09-23T17:34:59.357727-03:00,33900,34319,00,
001213,49729,2026-09-23T17:34:59.3284084-03:00,2026-09-23T17:34:59.3286911-03:00,2026-09-23T17:34:59.3521967-03:00,23506,23788,51,
001214,32740,2026-09-23T17:34:59.3334084-03:00,2026-09-23T17:34:59.3340227-03:00,2026-09-23T17:34:59.3566382-03:00,22616,23230,00,
001215,16512,2026-09-23T17:34:59.3384084-03:00,2026-09-23T17:34:59.3390381-03:00,2026-09-23T17:34:59.3662647-03:00,27227,27856,00,
001216,41451,2026-09-23T17:34:59.3434084-03:00,2026-09-23T17:34:59.3438352-03:00,2026-09-23T17:34:59.3717032-03:00,27868,28295,51,
001217,32289,2026-09-23T17:34:59.3484084-03:00,2026-09-23T17:34:59.3489758-03:00,2026-09-23T17:34:59.3712672-03:00,22291,22859,00,
001218,11595,2026-09-23T17:34:59.3534084-03:00,2026-09-23T17:34:59.3542003-03:00,2026-09-23T17:34:59.3780955-03:00,23895,24687,00,
001219,576,2026-09-23T17:34:59.3584084-03:00,2026-09-23T17:34:59.3588059-03:00,2026-09-23T17:34:59.3839525-03:00,25147,25544,00,
001220,12781,2026-09-23T17:34:59.3634084-03:00,2026-09-23T17:34:59.3635243-03:00,2026-09-23T17:34:59.3897287-03:00,26204,26320,00,
001221,37114,2026-09-23T17:34:59.3684084-03:00,2026-09-23T17:34:59.3688419-03:00,2026-09-23T17:34:59.403961-03:00,35119,35553,51,
001222,23912,2026-09-23T17:34:59.3734084-03:00,2026-09-23T17:34:59.3736779-03:00,2026-09-23T17:34:59.4083352-03:00,34657,34927,00,
001223,9899,2026-09-23T17:34:59.3784084-03:00,2026-09-23T17:34:59.3791082-03:00,2026-09-23T17:34:59.4298558-03:00,50748,51447,00,
001224,42797,2026-09-23T17:34:59.3834084-03:00,2026-09-23T17:34:59.3838813-03:00,2026-09-23T17:34:59.4083153-03:00,24434,24907,00,
001225,39900,2026-09-23T17:34:59.3884084-03:00,2026-09-23T17:34:59.3886068-03:00,2026-09-23T17:34:59.4132436-03:00,24637,24835,00,
001226,41749,2026-09-23T17:34:59.3934084-03:00,2026-09-23T17:34:59.3935914-03:00,2026-09-23T17:34:59.4246053-03:00,31014,31197,00,
001227,1116,2026-09-23T17:34:59.3984084-03:00,2026-09-23T17:34:59.3986998-03:00,2026-09-23T17:34:59.4364933-03:00,37794,38085,00,
001228,44943,2026-09-23T17:34:59.4034084-03:00,2026-09-23T17:34:59.4038871-03:00,2026-09-23T17:34:59.4277371-03:00,23850,24329,00,
001229,26858,2026-09-23T17:34:59.4084084-03:00,2026-09-23T17:34:59.4086342-03:00,2026-09-23T17:34:59.446612-03:00,37978,38204,00,
001230,10587,2026-09-23T17:34:59.4134084-03:00,2026-09-23T17:34:59.4136556-03:00,2026-09-23T17:34:59.4394391-03:00,25784,26031,00,
001231,21186,2026-09-23T17:34:59.4184084-03:00,2026-09-23T17:34:59.4186926-03:00,2026-09-23T17:34:59.4560943-03:00,37402,37686,00,
001232,10506,2026-09-23T17:34:59.4234084-03:00,2026-09-23T17:34:59.423901-03:00,2026-09-23T17:34:59.4576641-03:00,33763,34256,00,
001233,35056,2026-09-23T17:34:59.4284084-03:00,2026-09-23T17:34:59.4287573-03:00,2026-09-23T17:34:59.4667844-03:00,38027,38376,00,
001234,18749,2026-09-23T17:34:59.4334084-03:00,2026-09-23T17:34:59.4338542-03:00,2026-09-23T17:34:59.4582154-03:00,24361,24807,00,
001235,6464,2026-09-23T17:34:59.4384084-03:00,2026-09-23T17:34:59.4392495-03:00,2026-09-23T17:34:59.4634252-03:00,24176,25017,51,
001236,21775,2026-09-23T17:34:59.4434084-03:00,2026-09-23T17:34:59.4438691-03:00,2026-09-23T17:34:59.4656066-03:00,21738,22198,51,
001237,40161,2026-09-23T17:34:59.4484084-03:00,2026-09-23T17:34:59.4486716-03:00,2026-09-23T17:34:59.473728-03:00,25056,25320,00,
001238,25963,2026-09-23T17:34:59.4534084-03:00,2026-09-23T17:34:59.4538342-03:00,2026-09-23T17:34:59.4817025-03:00,27868,28294,00,
001239,33673,2026-09-23T17:34:59.4584084-03:00,2026-09-23T17:34:59.4586594-03:00,2026-09-23T17:34:59.4816964-03:00,23037,23288,00,
001240,17388,2026-09-23T17:34:59.4634084-03:00,2026-09-23T17:34:59.4638862-03:00,2026-09-23T17:34:59.5052413-03:00,41355,41833,00,
001241,40047,2026-09-23T17:34:59.4684084-03:00,2026-09-23T17:34:59.468838-03:00,2026-09-23T17:34:59.4953074-03:00,26469,26899,00,
001242,47574,2026-09-23T17:34:59.4734084-03:00,2026-09-23T17:34:59.4735704-03:00,2026-09-23T17:34:59.5009839-03:00,27414,27576,51,
001243,10822,2026-09-23T17:34:59.4784084-03:00,2026-09-23T17:34:59.4789273-03:00,2026-09-23T17:34:59.5044232-03:00,25496,26015,51,
001244,15167,2026-09-23T17:34:59.4834084-03:00,2026-09-23T17:34:59.4837749-03:00,2026-09-23T17:34:59.5069054-03:00,23131,23497,14,
001245,4946,2026-09-23T17:34:59.4884084-03:00,2026-09-23T17:34:59.4888539-03:00,2026-09-23T17:34:59.5149381-03:00,26084,26530,00,
001246,36658,2026-09-23T17:34:59.4934084-03:00,2026-09-23T17:34:59.4935713-03:00,2026-09-23T17:34:59.5276441-03:00,34073,34236,05,
001247,5320,2026-09-23T17:34:59.4984084-03:00,2026-09-23T17:34:59.4988063-03:00,2026-09-23T17:34:59.5324281-03:00,33622,34020,14,
001248,19344,2026-09-23T17:34:59.5034084-03:00,2026-09-23T17:34:59.5040744-03:00,2026-09-23T17:34:59.5376584-03:00,33584,34250,14,
001249,36453,2026-09-23T17:34:59.5084084-03:00,2026-09-23T17:34:59.5091438-03:00,2026-09-23T17:34:59.5312381-03:00,22094,22830,00,
001250,31337,2026-09-23T17:34:59.5134084-03:00,2026-09-23T17:34:59.5137437-03:00,2026-09-23T17:34:59.5465388-03:00,32795,33130,00,
001251,30196,2026-09-23T17:34:59.5184084-03:00,2026-09-23T17:34:59.5190083-03:00,2026-09-23T17:34:59.5483023-03:00,29294,29894,14,
001252,38247,2026-09-23T17:34:59.5234084-03:00,2026-09-23T17:34:59.5236323-03:00,2026-09-23T17:34:59.5477005-03:00,24068,24292,00,
001253,40092,2026-09-23T17:34:59.5284084-03:00,2026-09-23T17:34:59.5290647-03:00,2026-09-23T17:34:59.5520033-03:00,22939,23595,00,
001254,40712,2026-09-23T17:34:59.5334084-03:00,2026-09-23T17:34:59.5339826-03:00,2026-09-23T17:34:59.5598062-03:00,25824,26398,00,
001255,17716,2026-09-23T17:34:59.5384084-03:00,2026-09-23T17:34:59.538667-03:00,2026-09-23T17:34:59.5780056-03:00,39339,39597,00,
001256,27306,2026-09-23T17:34:59.5434084-03:00,2026-09-23T17:34:59.5437929-03:00,2026-09-23T17:34:59.5736276-03:00,29835,30219,00,
001257,39230,2026-09-23T17:34:59.5484084-03:00,2026-09-23T17:34:59.5487645-03:00,2026-09-23T17:34:59.5800705-03:00,31306,31662,00,
001258,7951,2026-09-23T17:34:59.5534084-03:00,2026-09-23T17:34:59.5540601-03:00,2026-09-23T17:34:59.5789839-03:00,24924,25576,00,
001259,37837,2026-09-23T17:34:59.5584084-03:00,2026-09-23T17:34:59.5585687-03:00,2026-09-23T17:34:59.5984508-03:00,39882,40042,05,
001260,21970,2026-09-23T17:34:59.5634084-03:00,2026-09-23T17:34:59.5638792-03:00,2026-09-23T17:34:59.5867506-03:00,22871,23342,00,
001261,1057,2026-09-23T17:34:59.5684084-03:00,2026-09-23T17:34:59.5685465-03:00,2026-09-23T17:34:59.6139465-03:00,45400,45538,00,
001262,17622,2026-09-23T17:34:59.5734084-03:00,2026-09-23T17:34:59.5742961-03:00,2026-09-23T17:34:59.6021226-03:00,27827,28714,00,
001263,40038,2026-09-23T17:34:59.5784084-03:00,2026-09-23T17:34:59.5789095-03:00,2026-09-23T17:34:59.6343911-03:00,55482,55983,00,
001264,6624,2026-09-23T17:34:59.5834084-03:00,2026-09-23T17:34:59.584056-03:00,2026-09-23T17:34:59.6151843-03:00,31128,31776,14,
001265,28432,2026-09-23T17:34:59.5884084-03:00,2026-09-23T17:34:59.5887897-03:00,2026-09-23T17:34:59.6214951-03:00,32705,33087,00,
001266,37815,2026-09-23T17:34:59.5934084-03:00,2026-09-23T17:34:59.5936631-03:00,2026-09-23T17:34:59.6283426-03:00,34680,34934,00,
001267,45728,2026-09-23T17:34:59.5984084-03:00,2026-09-23T17:34:59.5988916-03:00,2026-09-23T17:34:59.6267515-03:00,27860,28343,00,
001268,27263,2026-09-23T17:34:59.6034084-03:00,2026-09-23T17:34:59.6037199-03:00,2026-09-23T17:34:59.6344374-03:00,30718,31029,14,
001269,18491,2026-09-23T17:34:59.6084084-03:00,2026-09-23T17:34:59.6089615-03:00,2026-09-23T17:34:59.634448-03:00,25487,26040,00,
001270,44092,2026-09-23T17:34:59.6134084-03:00,2026-09-23T17:34:59.6137979-03:00,2026-09-23T17:34:59.6542404-03:00,40443,40832,00,
001271,44826,2026-09-23T17:34:59.6184084-03:00,2026-09-23T17:34:59.6186693-03:00,2026-09-23T17:34:59.6459947-03:00,27325,27586,91,
001272,36810,2026-09-23T17:34:59.6234084-03:00,2026-09-23T17:34:59.6260494-03:00,2026-09-23T17:34:59.6491275-03:00,23078,25719,00,
001273,40531,2026-09-23T17:34:59.6284084-03:00,2026-09-23T17:34:59.6281074-03:00,2026-09-23T17:34:59.6547822-03:00,26675,26374,05,
001274,11343,2026-09-23T17:34:59.6334084-03:00,2026-09-23T17:34:59.6338419-03:00,2026-09-23T17:34:59.6558363-03:00,21994,22428,91,
001275,14717,2026-09-23T17:34:59.6384084-03:00,2026-09-23T17:34:59.6388674-03:00,2026-09-23T17:34:59.6659062-03:00,27039,27498,14,
001276,32400,2026-09-23T17:34:59.6434084-03:00,2026-09-23T17:34:59.6438146-03:00,2026-09-23T17:34:59.6669431-03:00,23129,23535,00,
001277,27416,2026-09-23T17:34:59.6484084-03:00,2026-09-23T17:34:59.6490437-03:00,2026-09-23T17:34:59.6748171-03:00,25773,26409,00,
001278,2227,2026-09-23T17:34:59.6534084-03:00,2026-09-23T17:34:59.6536722-03:00,2026-09-23T17:34:59.6785885-03:00,24916,25180,05,
001279,1838,2026-09-23T17:34:59.6584084-03:00,2026-09-23T17:34:59.659086-03:00,2026-09-23T17:34:59.6872437-03:00,28158,28835,00,
001280,26092,2026-09-23T17:34:59.6634084-03:00,2026-09-23T17:34:59.6637076-03:00,2026-09-23T17:34:59.6872515-03:00,23544,23843,05,
001281,10400,2026-09-23T17:34:59.6684084-03:00,2026-09-23T17:34:59.6690024-03:00,2026-09-23T17:34:59.693847-03:00,24845,25439,51,
001282,14658,2026-09-23T17:34:59.6734084-03:00,2026-09-23T17:34:59.6736372-03:00,2026-09-23T17:34:59.6974722-03:00,23835,24064,00,
001283,40156,2026-09-23T17:34:59.6784084-03:00,2026-09-23T17:34:59.6786147-03:00,2026-09-23T17:34:59.7339974-03:00,55383,55589,00,
001284,34219,2026-09-23T17:34:59.6834084-03:00,2026-09-23T17:34:59.6835553-03:00,2026-09-23T17:34:59.7088461-03:00,25291,25438,00,
001285,8370,2026-09-23T17:34:59.6884084-03:00,2026-09-23T17:34:59.688844-03:00,2026-09-23T17:34:59.7345744-03:00,45730,46166,00,
001286,31747,2026-09-23T17:34:59.6934084-03:00,2026-09-23T17:34:59.693791-03:00,2026-09-23T17:34:59.7187939-03:00,25003,25386,00,
001287,25663,2026-09-23T17:34:59.6984084-03:00,2026-09-23T17:34:59.6985134-03:00,2026-09-23T17:34:59.7271299-03:00,28617,28722,00,
001288,14117,2026-09-23T17:34:59.7034084-03:00,2026-09-23T17:34:59.7036127-03:00,2026-09-23T17:34:59.7619547-03:00,58342,58546,00,
001289,990,2026-09-23T17:34:59.7084084-03:00,2026-09-23T17:34:59.7087126-03:00,2026-09-23T17:34:59.7431518-03:00,34439,34743,00,
001290,45356,2026-09-23T17:34:59.7134084-03:00,2026-09-23T17:34:59.713935-03:00,2026-09-23T17:34:59.7445656-03:00,30631,31157,00,
001291,24407,2026-09-23T17:34:59.7184084-03:00,2026-09-23T17:34:59.7185987-03:00,2026-09-23T17:34:59.743175-03:00,24576,24767,00,
001292,12716,2026-09-23T17:34:59.7234084-03:00,2026-09-23T17:34:59.7238387-03:00,2026-09-23T17:34:59.7456936-03:00,21855,22285,14,
001293,14161,2026-09-23T17:34:59.7284084-03:00,2026-09-23T17:34:59.72867-03:00,2026-09-23T17:34:59.7713411-03:00,42671,42933,00,
001294,10555,2026-09-23T17:34:59.7334084-03:00,2026-09-23T17:34:59.733891-03:00,2026-09-23T17:34:59.7569438-03:00,23053,23535,00,
001295,4074,2026-09-23T17:34:59.7384084-03:00,2026-09-23T17:34:59.7387814-03:00,2026-09-23T17:34:59.7607874-03:00,22006,22379,00,
001296,20874,2026-09-23T17:34:59.7434084-03:00,2026-09-23T17:34:59.7439704-03:00,2026-09-23T17:34:59.7756545-03:00,31684,32246,00,
001297,2407,2026-09-23T17:34:59.7484084-03:00,2026-09-23T17:34:59.7487387-03:00,2026-09-23T17:34:59.7735553-03:00,24817,25147,00,
001298,45154,2026-09-23T17:34:59.7534084-03:00,2026-09-23T17:34:59.7542662-03:00,2026-09-23T17:34:59.7906515-03:00,36385,37243,00,
001299,31468,2026-09-23T17:34:59.7584084-03:00,2026-09-23T17:34:59.7585591-03:00,2026-09-23T17:34:59.7822892-03:00,23730,23881,00,
001300,2276,2026-09-23T17:34:59.7634084-03:00,2026-09-23T17:34:59.764039-03:00,2026-09-23T17:34:59.7916393-03:00,27600,28231,00,
001301,3553,2026-09-23T17:34:59.7684084-03:00,2026-09-23T17:34:59.7686652-03:00,2026-09-23T17:34:59.7959004-03:00,27235,27492,00,
001302,12150,2026-09-23T17:34:59.7734084-03:00,2026-09-23T17:34:59.7739613-03:00,2026-09-23T17:34:59.7959028-03:00,21942,22494,00,
001303,16770,2026-09-23T17:34:59.7784084-03:00,2026-09-23T17:34:59.779101-03:00,2026-09-23T17:34:59.823691-03:00,44590,45283,00,
001304,15640,2026-09-23T17:34:59.7834084-03:00,2026-09-23T17:34:59.7838527-03:00,2026-09-23T17:34:59.8371358-03:00,53283,53727,00,
001305,13695,2026-09-23T17:34:59.7884084-03:00,2026-09-23T17:34:59.7889533-03:00,2026-09-23T17:34:59.8114489-03:00,22496,23041,00,
001306,8991,2026-09-23T17:34:59.7934084-03:00,2026-09-23T17:34:59.7937167-03:00,2026-09-23T17:34:59.8167687-03:00,23052,23360,00,
001307,36965,2026-09-23T17:34:59.7984084-03:00,2026-09-23T17:34:59.798938-03:00,2026-09-23T17:34:59.8424215-03:00,43484,44013,00,
001308,21220,2026-09-23T17:34:59.8034084-03:00,2026-09-23T17:34:59.8035382-03:00,2026-09-23T17:34:59.8307657-03:00,27228,27357,00,
001309,2317,2026-09-23T17:34:59.8084084-03:00,2026-09-23T17:34:59.808647-03:00,2026-09-23T17:34:59.8318449-03:00,23198,23437,00,
001310,18730,2026-09-23T17:34:59.8134084-03:00,2026-09-23T17:34:59.8140213-03:00,2026-09-23T17:34:59.8764541-03:00,62433,63046,00,
001311,10530,2026-09-23T17:34:59.8184084-03:00,2026-09-23T17:34:59.8188449-03:00,2026-09-23T17:34:59.8457982-03:00,26953,27390,00,
001312,20945,2026-09-23T17:34:59.8234084-03:00,2026-09-23T17:34:59.8236133-03:00,2026-09-23T17:34:59.8463699-03:00,22757,22962,00,
001313,35776,2026-09-23T17:34:59.8284084-03:00,2026-09-23T17:34:59.829029-03:00,2026-09-23T17:34:59.8590502-03:00,30021,30642,00,
001314,9841,2026-09-23T17:34:59.8334084-03:00,2026-09-23T17:34:59.8338838-03:00,2026-09-23T17:34:59.8553993-03:00,21516,21991,00,
001315,8077,2026-09-23T17:34:59.8384084-03:00,2026-09-23T17:34:59.8387508-03:00,2026-09-23T17:34:59.8657777-03:00,27027,27369,51,
001316,49557,2026-09-23T17:34:59.8434084-03:00,2026-09-23T17:34:59.8440515-03:00,2026-09-23T17:34:59.8688961-03:00,24845,25488,00,
001317,44139,2026-09-23T17:34:59.8484084-03:00,2026-09-23T17:34:59.8489041-03:00,2026-09-23T17:34:59.9127307-03:00,63827,64322,00,
001318,23880,2026-09-23T17:34:59.8534084-03:00,2026-09-23T17:34:59.8535713-03:00,2026-09-23T17:34:59.8764754-03:00,22904,23067,00,
001319,37092,2026-09-23T17:34:59.8584084-03:00,2026-09-23T17:34:59.8589669-03:00,2026-09-23T17:34:59.8826482-03:00,23681,24240,00,
001320,12052,2026-09-23T17:34:59.8634084-03:00,2026-09-23T17:34:59.8636006-03:00,2026-09-23T17:34:59.8880361-03:00,24436,24628,00,
001321,3712,2026-09-23T17:34:59.8684084-03:00,2026-09-23T17:34:59.8688302-03:00,2026-09-23T17:34:59.8916671-03:00,22837,23259,00,
001322,15964,2026-09-23T17:34:59.8734084-03:00,2026-09-23T17:34:59.8736638-03:00,2026-09-23T17:34:59.8979745-03:00,24311,24566,14,
001323,21663,2026-09-23T17:34:59.8784084-03:00,2026-09-23T17:34:59.8789646-03:00,2026-09-23T17:34:59.9011756-03:00,22211,22767,00,
001324,19693,2026-09-23T17:34:59.8834084-03:00,2026-09-23T17:34:59.8836864-03:00,2026-09-23T17:34:59.9058551-03:00,22169,22447,00,
001325,48686,2026-09-23T17:34:59.8884084-03:00,2026-09-23T17:34:59.8890085-03:00,2026-09-23T17:34:59.9193061-03:00,30298,30898,00,
001326,39877,2026-09-23T17:34:59.8934084-03:00,2026-09-23T17:34:59.8937331-03:00,2026-09-23T17:34:59.9160317-03:00,22299,22623,00,
001327,18403,2026-09-23T17:34:59.8984084-03:00,2026-09-23T17:34:59.8989515-03:00,2026-09-23T17:34:59.9218988-03:00,22947,23490,00,
001328,47255,2026-09-23T17:34:59.9034084-03:00,2026-09-23T17:34:59.9036692-03:00,2026-09-23T17:34:59.9310221-03:00,27353,27614,00,
001329,13049,2026-09-23T17:34:59.9084084-03:00,2026-09-23T17:34:59.9089617-03:00,2026-09-23T17:34:59.9440329-03:00,35071,35625,00,
001330,48989,2026-09-23T17:34:59.9134084-03:00,2026-09-23T17:34:59.9138093-03:00,2026-09-23T17:34:59.9352048-03:00,21396,21796,00,
001331,44808,2026-09-23T17:34:59.9184084-03:00,2026-09-23T17:34:59.918705-03:00,2026-09-23T17:34:59.9472002-03:00,28495,28792,14,
001332,35685,2026-09-23T17:34:59.9234084-03:00,2026-09-23T17:34:59.9239699-03:00,2026-09-23T17:34:59.9471802-03:00,23210,23772,00,
001333,37227,2026-09-23T17:34:59.9284084-03:00,2026-09-23T17:34:59.9288229-03:00,2026-09-23T17:34:59.9648586-03:00,36036,36450,05,
001334,7672,2026-09-23T17:34:59.9334084-03:00,2026-09-23T17:34:59.9340886-03:00,2026-09-23T17:35:00.0017662-03:00,67678,68358,00,
001335,632,2026-09-23T17:34:59.9384084-03:00,2026-09-23T17:34:59.938736-03:00,2026-09-23T17:34:59.9861747-03:00,47439,47766,91,
001336,32736,2026-09-23T17:34:59.9434084-03:00,2026-09-23T17:34:59.9439294-03:00,2026-09-23T17:34:59.9792308-03:00,35301,35822,00,
001337,32240,2026-09-23T17:34:59.9484084-03:00,2026-09-23T17:34:59.9488243-03:00,2026-09-23T17:34:59.970552-03:00,21728,22144,00,
001338,46502,2026-09-23T17:34:59.9534084-03:00,2026-09-23T17:34:59.9542119-03:00,2026-09-23T17:34:59.9778332-03:00,23621,24425,00,
001339,10058,2026-09-23T17:34:59.9584084-03:00,2026-09-23T17:34:59.958881-03:00,2026-09-23T17:34:59.9813389-03:00,22458,22931,00,
001340,1617,2026-09-23T17:34:59.9634084-03:00,2026-09-23T17:34:59.9636736-03:00,2026-09-23T17:34:59.9867284-03:00,23055,23320,00,
001341,12496,2026-09-23T17:34:59.9684084-03:00,2026-09-23T17:34:59.9688805-03:00,2026-09-23T17:34:59.9938746-03:00,24994,25466,00,
001342,43797,2026-09-23T17:34:59.9734084-03:00,2026-09-23T17:34:59.9736024-03:00,2026-09-23T17:35:00.0022356-03:00,28633,28827,00,
001343,48218,2026-09-23T17:34:59.9784084-03:00,2026-09-23T17:34:59.9788647-03:00,2026-09-23T17:35:00.0071721-03:00,28307,28764,00,
001344,34205,2026-09-23T17:34:59.9834084-03:00,2026-09-23T17:34:59.9838498-03:00,2026-09-23T17:35:00.0106274-03:00,26778,27219,00,
001345,5426,2026-09-23T17:34:59.9884084-03:00,2026-09-23T17:34:59.9887092-03:00,2026-09-23T17:35:00.0136535-03:00,24944,25245,05,
001346,26389,2026-09-23T17:34:59.9934084-03:00,2026-09-23T17:34:59.9937593-03:00,2026-09-23T17:35:00.0262407-03:00,32481,32832,00,
001347,32290,2026-09-23T17:34:59.9984084-03:00,2026-09-23T17:34:59.9991235-03:00,2026-09-23T17:35:00.0363576-03:00,37234,37949,51,
001348,47316,2026-09-23T17:35:00.0034084-03:00,2026-09-23T17:35:00.003703-03:00,2026-09-23T17:35:00.032009-03:00,28306,28601,91,
001349,33522,2026-09-23T17:35:00.0084084-03:00,2026-09-23T17:35:00.0105076-03:00,2026-09-23T17:35:00.0374522-03:00,26945,29044,00,
001350,16457,2026-09-23T17:35:00.0134084-03:00,2026-09-23T17:35:00.0136803-03:00,2026-09-23T17:35:00.0358023-03:00,22122,22394,14,
001351,24668,2026-09-23T17:35:00.0184084-03:00,2026-09-23T17:35:00.0190383-03:00,2026-09-23T17:35:00.0492092-03:00,30171,30801,00,
001352,11509,2026-09-23T17:35:00.0234084-03:00,2026-09-23T17:35:00.0241221-03:00,2026-09-23T17:35:00.047578-03:00,23456,24170,00,
001353,32322,2026-09-23T17:35:00.0284084-03:00,2026-09-23T17:35:00.0287929-03:00,2026-09-23T17:35:00.0625641-03:00,33771,34156,00,
001354,22894,2026-09-23T17:35:00.0334084-03:00,2026-09-23T17:35:00.0340464-03:00,2026-09-23T17:35:00.0695946-03:00,35548,36186,00,
001355,28745,2026-09-23T17:35:00.0384084-03:00,2026-09-23T17:35:00.0390079-03:00,2026-09-23T17:35:00.065854-03:00,26846,27446,00,
001356,36750,2026-09-23T17:35:00.0434084-03:00,2026-09-23T17:35:00.0438953-03:00,2026-09-23T17:35:00.069002-03:00,25107,25594,00,
001357,9069,2026-09-23T17:35:00.0484084-03:00,2026-09-23T17:35:00.0486293-03:00,2026-09-23T17:35:00.0784579-03:00,29829,30050,14,
001358,48346,2026-09-23T17:35:00.0534084-03:00,2026-09-23T17:35:00.0536862-03:00,2026-09-23T17:35:00.0888085-03:00,35122,35400,00,
001359,681,2026-09-23T17:35:00.0584084-03:00,2026-09-23T17:35:00.0587747-03:00,2026-09-23T17:35:00.0975985-03:00,38824,39190,00,
001360,24610,2026-09-23T17:35:00.0634084-03:00,2026-09-23T17:35:00.0641139-03:00,2026-09-23T17:35:00.0949884-03:00,30875,31580,00,
001361,47497,2026-09-23T17:35:00.0684084-03:00,2026-09-23T17:35:00.0689298-03:00,2026-09-23T17:35:00.1139062-03:00,44976,45498,00,
001362,10240,2026-09-23T17:35:00.0734084-03:00,2026-09-23T17:35:00.0737201-03:00,2026-09-23T17:35:00.0970016-03:00,23282,23593,00,
001363,27492,2026-09-23T17:35:00.0784084-03:00,2026-09-23T17:35:00.0788825-03:00,2026-09-23T17:35:00.1032349-03:00,24352,24827,00,
001364,15866,2026-09-23T17:35:00.0834084-03:00,2026-09-23T17:35:00.0835158-03:00,2026-09-23T17:35:00.1192165-03:00,35701,35808,00,
001365,34912,2026-09-23T17:35:00.0884084-03:00,2026-09-23T17:35:00.0887037-03:00,2026-09-23T17:35:00.134621-03:00,45917,46213,00,
001366,9296,2026-09-23T17:35:00.0934084-03:00,2026-09-23T17:35:00.0938806-03:00,2026-09-23T17:35:00.1267192-03:00,32839,33311,00,
001367,37245,2026-09-23T17:35:00.0984084-03:00,2026-09-23T17:35:00.0990505-03:00,2026-09-23T17:35:00.1346389-03:00,35588,36231,00,
001368,21813,2026-09-23T17:35:00.1034084-03:00,2026-09-23T17:35:00.103644-03:00,2026-09-23T17:35:00.1319624-03:00,28318,28554,00,
001369,31520,2026-09-23T17:35:00.1084084-03:00,2026-09-23T17:35:00.114087-03:00,2026-09-23T17:35:00.1656981-03:00,51611,57290,00,
001370,17354,2026-09-23T17:35:00.1134084-03:00,2026-09-23T17:35:00.1139348-03:00,2026-09-23T17:35:00.1598791-03:00,45944,46471,00,
001371,11468,2026-09-23T17:35:00.1184084-03:00,2026-09-23T17:35:00.1192464-03:00,2026-09-23T17:35:00.165728-03:00,46482,47320,00,
001372,17986,2026-09-23T17:35:00.1234084-03:00,2026-09-23T17:35:00.126747-03:00,2026-09-23T17:35:00.160011-03:00,33264,36603,00,
001373,10667,2026-09-23T17:35:00.1284084-03:00,2026-09-23T17:35:00.1303055-03:00,2026-09-23T17:35:00.1600246-03:00,29719,31616,14,
001374,29810,2026-09-23T17:35:00.1334084-03:00,2026-09-23T17:35:00.134658-03:00,2026-09-23T17:35:00.1657152-03:00,31057,32307,00,
001375,3239,2026-09-23T17:35:00.1384084-03:00,2026-09-23T17:35:00.140174-03:00,2026-09-23T17:35:00.1867836-03:00,46610,48375,00,
001376,32027,2026-09-23T17:35:00.1434084-03:00,2026-09-23T17:35:00.1492165-03:00,2026-09-23T17:35:00.1826169-03:00,33400,39209,00,
001377,4865,2026-09-23T17:35:00.1484084-03:00,2026-09-23T17:35:00.1490554-03:00,2026-09-23T17:35:00.190539-03:00,41484,42131,00,
001378,6200,2026-09-23T17:35:00.1534084-03:00,2026-09-23T17:35:00.1566457-03:00,2026-09-23T17:35:00.1826347-03:00,25989,29226,00,
001379,27380,2026-09-23T17:35:00.1584084-03:00,2026-09-23T17:35:00.1598992-03:00,2026-09-23T17:35:00.2043856-03:00,44486,45977,00,
001380,39262,2026-09-23T17:35:00.1634084-03:00,2026-09-23T17:35:00.164318-03:00,2026-09-23T17:35:00.2449759-03:00,80658,81568,00,
001381,44385,2026-09-23T17:35:00.1684084-03:00,2026-09-23T17:35:00.1683338-03:00,2026-09-23T17:35:00.2065672-03:00,38233,38159,51,
001382,31824,2026-09-23T17:35:00.1734084-03:00,2026-09-23T17:35:00.1761059-03:00,2026-09-23T17:35:00.2110535-03:00,34948,37645,00,
001383,6566,2026-09-23T17:35:00.1784084-03:00,2026-09-23T17:35:00.1824551-03:00,2026-09-23T17:35:00.2345248-03:00,52070,56116,00,
001384,6866,2026-09-23T17:35:00.1834084-03:00,2026-09-23T17:35:00.1864362-03:00,2026-09-23T17:35:00.2344943-03:00,48058,51086,00,
001385,11851,2026-09-23T17:35:00.1884084-03:00,2026-09-23T17:35:00.1902742-03:00,2026-09-23T17:35:00.2217313-03:00,31457,33323,00,
001386,18204,2026-09-23T17:35:00.1934084-03:00,2026-09-23T17:35:00.1965075-03:00,2026-09-23T17:35:00.2345603-03:00,38053,41152,00,
001387,31925,2026-09-23T17:35:00.1984084-03:00,2026-09-23T17:35:00.1966259-03:00,2026-09-23T17:35:00.2345469-03:00,37921,36139,51,
001388,29309,2026-09-23T17:35:00.2034084-03:00,2026-09-23T17:35:00.2044161-03:00,2026-09-23T17:35:00.2321379-03:00,27722,28730,00,
001389,2308,2026-09-23T17:35:00.2084084-03:00,2026-09-23T17:35:00.2110844-03:00,2026-09-23T17:35:00.2345929-03:00,23509,26185,00,
001390,472,2026-09-23T17:35:00.2134084-03:00,2026-09-23T17:35:00.2139745-03:00,2026-09-23T17:35:00.2471718-03:00,33197,33763,00,
001391,25719,2026-09-23T17:35:00.2184084-03:00,2026-09-23T17:35:00.2184561-03:00,2026-09-23T17:35:00.245004-03:00,26548,26596,00,
001392,43616,2026-09-23T17:35:00.2234084-03:00,2026-09-23T17:35:00.2281017-03:00,2026-09-23T17:35:00.2580413-03:00,29940,34633,00,
001393,22739,2026-09-23T17:35:00.2284084-03:00,2026-09-23T17:35:00.2321655-03:00,2026-09-23T17:35:00.255428-03:00,23263,27020,00,
001394,18848,2026-09-23T17:35:00.2334084-03:00,2026-09-23T17:35:00.234104-03:00,2026-09-23T17:35:00.2644369-03:00,30333,31029,05,
001395,12256,2026-09-23T17:35:00.2384084-03:00,2026-09-23T17:35:00.2390578-03:00,2026-09-23T17:35:00.2667259-03:00,27668,28318,05,
001396,1952,2026-09-23T17:35:00.2434084-03:00,2026-09-23T17:35:00.2450283-03:00,2026-09-23T17:35:00.2683046-03:00,23276,24896,00,
001397,5990,2026-09-23T17:35:00.2484084-03:00,2026-09-23T17:35:00.2491099-03:00,2026-09-23T17:35:00.2713658-03:00,22256,22957,00,
001398,3179,2026-09-23T17:35:00.2534084-03:00,2026-09-23T17:35:00.253724-03:00,2026-09-23T17:35:00.2857977-03:00,32074,32389,14,
001399,12733,2026-09-23T17:35:00.2584084-03:00,2026-09-23T17:35:00.2588354-03:00,2026-09-23T17:35:00.2801258-03:00,21290,21717,00,
001400,26542,2026-09-23T17:35:00.2634084-03:00,2026-09-23T17:35:00.2641404-03:00,2026-09-23T17:35:00.29099-03:00,26850,27582,00,
001401,32001,2026-09-23T17:35:00.2684084-03:00,2026-09-23T17:35:00.2687589-03:00,2026-09-23T17:35:00.294113-03:00,25354,25705,00,
001402,49077,2026-09-23T17:35:00.2734084-03:00,2026-09-23T17:35:00.2738347-03:00,2026-09-23T17:35:00.3047912-03:00,30957,31383,00,
001403,44503,2026-09-23T17:35:00.2784084-03:00,2026-09-23T17:35:00.2789649-03:00,2026-09-23T17:35:00.3572603-03:00,78295,78852,00,
001404,23221,2026-09-23T17:35:00.2834084-03:00,2026-09-23T17:35:00.2836443-03:00,2026-09-23T17:35:00.3125135-03:00,28869,29105,00,
001405,27310,2026-09-23T17:35:00.2884084-03:00,2026-09-23T17:35:00.2888672-03:00,2026-09-23T17:35:00.3186669-03:00,29800,30259,00,
001406,2247,2026-09-23T17:35:00.2934084-03:00,2026-09-23T17:35:00.2935445-03:00,2026-09-23T17:35:00.3165948-03:00,23050,23186,00,
001407,43639,2026-09-23T17:35:00.2984084-03:00,2026-09-23T17:35:00.2985869-03:00,2026-09-23T17:35:00.3245057-03:00,25919,26097,00,
001408,46221,2026-09-23T17:35:00.3034084-03:00,2026-09-23T17:35:00.303657-03:00,2026-09-23T17:35:00.3307735-03:00,27117,27365,00,
001409,8078,2026-09-23T17:35:00.3084084-03:00,2026-09-23T17:35:00.3089375-03:00,2026-09-23T17:35:00.3624505-03:00,53513,54042,00,
001410,10792,2026-09-23T17:35:00.3134084-03:00,2026-09-23T17:35:00.3139466-03:00,2026-09-23T17:35:00.3394162-03:00,25470,26008,00,
001411,20925,2026-09-23T17:35:00.3184084-03:00,2026-09-23T17:35:00.318596-03:00,2026-09-23T17:35:00.3508715-03:00,32276,32463,00,
001412,25215,2026-09-23T17:35:00.3234084-03:00,2026-09-23T17:35:00.3237064-03:00,2026-09-23T17:35:00.3508528-03:00,27146,27444,00,
001413,21289,2026-09-23T17:35:00.3284084-03:00,2026-09-23T17:35:00.3290412-03:00,2026-09-23T17:35:00.3589856-03:00,29944,30577,00,
001414,865,2026-09-23T17:35:00.3334084-03:00,2026-09-23T17:35:00.3337533-03:00,2026-09-23T17:35:00.3689365-03:00,35183,35528,00,
001415,28023,2026-09-23T17:35:00.3384084-03:00,2026-09-23T17:35:00.3388193-03:00,2026-09-23T17:35:00.3768625-03:00,38043,38454,00,
001416,26222,2026-09-23T17:35:00.3434084-03:00,2026-09-23T17:35:00.3441069-03:00,2026-09-23T17:35:00.3664265-03:00,22320,23018,00,
001417,29723,2026-09-23T17:35:00.3484084-03:00,2026-09-23T17:35:00.3487224-03:00,2026-09-23T17:35:00.3741204-03:00,25398,25712,00,
001418,31516,2026-09-23T17:35:00.3534084-03:00,2026-09-23T17:35:00.3538788-03:00,2026-09-23T17:35:00.3767609-03:00,22882,23353,00,
001419,22039,2026-09-23T17:35:00.3584084-03:00,2026-09-23T17:35:00.3588723-03:00,2026-09-23T17:35:00.3801024-03:00,21230,21694,00,
001420,38419,2026-09-23T17:35:00.3634084-03:00,2026-09-23T17:35:00.3638476-03:00,2026-09-23T17:35:00.4009147-03:00,37067,37506,00,
001421,11466,2026-09-23T17:35:00.3684084-03:00,2026-09-23T17:35:00.3688691-03:00,2026-09-23T17:35:00.3967754-03:00,27906,28367,00,
001422,31627,2026-09-23T17:35:00.3734084-03:00,2026-09-23T17:35:00.3740397-03:00,2026-09-23T17:35:00.3998525-03:00,25813,26444,00,
001423,26411,2026-09-23T17:35:00.3784084-03:00,2026-09-23T17:35:00.378824-03:00,2026-09-23T17:35:00.403502-03:00,24678,25094,00,
001424,8733,2026-09-23T17:35:00.3834084-03:00,2026-09-23T17:35:00.38405-03:00,2026-09-23T17:35:00.4105469-03:00,26497,27139,51,
001425,15877,2026-09-23T17:35:00.3884084-03:00,2026-09-23T17:35:00.3886152-03:00,2026-09-23T17:35:00.4105554-03:00,21940,22147,00,
001426,35616,2026-09-23T17:35:00.3934084-03:00,2026-09-23T17:35:00.3936149-03:00,2026-09-23T17:35:00.4242714-03:00,30657,30863,00,
001427,46713,2026-09-23T17:35:00.3984084-03:00,2026-09-23T17:35:00.3987734-03:00,2026-09-23T17:35:00.4281304-03:00,29357,29722,00,
001428,9054,2026-09-23T17:35:00.4034084-03:00,2026-09-23T17:35:00.4039372-03:00,2026-09-23T17:35:00.4342222-03:00,30285,30814,00,
001429,26674,2026-09-23T17:35:00.4084084-03:00,2026-09-23T17:35:00.4087284-03:00,2026-09-23T17:35:00.4300742-03:00,21346,21666,51,
001430,4710,2026-09-23T17:35:00.4134084-03:00,2026-09-23T17:35:00.4140311-03:00,2026-09-23T17:35:00.4694624-03:00,55431,56054,00,
001431,7091,2026-09-23T17:35:00.4184084-03:00,2026-09-23T17:35:00.4185953-03:00,2026-09-23T17:35:00.465182-03:00,46587,46774,00,
001432,27521,2026-09-23T17:35:00.4234084-03:00,2026-09-23T17:35:00.4236739-03:00,2026-09-23T17:35:00.4454934-03:00,21820,22085,00,
001433,883,2026-09-23T17:35:00.4284084-03:00,2026-09-23T17:35:00.4294102-03:00,2026-09-23T17:35:00.4557074-03:00,26297,27299,00,
001434,43436,2026-09-23T17:35:00.4334084-03:00,2026-09-23T17:35:00.4341312-03:00,2026-09-23T17:35:00.4621444-03:00,28013,28736,00,
001435,15365,2026-09-23T17:35:00.4384084-03:00,2026-09-23T17:35:00.4387696-03:00,2026-09-23T17:35:00.462106-03:00,23336,23698,00,
001436,19652,2026-09-23T17:35:00.4434084-03:00,2026-09-23T17:35:00.4437341-03:00,2026-09-23T17:35:00.4720787-03:00,28345,28670,51,
001437,27797,2026-09-23T17:35:00.4484084-03:00,2026-09-23T17:35:00.4489651-03:00,2026-09-23T17:35:00.472072-03:00,23107,23664,00,
001438,4151,2026-09-23T17:35:00.4534084-03:00,2026-09-23T17:35:00.4535169-03:00,2026-09-23T17:35:00.4809327-03:00,27416,27524,00,
001439,28114,2026-09-23T17:35:00.4584084-03:00,2026-09-23T17:35:00.4617743-03:00,2026-09-23T17:35:00.4956085-03:00,33834,37200,00,
001440,999,2026-09-23T17:35:00.4634084-03:00,2026-09-23T17:35:00.4637971-03:00,2026-09-23T17:35:00.4876259-03:00,23829,24218,00,
001441,17362,2026-09-23T17:35:00.4684084-03:00,2026-09-23T17:35:00.4686976-03:00,2026-09-23T17:35:00.5271925-03:00,58495,58784,00,
001442,46389,2026-09-23T17:35:00.4734084-03:00,2026-09-23T17:35:00.4736745-03:00,2026-09-23T17:35:00.5018873-03:00,28213,28479,00,
001443,49667,2026-09-23T17:35:00.4784084-03:00,2026-09-23T17:35:00.4785678-03:00,2026-09-23T17:35:00.5019054-03:00,23338,23497,00,
001444,34602,2026-09-23T17:35:00.4834084-03:00,2026-09-23T17:35:00.4839477-03:00,2026-09-23T17:35:00.5057168-03:00,21769,22308,00,
001445,48577,2026-09-23T17:35:00.4884084-03:00,2026-09-23T17:35:00.4886796-03:00,2026-09-23T17:35:00.5141779-03:00,25498,25770,00,
001446,46095,2026-09-23T17:35:00.4934084-03:00,2026-09-23T17:35:00.4939149-03:00,2026-09-23T17:35:00.5298852-03:00,35970,36477,00,
001447,14579,2026-09-23T17:35:00.4984084-03:00,2026-09-23T17:35:00.4986468-03:00,2026-09-23T17:35:00.521101-03:00,22454,22693,00,
001448,41292,2026-09-23T17:35:00.5034084-03:00,2026-09-23T17:35:00.5039921-03:00,2026-09-23T17:35:00.5330088-03:00,29017,29600,00,
001449,28511,2026-09-23T17:35:00.5084084-03:00,2026-09-23T17:35:00.5091397-03:00,2026-09-23T17:35:00.5329933-03:00,23854,24585,00,
001450,45101,2026-09-23T17:35:00.5134084-03:00,2026-09-23T17:35:00.5138984-03:00,2026-09-23T17:35:00.5829307-03:00,69032,69522,00,
001451,15996,2026-09-23T17:35:00.5184084-03:00,2026-09-23T17:35:00.5189063-03:00,2026-09-23T17:35:00.5613375-03:00,42431,42929,00,
001452,44382,2026-09-23T17:35:00.5234084-03:00,2026-09-23T17:35:00.5236748-03:00,2026-09-23T17:35:00.5497855-03:00,26111,26377,51,
001453,4054,2026-09-23T17:35:00.5284084-03:00,2026-09-23T17:35:00.5286935-03:00,2026-09-23T17:35:00.5596927-03:00,30999,31284,51,
001454,1158,2026-09-23T17:35:00.5334084-03:00,2026-09-23T17:35:00.5340291-03:00,2026-09-23T17:35:00.5793025-03:00,45273,45894,00,
001455,40303,2026-09-23T17:35:00.5384084-03:00,2026-09-23T17:35:00.5386228-03:00,2026-09-23T17:35:00.5624119-03:00,23789,24004,00,
001456,26167,2026-09-23T17:35:00.5434084-03:00,2026-09-23T17:35:00.5439619-03:00,2026-09-23T17:35:00.5661733-03:00,22211,22765,00,
001457,13556,2026-09-23T17:35:00.5484084-03:00,2026-09-23T17:35:00.548577-03:00,2026-09-23T17:35:00.5828928-03:00,34316,34484,14,
001458,41495,2026-09-23T17:35:00.5534084-03:00,2026-09-23T17:35:00.5538939-03:00,2026-09-23T17:35:00.5803823-03:00,26488,26974,00,
001459,49139,2026-09-23T17:35:00.5584084-03:00,2026-09-23T17:35:00.5585476-03:00,2026-09-23T17:35:00.5951599-03:00,36612,36752,00,
001460,38811,2026-09-23T17:35:00.5634084-03:00,2026-09-23T17:35:00.5640178-03:00,2026-09-23T17:35:00.5885734-03:00,24556,25165,00,
001461,44901,2026-09-23T17:35:00.5684084-03:00,2026-09-23T17:35:00.5687326-03:00,2026-09-23T17:35:00.59125-03:00,22517,22842,00,
001462,38950,2026-09-23T17:35:00.5734084-03:00,2026-09-23T17:35:00.5738454-03:00,2026-09-23T17:35:00.6055788-03:00,31733,32170,00,
001463,18373,2026-09-23T17:35:00.5784084-03:00,2026-09-23T17:35:00.5786302-03:00,2026-09-23T17:35:00.6142094-03:00,35579,35801,00,
001464,47891,2026-09-23T17:35:00.5834084-03:00,2026-09-23T17:35:00.5839395-03:00,2026-09-23T17:35:00.6071535-03:00,23214,23745,91,
001465,41879,2026-09-23T17:35:00.5884084-03:00,2026-09-23T17:35:00.5885043-03:00,2026-09-23T17:35:00.6188122-03:00,30308,30404,00,
001466,4437,2026-09-23T17:35:00.5934084-03:00,2026-09-23T17:35:00.5939124-03:00,2026-09-23T17:35:00.6806833-03:00,86771,87275,00,
001467,19713,2026-09-23T17:35:00.5984084-03:00,2026-09-23T17:35:00.5987166-03:00,2026-09-23T17:35:00.6372231-03:00,38507,38815,00,
001468,49362,2026-09-23T17:35:00.6034084-03:00,2026-09-23T17:35:00.6038477-03:00,2026-09-23T17:35:00.6309531-03:00,27105,27545,00,
001469,43555,2026-09-23T17:35:00.6084084-03:00,2026-09-23T17:35:00.6088874-03:00,2026-09-23T17:35:00.6451196-03:00,36232,36711,00,
001470,24392,2026-09-23T17:35:00.6134084-03:00,2026-09-23T17:35:00.6135977-03:00,2026-09-23T17:35:00.6424157-03:00,28818,29007,00,
001471,44654,2026-09-23T17:35:00.6184084-03:00,2026-09-23T17:35:00.6187396-03:00,2026-09-23T17:35:00.6487453-03:00,30006,30337,00,
001472,7090,2026-09-23T17:35:00.6234084-03:00,2026-09-23T17:35:00.6238963-03:00,2026-09-23T17:35:00.6497784-03:00,25882,26370,00,
001473,24545,2026-09-23T17:35:00.6284084-03:00,2026-09-23T17:35:00.6286997-03:00,2026-09-23T17:35:00.6518328-03:00,23133,23424,00,
001474,44954,2026-09-23T17:35:00.6334084-03:00,2026-09-23T17:35:00.6340042-03:00,2026-09-23T17:35:00.6629735-03:00,28969,29565,00,
001475,26238,2026-09-23T17:35:00.6384084-03:00,2026-09-23T17:35:00.6387519-03:00,2026-09-23T17:35:00.6650905-03:00,26339,26682,00,
001476,37431,2026-09-23T17:35:00.6434084-03:00,2026-09-23T17:35:00.6439447-03:00,2026-09-23T17:35:00.6682512-03:00,24307,24843,00,
001477,17220,2026-09-23T17:35:00.6484084-03:00,2026-09-23T17:35:00.6486606-03:00,2026-09-23T17:35:00.6806668-03:00,32006,32258,00,
001478,9591,2026-09-23T17:35:00.6534084-03:00,2026-09-23T17:35:00.6538727-03:00,2026-09-23T17:35:00.6756241-03:00,21751,22216,00,
001479,22566,2026-09-23T17:35:00.6584084-03:00,2026-09-23T17:35:00.6590559-03:00,2026-09-23T17:35:00.6870052-03:00,27949,28597,00,
001480,4511,2026-09-23T17:35:00.6634084-03:00,2026-09-23T17:35:00.6639146-03:00,2026-09-23T17:35:00.6887176-03:00,24803,25309,00,
001481,47719,2026-09-23T17:35:00.6684084-03:00,2026-09-23T17:35:00.6687359-03:00,2026-09-23T17:35:00.6941399-03:00,25404,25732,00,
001482,41517,2026-09-23T17:35:00.6734084-03:00,2026-09-23T17:35:00.6738618-03:00,2026-09-23T17:35:00.6973236-03:00,23462,23915,00,
001483,42707,2026-09-23T17:35:00.6784084-03:00,2026-09-23T17:35:00.6788696-03:00,2026-09-23T17:35:00.7190517-03:00,40182,40643,00,
001484,26443,2026-09-23T17:35:00.6834084-03:00,2026-09-23T17:35:00.6837934-03:00,2026-09-23T17:35:00.7291475-03:00,45354,45739,00,
001485,35634,2026-09-23T17:35:00.6884084-03:00,2026-09-23T17:35:00.6885829-03:00,2026-09-23T17:35:00.7139582-03:00,25375,25550,00,
001486,22212,2026-09-23T17:35:00.6934084-03:00,2026-09-23T17:35:00.6935763-03:00,2026-09-23T17:35:00.7216542-03:00,28078,28246,00,
001487,41595,2026-09-23T17:35:00.6984084-03:00,2026-09-23T17:35:00.6988501-03:00,2026-09-23T17:35:00.7227034-03:00,23853,24295,00,
001488,8152,2026-09-23T17:35:00.7034084-03:00,2026-09-23T17:35:00.703954-03:00,2026-09-23T17:35:00.739961-03:00,36007,36553,00,
001489,41171,2026-09-23T17:35:00.7084084-03:00,2026-09-23T17:35:00.70856-03:00,2026-09-23T17:35:00.7399498-03:00,31390,31541,05,
001490,31323,2026-09-23T17:35:00.7134084-03:00,2026-09-23T17:35:00.7138364-03:00,2026-09-23T17:35:00.7785402-03:00,64704,65132,00,
001491,10652,2026-09-23T17:35:00.7184084-03:00,2026-09-23T17:35:00.7189596-03:00,2026-09-23T17:35:00.7439359-03:00,24976,25528,00,
001492,23132,2026-09-23T17:35:00.7234084-03:00,2026-09-23T17:35:00.7237561-03:00,2026-09-23T17:35:00.7498459-03:00,26090,26438,00,
001493,2150,2026-09-23T17:35:00.7284084-03:00,2026-09-23T17:35:00.7291718-03:00,2026-09-23T17:35:00.7600149-03:00,30843,31607,51,
001494,35525,2026-09-23T17:35:00.7334084-03:00,2026-09-23T17:35:00.7339668-03:00,2026-09-23T17:35:00.7571696-03:00,23203,23761,00,
001495,42702,2026-09-23T17:35:00.7384084-03:00,2026-09-23T17:35:00.7387491-03:00,2026-09-23T17:35:00.7626492-03:00,23900,24241,00,
001496,23217,2026-09-23T17:35:00.7434084-03:00,2026-09-23T17:35:00.7437921-03:00,2026-09-23T17:35:00.8089528-03:00,65161,65544,00,
001497,40355,2026-09-23T17:35:00.7484084-03:00,2026-09-23T17:35:00.749145-03:00,2026-09-23T17:35:00.7817992-03:00,32654,33391,00,
001498,4832,2026-09-23T17:35:00.7534084-03:00,2026-09-23T17:35:00.7538948-03:00,2026-09-23T17:35:00.7751115-03:00,21217,21703,00,
001499,12013,2026-09-23T17:35:00.7584084-03:00,2026-09-23T17:35:00.7587893-03:00,2026-09-23T17:35:00.7806868-03:00,21898,22278,00,
001500,31770,2026-09-23T17:35:00.7634084-03:00,2026-09-23T17:35:00.7640405-03:00,2026-09-23T17:35:00.7859845-03:00,21944,22576,00,
001501,49422,2026-09-23T17:35:00.7684084-03:00,2026-09-23T17:35:00.7686452-03:00,2026-09-23T17:35:00.7937771-03:00,25132,25369,00,
001502,40638,2026-09-23T17:35:00.7734084-03:00,2026-09-23T17:35:00.7737247-03:00,2026-09-23T17:35:00.7970625-03:00,23338,23654,00,
001503,16597,2026-09-23T17:35:00.7784084-03:00,2026-09-23T17:35:00.778924-03:00,2026-09-23T17:35:00.8012738-03:00,22350,22865,14,
001504,12949,2026-09-23T17:35:00.7834084-03:00,2026-09-23T17:35:00.7837878-03:00,2026-09-23T17:35:00.8660644-03:00,82277,82656,00,
001505,43165,2026-09-23T17:35:00.7884084-03:00,2026-09-23T17:35:00.7890473-03:00,2026-09-23T17:35:00.8111619-03:00,22115,22754,51,
001506,5401,2026-09-23T17:35:00.7934084-03:00,2026-09-23T17:35:00.7936336-03:00,2026-09-23T17:35:00.835749-03:00,42115,42341,00,
001507,18267,2026-09-23T17:35:00.7984084-03:00,2026-09-23T17:35:00.7990911-03:00,2026-09-23T17:35:00.8240309-03:00,24940,25623,05,
001508,20621,2026-09-23T17:35:00.8034084-03:00,2026-09-23T17:35:00.8038051-03:00,2026-09-23T17:35:00.8313499-03:00,27545,27942,00,
001509,37654,2026-09-23T17:35:00.8084084-03:00,2026-09-23T17:35:00.8088626-03:00,2026-09-23T17:35:00.8493826-03:00,40520,40974,00,
001510,4587,2026-09-23T17:35:00.8134084-03:00,2026-09-23T17:35:00.8136783-03:00,2026-09-23T17:35:00.835732-03:00,22054,22324,00,
001511,779,2026-09-23T17:35:00.8184084-03:00,2026-09-23T17:35:00.8186825-03:00,2026-09-23T17:35:00.8493632-03:00,30681,30955,00,
001512,2859,2026-09-23T17:35:00.8234084-03:00,2026-09-23T17:35:00.8238577-03:00,2026-09-23T17:35:00.8537962-03:00,29939,30388,00,
001513,10381,2026-09-23T17:35:00.8284084-03:00,2026-09-23T17:35:00.8313798-03:00,2026-09-23T17:35:00.8880171-03:00,56637,59609,00,
001514,220,2026-09-23T17:35:00.8334084-03:00,2026-09-23T17:35:00.834521-03:00,2026-09-23T17:35:00.8660822-03:00,31561,32674,05,
001515,35264,2026-09-23T17:35:00.8384084-03:00,2026-09-23T17:35:00.8413178-03:00,2026-09-23T17:35:00.8700488-03:00,28731,31640,00,
001516,38057,2026-09-23T17:35:00.8434084-03:00,2026-09-23T17:35:00.8443473-03:00,2026-09-23T17:35:00.9288374-03:00,84490,85429,00,
001517,20849,2026-09-23T17:35:00.8484084-03:00,2026-09-23T17:35:00.8494028-03:00,2026-09-23T17:35:00.8842443-03:00,34842,35836,00,
001518,32847,2026-09-23T17:35:00.8534084-03:00,2026-09-23T17:35:00.8538253-03:00,2026-09-23T17:35:00.8842764-03:00,30451,30868,00,
001519,35282,2026-09-23T17:35:00.8584084-03:00,2026-09-23T17:35:00.8610059-03:00,2026-09-23T17:35:00.9113084-03:00,50303,52900,00,
001520,27258,2026-09-23T17:35:00.8634084-03:00,2026-09-23T17:35:00.8658766-03:00,2026-09-23T17:35:00.8982191-03:00,32343,34811,00,
001521,23357,2026-09-23T17:35:00.8684084-03:00,2026-09-23T17:35:00.8698998-03:00,2026-09-23T17:35:00.8980725-03:00,28173,29664,05,
001522,48453,2026-09-23T17:35:00.8734084-03:00,2026-09-23T17:35:00.8760122-03:00,2026-09-23T17:35:00.924298-03:00,48286,50890,00,
001523,17939,2026-09-23T17:35:00.8784084-03:00,2026-09-23T17:35:00.884145-03:00,2026-09-23T17:35:00.9201327-03:00,35988,41724,00,
001524,13306,2026-09-23T17:35:00.8834084-03:00,2026-09-23T17:35:00.8839886-03:00,2026-09-23T17:35:00.920113-03:00,36124,36705,00,
001525,27458,2026-09-23T17:35:00.8884084-03:00,2026-09-23T17:35:00.8900136-03:00,2026-09-23T17:35:00.9288561-03:00,38843,40448,00,
001526,21696,2026-09-23T17:35:00.8934084-03:00,2026-09-23T17:35:00.8942647-03:00,2026-09-23T17:35:00.9288708-03:00,34606,35462,00,
001527,9799,2026-09-23T17:35:00.8984084-03:00,2026-09-23T17:35:00.898094-03:00,2026-09-23T17:35:00.9242797-03:00,26186,25871,00,
001528,42657,2026-09-23T17:35:00.9034084-03:00,2026-09-23T17:35:00.9040924-03:00,2026-09-23T17:35:00.9344159-03:00,30324,31008,00,
001529,41134,2026-09-23T17:35:00.9084084-03:00,2026-09-23T17:35:00.9113384-03:00,2026-09-23T17:35:00.9522146-03:00,40876,43806,00,
001530,27589,2026-09-23T17:35:00.9134084-03:00,2026-09-23T17:35:00.9159797-03:00,2026-09-23T17:35:00.9521982-03:00,36219,38790,00,
001531,38590,2026-09-23T17:35:00.9184084-03:00,2026-09-23T17:35:00.9201533-03:00,2026-09-23T17:35:00.9522418-03:00,32089,33833,00,
001532,18562,2026-09-23T17:35:00.9234084-03:00,2026-09-23T17:35:00.9243178-03:00,2026-09-23T17:35:00.9524064-03:00,28089,28998,00,
001533,14715,2026-09-23T17:35:00.9284084-03:00,2026-09-23T17:35:00.9288916-03:00,2026-09-23T17:35:00.9779721-03:00,49081,49564,00,
001534,5326,2026-09-23T17:35:00.9334084-03:00,2026-09-23T17:35:00.9344442-03:00,2026-09-23T17:35:00.965125-03:00,30681,31717,00,
001535,25503,2026-09-23T17:35:00.9384084-03:00,2026-09-23T17:35:00.9390605-03:00,2026-09-23T17:35:00.9627716-03:00,23711,24363,00,
001536,36907,2026-09-23T17:35:00.9434084-03:00,2026-09-23T17:35:00.9501679-03:00,2026-09-23T17:35:00.9796599-03:00,29492,36252,00,
001537,32475,2026-09-23T17:35:00.9484084-03:00,2026-09-23T17:35:00.9500336-03:00,2026-09-23T17:35:00.9730445-03:00,23011,24636,00,
001538,4814,2026-09-23T17:35:00.9534084-03:00,2026-09-23T17:35:00.9542055-03:00,2026-09-23T17:35:00.99161-03:00,37405,38202,00,
001539,38386,2026-09-23T17:35:00.9584084-03:00,2026-09-23T17:35:00.9587672-03:00,2026-09-23T17:35:01.0011381-03:00,42371,42730,00,
001540,28807,2026-09-23T17:35:00.9634084-03:00,2026-09-23T17:35:00.9642273-03:00,2026-09-23T17:35:01.0175721-03:00,53345,54164,00,
001541,26738,2026-09-23T17:35:00.9684084-03:00,2026-09-23T17:35:00.9693189-03:00,2026-09-23T17:35:01.0091829-03:00,39864,40775,00,
001542,24436,2026-09-23T17:35:00.9734084-03:00,2026-09-23T17:35:00.973947-03:00,2026-09-23T17:35:01.0090664-03:00,35119,35658,00,
001543,41452,2026-09-23T17:35:00.9784084-03:00,2026-09-23T17:35:00.979698-03:00,2026-09-23T17:35:01.023603-03:00,43905,45195,00,
001544,34822,2026-09-23T17:35:00.9834084-03:00,2026-09-23T17:35:00.9845651-03:00,2026-09-23T17:35:01.0175408-03:00,32976,34132,00,
001545,46217,2026-09-23T17:35:00.9884084-03:00,2026-09-23T17:35:00.9893725-03:00,2026-09-23T17:35:01.0175593-03:00,28187,29151,00,
001546,32553,2026-09-23T17:35:00.9934084-03:00,2026-09-23T17:35:00.9947155-03:00,2026-09-23T17:35:01.0319765-03:00,37261,38568,91,
001547,28690,2026-09-23T17:35:00.9984084-03:00,2026-09-23T17:35:01.0011675-03:00,2026-09-23T17:35:01.0319555-03:00,30788,33547,00,
001548,27375,2026-09-23T17:35:01.0034084-03:00,2026-09-23T17:35:01.0071722-03:00,2026-09-23T17:35:01.0413733-03:00,34201,37965,00,
001549,4018,2026-09-23T17:35:01.0084084-03:00,2026-09-23T17:35:01.0090859-03:00,2026-09-23T17:35:01.1078661-03:00,98780,99458,00,
001550,45684,2026-09-23T17:35:01.0134084-03:00,2026-09-23T17:35:01.0143485-03:00,2026-09-23T17:35:01.0413389-03:00,26990,27931,00,
001551,35253,2026-09-23T17:35:01.0184084-03:00,2026-09-23T17:35:01.0193152-03:00,2026-09-23T17:35:01.0846384-03:00,65323,66230,00,
001552,3423,2026-09-23T17:35:01.0234084-03:00,2026-09-23T17:35:01.0320936-03:00,2026-09-23T17:35:01.0714907-03:00,39397,48082,00,
001553,43817,2026-09-23T17:35:01.0284084-03:00,2026-09-23T17:35:01.0320167-03:00,2026-09-23T17:35:01.0791501-03:00,47133,50742,00,
001554,14672,2026-09-23T17:35:01.0334084-03:00,2026-09-23T17:35:01.0378765-03:00,2026-09-23T17:35:01.0791317-03:00,41255,45723,91,
001555,165,2026-09-23T17:35:01.0384084-03:00,2026-09-23T17:35:01.041394-03:00,2026-09-23T17:35:01.0899218-03:00,48528,51513,00,
001556,43227,2026-09-23T17:35:01.0434084-03:00,2026-09-23T17:35:01.0452684-03:00,2026-09-23T17:35:01.0846558-03:00,39387,41247,00,
001557,44652,2026-09-23T17:35:01.0484084-03:00,2026-09-23T17:35:01.0493632-03:00,2026-09-23T17:35:01.0846849-03:00,35322,36277,51,
001558,28213,2026-09-23T17:35:01.0534084-03:00,2026-09-23T17:35:01.0544974-03:00,2026-09-23T17:35:01.089904-03:00,35407,36496,00,
001559,26600,2026-09-23T17:35:01.0584084-03:00,2026-09-23T17:35:01.0619301-03:00,2026-09-23T17:35:01.1660927-03:00,104163,107684,91,
001560,32174,2026-09-23T17:35:01.0634084-03:00,2026-09-23T17:35:01.071625-03:00,2026-09-23T17:35:01.1078912-03:00,36266,44483,00,
001561,34483,2026-09-23T17:35:01.0684084-03:00,2026-09-23T17:35:01.0715132-03:00,2026-09-23T17:35:01.1078789-03:00,36366,39471,00,
001562,29220,2026-09-23T17:35:01.0734084-03:00,2026-09-23T17:35:01.079277-03:00,2026-09-23T17:35:01.1140192-03:00,34742,40611,00,
001563,9080,2026-09-23T17:35:01.0784084-03:00,2026-09-23T17:35:01.0791713-03:00,2026-09-23T17:35:01.107847-03:00,28676,29439,00,
001564,26657,2026-09-23T17:35:01.0834084-03:00,2026-09-23T17:35:01.0844459-03:00,2026-09-23T17:35:01.1222674-03:00,37822,38859,00,
001565,19589,2026-09-23T17:35:01.0884084-03:00,2026-09-23T17:35:01.0889306-03:00,2026-09-23T17:35:01.1182462-03:00,29316,29838,00,
001566,22918,2026-09-23T17:35:01.0934084-03:00,2026-09-23T17:35:01.0961065-03:00,2026-09-23T17:35:01.1343403-03:00,38234,40932,00,
001567,19978,2026-09-23T17:35:01.0984084-03:00,2026-09-23T17:35:01.0995805-03:00,2026-09-23T17:35:01.1317094-03:00,32129,33301,00,
001568,4395,2026-09-23T17:35:01.1034084-03:00,2026-09-23T17:35:01.1079117-03:00,2026-09-23T17:35:01.1465845-03:00,38673,43176,00,
001569,13296,2026-09-23T17:35:01.1084084-03:00,2026-09-23T17:35:01.1138779-03:00,2026-09-23T17:35:01.1466185-03:00,32741,38210,91,
001570,6012,2026-09-23T17:35:01.1134084-03:00,2026-09-23T17:35:01.1137953-03:00,2026-09-23T17:35:01.174826-03:00,61031,61418,00,
001571,24185,2026-09-23T17:35:01.1184084-03:00,2026-09-23T17:35:01.1182725-03:00,2026-09-23T17:35:01.1466015-03:00,28329,28193,00,
001572,32527,2026-09-23T17:35:01.1234084-03:00,2026-09-23T17:35:01.1269193-03:00,2026-09-23T17:35:01.1558424-03:00,28923,32434,51,
001573,41281,2026-09-23T17:35:01.1284084-03:00,2026-09-23T17:35:01.1302941-03:00,2026-09-23T17:35:01.1558824-03:00,25588,27474,05,
001574,15871,2026-09-23T17:35:01.1334084-03:00,2026-09-23T17:35:01.1337183-03:00,2026-09-23T17:35:01.1661114-03:00,32393,32703,00,
001575,23662,2026-09-23T17:35:01.1384084-03:00,2026-09-23T17:35:01.1403322-03:00,2026-09-23T17:35:01.1748417-03:00,34510,36433,00,
001576,34388,2026-09-23T17:35:01.1434084-03:00,2026-09-23T17:35:01.143609-03:00,2026-09-23T17:35:01.1705167-03:00,26908,27108,00,
001577,33243,2026-09-23T17:35:01.1484084-03:00,2026-09-23T17:35:01.1504039-03:00,2026-09-23T17:35:01.1807223-03:00,30318,32314,00,
001578,17168,2026-09-23T17:35:01.1534084-03:00,2026-09-23T17:35:01.1559026-03:00,2026-09-23T17:35:01.180704-03:00,24801,27296,00,
001579,11317,2026-09-23T17:35:01.1584084-03:00,2026-09-23T17:35:01.15821-03:00,2026-09-23T17:35:01.1847214-03:00,26511,26313,00,
001580,40865,2026-09-23T17:35:01.1634084-03:00,2026-09-23T17:35:01.1661306-03:00,2026-09-23T17:35:01.2208349-03:00,54704,57427,51,
001581,40114,2026-09-23T17:35:01.1684084-03:00,2026-09-23T17:35:01.1705438-03:00,2026-09-23T17:35:01.1981816-03:00,27638,29773,00,
001582,26579,2026-09-23T17:35:01.1734084-03:00,2026-09-23T17:35:01.1742911-03:00,2026-09-23T17:35:01.1983261-03:00,24035,24918,51,
001583,38196,2026-09-23T17:35:01.1784084-03:00,2026-09-23T17:35:01.1807433-03:00,2026-09-23T17:35:01.2334027-03:00,52659,54994,05,
001584,5171,2026-09-23T17:35:01.1834084-03:00,2026-09-23T17:35:01.184579-03:00,2026-09-23T17:35:01.220816-03:00,36237,37408,51,
001585,16154,2026-09-23T17:35:01.1884084-03:00,2026-09-23T17:35:01.1893769-03:00,2026-09-23T17:35:01.2551383-03:00,65761,66730,00,
001586,33882,2026-09-23T17:35:01.1934084-03:00,2026-09-23T17:35:01.1957478-03:00,2026-09-23T17:35:01.2271433-03:00,31396,33735,14,
001587,48532,2026-09-23T17:35:01.1984084-03:00,2026-09-23T17:35:01.2024841-03:00,2026-09-23T17:35:01.2334656-03:00,30982,35057,00,
001588,8608,2026-09-23T17:35:01.2034084-03:00,2026-09-23T17:35:01.2029034-03:00,2026-09-23T17:35:01.2333544-03:00,30451,29946,00,
001589,22248,2026-09-23T17:35:01.2084084-03:00,2026-09-23T17:35:01.2114789-03:00,2026-09-23T17:35:01.255162-03:00,43683,46754,00,
001590,12965,2026-09-23T17:35:01.2134084-03:00,2026-09-23T17:35:01.2165585-03:00,2026-09-23T17:35:01.259915-03:00,43357,46507,00,
001591,34622,2026-09-23T17:35:01.2184084-03:00,2026-09-23T17:35:01.2188155-03:00,2026-09-23T17:35:01.2409643-03:00,22149,22556,00,
001592,18159,2026-09-23T17:35:01.2234084-03:00,2026-09-23T17:35:01.2271726-03:00,2026-09-23T17:35:01.259936-03:00,32763,36528,00,
001593,48387,2026-09-23T17:35:01.2284084-03:00,2026-09-23T17:35:01.2307979-03:00,2026-09-23T17:35:01.2551223-03:00,24324,26714,00,
001594,3769,2026-09-23T17:35:01.2334084-03:00,2026-09-23T17:35:01.2334895-03:00,2026-09-23T17:35:01.2678305-03:00,34341,34422,00,
001595,33718,2026-09-23T17:35:01.2384084-03:00,2026-09-23T17:35:01.238792-03:00,2026-09-23T17:35:01.2718676-03:00,33076,33459,00,
001596,22618,2026-09-23T17:35:01.2434084-03:00,2026-09-23T17:35:01.2437124-03:00,2026-09-23T17:35:01.2739154-03:00,30203,30507,00,
001597,31341,2026-09-23T17:35:01.2484084-03:00,2026-09-23T17:35:01.2497587-03:00,2026-09-23T17:35:01.2815899-03:00,31831,33182,00,
001598,41867,2026-09-23T17:35:01.2534084-03:00,2026-09-23T17:35:01.2527997-03:00,2026-09-23T17:35:01.2940216-03:00,41222,40613,00,
001599,34906,2026-09-23T17:35:01.2584084-03:00,2026-09-23T17:35:01.2599579-03:00,2026-09-23T17:35:01.2842211-03:00,24263,25813,00,
001600,4276,2026-09-23T17:35:01.2634084-03:00,2026-09-23T17:35:01.2650921-03:00,2026-09-23T17:35:01.2890793-03:00,23987,25671,00,
001601,22249,2026-09-23T17:35:01.2684084-03:00,2026-09-23T17:35:01.2695615-03:00,2026-09-23T17:35:01.2962151-03:00,26654,27807,00,
001602,40425,2026-09-23T17:35:01.2734084-03:00,2026-09-23T17:35:01.275884-03:00,2026-09-23T17:35:01.2973096-03:00,21426,23901,00,
001603,3492,2026-09-23T17:35:01.2784084-03:00,2026-09-23T17:35:01.2781105-03:00,2026-09-23T17:35:01.302472-03:00,24362,24064,91,
001604,7534,2026-09-23T17:35:01.2834084-03:00,2026-09-23T17:35:01.2830887-03:00,2026-09-23T17:35:01.3530023-03:00,69914,69594,00,
001605,44327,2026-09-23T17:35:01.2884084-03:00,2026-09-23T17:35:01.2890133-03:00,2026-09-23T17:35:01.3152983-03:00,26285,26890,00,
001606,512,2026-09-23T17:35:01.2934084-03:00,2026-09-23T17:35:01.2938857-03:00,2026-09-23T17:35:01.3241315-03:00,30246,30723,00,
001607,13782,2026-09-23T17:35:01.2984084-03:00,2026-09-23T17:35:01.2988059-03:00,2026-09-23T17:35:01.3210802-03:00,22274,22672,00,
001608,2869,2026-09-23T17:35:01.3034084-03:00,2026-09-23T17:35:01.3039987-03:00,2026-09-23T17:35:01.3392027-03:00,35204,35794,00,
001609,38258,2026-09-23T17:35:01.3084084-03:00,2026-09-23T17:35:01.3085661-03:00,2026-09-23T17:35:01.3615301-03:00,52964,53122,00,
001610,15886,2026-09-23T17:35:01.3134084-03:00,2026-09-23T17:35:01.3136441-03:00,2026-09-23T17:35:01.3360491-03:00,22405,22641,51,
001611,18293,2026-09-23T17:35:01.3184084-03:00,2026-09-23T17:35:01.3188686-03:00,2026-09-23T17:35:01.3412485-03:00,22380,22840,00,
001612,26325,2026-09-23T17:35:01.3234084-03:00,2026-09-23T17:35:01.3240645-03:00,2026-09-23T17:35:01.3471242-03:00,23060,23716,00,
001613,6127,2026-09-23T17:35:01.3284084-03:00,2026-09-23T17:35:01.3287414-03:00,2026-09-23T17:35:01.3550603-03:00,26319,26652,00,
001614,6775,2026-09-23T17:35:01.3334084-03:00,2026-09-23T17:35:01.3338743-03:00,2026-09-23T17:35:01.3576234-03:00,23749,24215,00,
001615,35217,2026-09-23T17:35:01.3384084-03:00,2026-09-23T17:35:01.3386056-03:00,2026-09-23T17:35:01.3603581-03:00,21753,21950,00,
001616,35839,2026-09-23T17:35:01.3434084-03:00,2026-09-23T17:35:01.3437999-03:00,2026-09-23T17:35:01.4115151-03:00,67715,68107,51,
001617,21776,2026-09-23T17:35:01.3484084-03:00,2026-09-23T17:35:01.3490976-03:00,2026-09-23T17:35:01.3860558-03:00,36958,37647,00,
001618,16272,2026-09-23T17:35:01.3534084-03:00,2026-09-23T17:35:01.3539187-03:00,2026-09-23T17:35:01.3774153-03:00,23497,24007,14,
001619,23006,2026-09-23T17:35:01.3584084-03:00,2026-09-23T17:35:01.358638-03:00,2026-09-23T17:35:01.3822334-03:00,23595,23825,00,
001620,38299,2026-09-23T17:35:01.3634084-03:00,2026-09-23T17:35:01.3639914-03:00,2026-09-23T17:35:01.3969855-03:00,32994,33577,14,
001621,24978,2026-09-23T17:35:01.3684084-03:00,2026-09-23T17:35:01.3685985-03:00,2026-09-23T17:35:01.4075827-03:00,38984,39174,00,
001622,35696,2026-09-23T17:35:01.3734084-03:00,2026-09-23T17:35:01.3737367-03:00,2026-09-23T17:35:01.3954169-03:00,21680,22009,00,
001623,19363,2026-09-23T17:35:01.3784084-03:00,2026-09-23T17:35:01.3789458-03:00,2026-09-23T17:35:01.4020393-03:00,23094,23631,00,
001624,5801,2026-09-23T17:35:01.3834084-03:00,2026-09-23T17:35:01.3837765-03:00,2026-09-23T17:35:01.4059244-03:00,22148,22516,00,
001625,25341,2026-09-23T17:35:01.3884084-03:00,2026-09-23T17:35:01.3890674-03:00,2026-09-23T17:35:01.411545-03:00,22478,23137,91,
001626,29547,2026-09-23T17:35:01.3934084-03:00,2026-09-23T17:35:01.3939529-03:00,2026-09-23T17:35:01.4291523-03:00,35199,35744,00,
001627,26742,2026-09-23T17:35:01.3984084-03:00,2026-09-23T17:35:01.3987018-03:00,2026-09-23T17:35:01.4198917-03:00,21190,21483,00,
001628,15374,2026-09-23T17:35:01.4034084-03:00,2026-09-23T17:35:01.404167-03:00,2026-09-23T17:35:01.4333039-03:00,29137,29896,00,
001629,8181,2026-09-23T17:35:01.4084084-03:00,2026-09-23T17:35:01.4091205-03:00,2026-09-23T17:35:01.4387153-03:00,29595,30307,14,
001630,27085,2026-09-23T17:35:01.4134084-03:00,2026-09-23T17:35:01.4141562-03:00,2026-09-23T17:35:01.4513137-03:00,37158,37905,00,
001631,21794,2026-09-23T17:35:01.4184084-03:00,2026-09-23T17:35:01.4188081-03:00,2026-09-23T17:35:01.4443786-03:00,25571,25970,00,
001632,1523,2026-09-23T17:35:01.4234084-03:00,2026-09-23T17:35:01.4235629-03:00,2026-09-23T17:35:01.4513204-03:00,27758,27912,05,
001633,34501,2026-09-23T17:35:01.4284084-03:00,2026-09-23T17:35:01.4290115-03:00,2026-09-23T17:35:01.4579663-03:00,28955,29558,00,
001634,34267,2026-09-23T17:35:01.4334084-03:00,2026-09-23T17:35:01.433697-03:00,2026-09-23T17:35:01.4705664-03:00,36869,37158,00,
001635,42894,2026-09-23T17:35:01.4384084-03:00,2026-09-23T17:35:01.4387438-03:00,2026-09-23T17:35:01.4649272-03:00,26183,26519,05,
001636,13236,2026-09-23T17:35:01.4434084-03:00,2026-09-23T17:35:01.4432485-03:00,2026-09-23T17:35:01.481025-03:00,37777,37617,00,
001637,44547,2026-09-23T17:35:01.4484084-03:00,2026-09-23T17:35:01.4492033-03:00,2026-09-23T17:35:01.4740606-03:00,24857,25652,14,
001638,46894,2026-09-23T17:35:01.4534084-03:00,2026-09-23T17:35:01.4537855-03:00,2026-09-23T17:35:01.487718-03:00,33933,34310,00,
001639,13230,2026-09-23T17:35:01.4584084-03:00,2026-09-23T17:35:01.4588793-03:00,2026-09-23T17:35:01.481025-03:00,22146,22617,00,
001640,1283,2026-09-23T17:35:01.4634084-03:00,2026-09-23T17:35:01.4638246-03:00,2026-09-23T17:35:01.4953527-03:00,31528,31944,00,
001641,17594,2026-09-23T17:35:01.4684084-03:00,2026-09-23T17:35:01.4689295-03:00,2026-09-23T17:35:01.5251294-03:00,56200,56721,00,
001642,44671,2026-09-23T17:35:01.4734084-03:00,2026-09-23T17:35:01.4740023-03:00,2026-09-23T17:35:01.5057317-03:00,31729,32323,00,
001643,35807,2026-09-23T17:35:01.4784084-03:00,2026-09-23T17:35:01.4790598-03:00,2026-09-23T17:35:01.5287178-03:00,49658,50309,00,
001644,40796,2026-09-23T17:35:01.4834084-03:00,2026-09-23T17:35:01.4840594-03:00,2026-09-23T17:35:01.5068239-03:00,22765,23416,00,
001645,12818,2026-09-23T17:35:01.4884084-03:00,2026-09-23T17:35:01.4887402-03:00,2026-09-23T17:35:01.5407806-03:00,52040,52372,00,
001646,5926,2026-09-23T17:35:01.4934084-03:00,2026-09-23T17:35:01.4941592-03:00,2026-09-23T17:35:01.5571781-03:00,63019,63770,00,
001647,41032,2026-09-23T17:35:01.4984084-03:00,2026-09-23T17:35:01.4983195-03:00,2026-09-23T17:35:01.5229771-03:00,24658,24569,00,
001648,39555,2026-09-23T17:35:01.5034084-03:00,2026-09-23T17:35:01.5035691-03:00,2026-09-23T17:35:01.541796-03:00,38227,38388,00,
001649,31092,2026-09-23T17:35:01.5084084-03:00,2026-09-23T17:35:01.5088597-03:00,2026-09-23T17:35:01.543049-03:00,34189,34641,00,
001650,5051,2026-09-23T17:35:01.5134084-03:00,2026-09-23T17:35:01.5140321-03:00,2026-09-23T17:35:01.5396251-03:00,25593,26217,00,
001651,47923,2026-09-23T17:35:01.5184084-03:00,2026-09-23T17:35:01.5186623-03:00,2026-09-23T17:35:01.547021-03:00,28359,28613,00,
001652,46165,2026-09-23T17:35:01.5234084-03:00,2026-09-23T17:35:01.5240603-03:00,2026-09-23T17:35:01.5484444-03:00,24384,25036,05,
001653,9901,2026-09-23T17:35:01.5284084-03:00,2026-09-23T17:35:01.5286274-03:00,2026-09-23T17:35:01.5571692-03:00,28542,28761,00,
001654,28227,2026-09-23T17:35:01.5334084-03:00,2026-09-23T17:35:01.5337614-03:00,2026-09-23T17:35:01.562656-03:00,28895,29248,00,
001655,26140,2026-09-23T17:35:01.5384084-03:00,2026-09-23T17:35:01.5388435-03:00,2026-09-23T17:35:01.5676218-03:00,28778,29213,00,
001656,32612,2026-09-23T17:35:01.5434084-03:00,2026-09-23T17:35:01.5443623-03:00,2026-09-23T17:35:01.5711821-03:00,26820,27774,51,
001657,45379,2026-09-23T17:35:01.5484084-03:00,2026-09-23T17:35:01.5488833-03:00,2026-09-23T17:35:01.571199-03:00,22316,22791,00,
001658,6059,2026-09-23T17:35:01.5534084-03:00,2026-09-23T17:35:01.5539667-03:00,2026-09-23T17:35:01.5806295-03:00,26663,27221,00,
001659,28285,2026-09-23T17:35:01.5584084-03:00,2026-09-23T17:35:01.5587368-03:00,2026-09-23T17:35:01.5873154-03:00,28579,28907,00,
001660,34354,2026-09-23T17:35:01.5634084-03:00,2026-09-23T17:35:01.5640368-03:00,2026-09-23T17:35:01.6003915-03:00,36355,36983,00,
001661,16042,2026-09-23T17:35:01.5684084-03:00,2026-09-23T17:35:01.5685665-03:00,2026-09-23T17:35:01.59205-03:00,23484,23642,00,
001662,14804,2026-09-23T17:35:01.5734084-03:00,2026-09-23T17:35:01.5736334-03:00,2026-09-23T17:35:01.605072-03:00,31439,31664,00,
001663,13474,2026-09-23T17:35:01.5784084-03:00,2026-09-23T17:35:01.578971-03:00,2026-09-23T17:35:01.6125135-03:00,33543,34105,51,
001664,19546,2026-09-23T17:35:01.5834084-03:00,2026-09-23T17:35:01.5836444-03:00,2026-09-23T17:35:01.6103619-03:00,26718,26954,00,
001665,18748,2026-09-23T17:35:01.5884084-03:00,2026-09-23T17:35:01.5888342-03:00,2026-09-23T17:35:01.6200264-03:00,31192,31618,00,
001666,26052,2026-09-23T17:35:01.5934084-03:00,2026-09-23T17:35:01.5939848-03:00,2026-09-23T17:35:01.6173184-03:00,23334,23910,00,
001667,4871,2026-09-23T17:35:01.5984084-03:00,2026-09-23T17:35:01.5987491-03:00,2026-09-23T17:35:01.6242404-03:00,25491,25832,00,
001668,9959,2026-09-23T17:35:01.6034084-03:00,2026-09-23T17:35:01.6039122-03:00,2026-09-23T17:35:01.6305357-03:00,26624,27127,00,
001669,31067,2026-09-23T17:35:01.6084084-03:00,2026-09-23T17:35:01.6085906-03:00,2026-09-23T17:35:01.7289371-03:00,120347,120529,00,
001670,1858,2026-09-23T17:35:01.6134084-03:00,2026-09-23T17:35:01.6140767-03:00,2026-09-23T17:35:01.6363575-03:00,22281,22949,00,
001671,32285,2026-09-23T17:35:01.6184084-03:00,2026-09-23T17:35:01.618911-03:00,2026-09-23T17:35:01.6406447-03:00,21734,22236,00,
001672,3982,2026-09-23T17:35:01.6234084-03:00,2026-09-23T17:35:01.6236269-03:00,2026-09-23T17:35:01.6517463-03:00,28119,28338,00,
001673,2884,2026-09-23T17:35:01.6284084-03:00,2026-09-23T17:35:01.6287871-03:00,2026-09-23T17:35:01.6623671-03:00,33580,33959,00,
001674,35041,2026-09-23T17:35:01.6334084-03:00,2026-09-23T17:35:01.6336091-03:00,2026-09-23T17:35:01.6891991-03:00,55590,55791,51,
001675,19312,2026-09-23T17:35:01.6384084-03:00,2026-09-23T17:35:01.6390076-03:00,2026-09-23T17:35:01.6650681-03:00,26061,26660,00,
001676,13172,2026-09-23T17:35:01.6434084-03:00,2026-09-23T17:35:01.6440845-03:00,2026-09-23T17:35:01.6676964-03:00,23612,24288,00,
001677,25759,2026-09-23T17:35:01.6484084-03:00,2026-09-23T17:35:01.6489741-03:00,2026-09-23T17:35:01.6714178-03:00,22444,23009,00,
001678,26614,2026-09-23T17:35:01.6534084-03:00,2026-09-23T17:35:01.6537624-03:00,2026-09-23T17:35:01.6935712-03:00,39809,40163,51,
001679,35643,2026-09-23T17:35:01.6584084-03:00,2026-09-23T17:35:01.6585111-03:00,2026-09-23T17:35:01.6887024-03:00,30191,30294,00,
001680,12132,2026-09-23T17:35:01.6634084-03:00,2026-09-23T17:35:01.6638607-03:00,2026-09-23T17:35:01.6988957-03:00,35035,35487,00,
001681,34465,2026-09-23T17:35:01.6684084-03:00,2026-09-23T17:35:01.6687172-03:00,2026-09-23T17:35:01.693918-03:00,25201,25510,00,
001682,15479,2026-09-23T17:35:01.6734084-03:00,2026-09-23T17:35:01.673927-03:00,2026-09-23T17:35:01.7124864-03:00,38559,39078,51,
001683,43046,2026-09-23T17:35:01.6784084-03:00,2026-09-23T17:35:01.6788844-03:00,2026-09-23T17:35:01.70085-03:00,21966,22442,00,
001684,45823,2026-09-23T17:35:01.6834084-03:00,2026-09-23T17:35:01.6839513-03:00,2026-09-23T17:35:01.7093218-03:00,25371,25913,00,
001685,22105,2026-09-23T17:35:01.6884084-03:00,2026-09-23T17:35:01.6886097-03:00,2026-09-23T17:35:01.7325164-03:00,43907,44108,00,
001686,22163,2026-09-23T17:35:01.6934084-03:00,2026-09-23T17:35:01.6939433-03:00,2026-09-23T17:35:01.7157788-03:00,21836,22370,00,
001687,29733,2026-09-23T17:35:01.6984084-03:00,2026-09-23T17:35:01.6986203-03:00,2026-09-23T17:35:01.7216103-03:00,22990,23202,00,
001688,7385,2026-09-23T17:35:01.7034084-03:00,2026-09-23T17:35:01.7039153-03:00,2026-09-23T17:35:01.7565184-03:00,52603,53110,00,
001689,49521,2026-09-23T17:35:01.7084084-03:00,2026-09-23T17:35:01.7086538-03:00,2026-09-23T17:35:01.7377561-03:00,29102,29348,00,
001690,47261,2026-09-23T17:35:01.7134084-03:00,2026-09-23T17:35:01.7140399-03:00,2026-09-23T17:35:01.7377661-03:00,23726,24358,00,
001691,14143,2026-09-23T17:35:01.7184084-03:00,2026-09-23T17:35:01.7188527-03:00,2026-09-23T17:35:01.7452802-03:00,26428,26872,00,
001692,45003,2026-09-23T17:35:01.7234084-03:00,2026-09-23T17:35:01.723675-03:00,2026-09-23T17:35:01.7467496-03:00,23075,23341,91,
001693,15422,2026-09-23T17:35:01.7284084-03:00,2026-09-23T17:35:01.728847-03:00,2026-09-23T17:35:01.7534314-03:00,24584,25023,00,
001694,30037,2026-09-23T17:35:01.7334084-03:00,2026-09-23T17:35:01.734099-03:00,2026-09-23T17:35:01.7565432-03:00,22444,23135,00,
001695,29591,2026-09-23T17:35:01.7384084-03:00,2026-09-23T17:35:01.7387824-03:00,2026-09-23T17:35:01.7618296-03:00,23047,23421,00,
001696,9230,2026-09-23T17:35:01.7434084-03:00,2026-09-23T17:35:01.7438958-03:00,2026-09-23T17:35:01.7725934-03:00,28698,29185,00,
001697,1136,2026-09-23T17:35:01.7484084-03:00,2026-09-23T17:35:01.74878-03:00,2026-09-23T17:35:01.7792511-03:00,30471,30843,00,
001698,32272,2026-09-23T17:35:01.7534084-03:00,2026-09-23T17:35:01.7538883-03:00,2026-09-23T17:35:01.783983-03:00,30095,30575,14,
001699,10990,2026-09-23T17:35:01.7584084-03:00,2026-09-23T17:35:01.7590908-03:00,2026-09-23T17:35:01.7808618-03:00,21771,22453,00,
001700,2816,2026-09-23T17:35:01.7634084-03:00,2026-09-23T17:35:01.763887-03:00,2026-09-23T17:35:01.7961362-03:00,32249,32728,00,
001701,23023,2026-09-23T17:35:01.7684084-03:00,2026-09-23T17:35:01.7685533-03:00,2026-09-23T17:35:01.7941631-03:00,25610,25755,00,
001702,32909,2026-09-23T17:35:01.7734084-03:00,2026-09-23T17:35:01.7736419-03:00,2026-09-23T17:35:01.7982129-03:00,24571,24805,00,
001703,32717,2026-09-23T17:35:01.7784084-03:00,2026-09-23T17:35:01.7786441-03:00,2026-09-23T17:35:01.8560036-03:00,77360,77595,05,
001704,26208,2026-09-23T17:35:01.7834084-03:00,2026-09-23T17:35:01.7839088-03:00,2026-09-23T17:35:01.8072939-03:00,23385,23886,51,
001705,18534,2026-09-23T17:35:01.7884084-03:00,2026-09-23T17:35:01.7885498-03:00,2026-09-23T17:35:01.8103303-03:00,21781,21922,00,
001706,7586,2026-09-23T17:35:01.7934084-03:00,2026-09-23T17:35:01.7937246-03:00,2026-09-23T17:35:01.8218237-03:00,28099,28415,00,
001707,15045,2026-09-23T17:35:01.7984084-03:00,2026-09-23T17:35:01.7986449-03:00,2026-09-23T17:35:01.828914-03:00,30269,30506,51,
001708,23327,2026-09-23T17:35:01.8034084-03:00,2026-09-23T17:35:01.8036641-03:00,2026-09-23T17:35:01.8313165-03:00,27652,27908,00,
001709,16763,2026-09-23T17:35:01.8084084-03:00,2026-09-23T17:35:01.808734-03:00,2026-09-23T17:35:01.8329714-03:00,24237,24563,51,
001710,39779,2026-09-23T17:35:01.8134084-03:00,2026-09-23T17:35:01.8138577-03:00,2026-09-23T17:35:01.8419552-03:00,28098,28547,00,
001711,4089,2026-09-23T17:35:01.8184084-03:00,2026-09-23T17:35:01.8185179-03:00,2026-09-23T17:35:01.842525-03:00,24007,24117,00,
001712,23955,2026-09-23T17:35:01.8234084-03:00,2026-09-23T17:35:01.8238815-03:00,2026-09-23T17:35:01.8559758-03:00,32094,32567,00,
001713,33349,2026-09-23T17:35:01.8284084-03:00,2026-09-23T17:35:01.828645-03:00,2026-09-23T17:35:01.8534281-03:00,24783,25020,00,
001714,31273,2026-09-23T17:35:01.8334084-03:00,2026-09-23T17:35:01.8340684-03:00,2026-09-23T17:35:01.8697762-03:00,35708,36368,00,
001715,18468,2026-09-23T17:35:01.8384084-03:00,2026-09-23T17:35:01.8386935-03:00,2026-09-23T17:35:01.8640007-03:00,25307,25592,00,
001716,18168,2026-09-23T17:35:01.8434084-03:00,2026-09-23T17:35:01.8440794-03:00,2026-09-23T17:35:01.8691752-03:00,25096,25767,00,
001717,16829,2026-09-23T17:35:01.8484084-03:00,2026-09-23T17:35:01.8487377-03:00,2026-09-23T17:35:01.8734103-03:00,24673,25002,05,
001718,25477,2026-09-23T17:35:01.8534084-03:00,2026-09-23T17:35:01.853816-03:00,2026-09-23T17:35:01.884467-03:00,30651,31059,00,
001719,15360,2026-09-23T17:35:01.8584084-03:00,2026-09-23T17:35:01.8590183-03:00,2026-09-23T17:35:01.8844824-03:00,25464,26074,00,
001720,30843,2026-09-23T17:35:01.8634084-03:00,2026-09-23T17:35:01.8638717-03:00,2026-09-23T17:35:01.8885565-03:00,24685,25148,00,
001721,48357,2026-09-23T17:35:01.8684084-03:00,2026-09-23T17:35:01.8690997-03:00,2026-09-23T17:35:01.8925986-03:00,23499,24190,00,
001722,14405,2026-09-23T17:35:01.8734084-03:00,2026-09-23T17:35:01.8739022-03:00,2026-09-23T17:35:01.9067746-03:00,32872,33366,00,
001723,16212,2026-09-23T17:35:01.8784084-03:00,2026-09-23T17:35:01.8787848-03:00,2026-09-23T17:35:01.9104179-03:00,31633,32010,14,
001724,41559,2026-09-23T17:35:01.8834084-03:00,2026-09-23T17:35:01.8838894-03:00,2026-09-23T17:35:01.908222-03:00,24333,24814,00,
001725,39704,2026-09-23T17:35:01.8884084-03:00,2026-09-23T17:35:01.8885737-03:00,2026-09-23T17:35:01.9144237-03:00,25850,26015,00,
001726,11229,2026-09-23T17:35:01.8934084-03:00,2026-09-23T17:35:01.8936547-03:00,2026-09-23T17:35:01.9162773-03:00,22623,22869,05,
001727,34968,2026-09-23T17:35:01.8984084-03:00,2026-09-23T17:35:01.8986775-03:00,2026-09-23T17:35:01.922212-03:00,23535,23804,00,
001728,38101,2026-09-23T17:35:01.9034084-03:00,2026-09-23T17:35:01.9037829-03:00,2026-09-23T17:35:01.9336761-03:00,29893,30268,00,
001729,10909,2026-09-23T17:35:01.9084084-03:00,2026-09-23T17:35:01.9086667-03:00,2026-09-23T17:35:01.9336761-03:00,25009,25268,00,
001730,31075,2026-09-23T17:35:01.9134084-03:00,2026-09-23T17:35:01.9141722-03:00,2026-09-23T17:35:01.9375925-03:00,23420,24184,00,
001731,6634,2026-09-23T17:35:01.9184084-03:00,2026-09-23T17:35:01.9188477-03:00,2026-09-23T17:35:01.9596245-03:00,40777,41216,00,
001732,2693,2026-09-23T17:35:01.9234084-03:00,2026-09-23T17:35:01.9241593-03:00,2026-09-23T17:35:01.9588876-03:00,34728,35479,00,
001733,20495,2026-09-23T17:35:01.9284084-03:00,2026-09-23T17:35:01.9288512-03:00,2026-09-23T17:35:01.9506017-03:00,21751,22193,00,
001734,26038,2026-09-23T17:35:01.9334084-03:00,2026-09-23T17:35:01.9337052-03:00,2026-09-23T17:35:01.958294-03:00,24589,24886,00,
001735,22469,2026-09-23T17:35:01.9384084-03:00,2026-09-23T17:35:01.9386677-03:00,2026-09-23T17:35:01.9608998-03:00,22232,22491,00,
001736,9687,2026-09-23T17:35:01.9434084-03:00,2026-09-23T17:35:01.9438732-03:00,2026-09-23T17:35:01.9737671-03:00,29894,30359,00,
001737,1725,2026-09-23T17:35:01.9484084-03:00,2026-09-23T17:35:01.9489189-03:00,2026-09-23T17:35:02.0334358-03:00,84517,85027,00,
001738,38167,2026-09-23T17:35:01.9534084-03:00,2026-09-23T17:35:01.9536657-03:00,2026-09-23T17:35:02.0024362-03:00,48771,49028,51,
001739,4916,2026-09-23T17:35:01.9584084-03:00,2026-09-23T17:35:01.9586663-03:00,2026-09-23T17:35:02.0091651-03:00,50499,50757,51,
001740,1246,2026-09-23T17:35:01.9634084-03:00,2026-09-23T17:35:01.9639567-03:00,2026-09-23T17:35:01.9868668-03:00,22910,23458,00,
001741,13635,2026-09-23T17:35:01.9684084-03:00,2026-09-23T17:35:01.9685604-03:00,2026-09-23T17:35:01.9894815-03:00,20921,21073,00,
001742,44665,2026-09-23T17:35:01.9734084-03:00,2026-09-23T17:35:01.9736631-03:00,2026-09-23T17:35:01.9972246-03:00,23562,23816,00,
001743,1809,2026-09-23T17:35:01.9784084-03:00,2026-09-23T17:35:01.9790476-03:00,2026-09-23T17:35:02.04361-03:00,64562,65202,00,
001744,29985,2026-09-23T17:35:01.9834084-03:00,2026-09-23T17:35:01.9836583-03:00,2026-09-23T17:35:02.0091477-03:00,25489,25739,05,
001745,20411,2026-09-23T17:35:01.9884084-03:00,2026-09-23T17:35:01.9889067-03:00,2026-09-23T17:35:02.0137472-03:00,24841,25339,00,
001746,39415,2026-09-23T17:35:01.9934084-03:00,2026-09-23T17:35:01.9939819-03:00,2026-09-23T17:35:02.0186971-03:00,24715,25289,00,
001747,31089,2026-09-23T17:35:01.9984084-03:00,2026-09-23T17:35:01.9987734-03:00,2026-09-23T17:35:02.0303445-03:00,31571,31936,00,
001748,13925,2026-09-23T17:35:02.0034084-03:00,2026-09-23T17:35:02.0038707-03:00,2026-09-23T17:35:02.030342-03:00,26471,26934,00,
001749,37447,2026-09-23T17:35:02.0084084-03:00,2026-09-23T17:35:02.0085643-03:00,2026-09-23T17:35:02.0309134-03:00,22349,22505,00,
001750,7454,2026-09-23T17:35:02.0134084-03:00,2026-09-23T17:35:02.0137753-03:00,2026-09-23T17:35:02.044802-03:00,31027,31394,00,
001751,22340,2026-09-23T17:35:02.0184084-03:00,2026-09-23T17:35:02.0186301-03:00,2026-09-23T17:35:02.0514975-03:00,32867,33089,00,
001752,26883,2026-09-23T17:35:02.0234084-03:00,2026-09-23T17:35:02.0240778-03:00,2026-09-23T17:35:02.0479868-03:00,23909,24578,00,
001753,26357,2026-09-23T17:35:02.0284084-03:00,2026-09-23T17:35:02.0286549-03:00,2026-09-23T17:35:02.0531399-03:00,24485,24732,00,
001754,37630,2026-09-23T17:35:02.0334084-03:00,2026-09-23T17:35:02.0338858-03:00,2026-09-23T17:35:02.0921566-03:00,58271,58748,00,
001755,31464,2026-09-23T17:35:02.0384084-03:00,2026-09-23T17:35:02.0390024-03:00,2026-09-23T17:35:02.0638757-03:00,24873,25467,00,
001756,13652,2026-09-23T17:35:02.0434084-03:00,2026-09-23T17:35:02.043533-03:00,2026-09-23T17:35:02.0820337-03:00,38501,38625,00,
001757,3694,2026-09-23T17:35:02.0484084-03:00,2026-09-23T17:35:02.0488504-03:00,2026-09-23T17:35:02.0773313-03:00,28481,28923,51,
001758,33485,2026-09-23T17:35:02.0534084-03:00,2026-09-23T17:35:02.0540339-03:00,2026-09-23T17:35:02.0900241-03:00,35990,36616,00,
001759,30519,2026-09-23T17:35:02.0584084-03:00,2026-09-23T17:35:02.0586448-03:00,2026-09-23T17:35:02.0916213-03:00,32977,33213,00,
001760,41824,2026-09-23T17:35:02.0634084-03:00,2026-09-23T17:35:02.0637741-03:00,2026-09-23T17:35:02.0932182-03:00,29444,29810,00,
001761,21057,2026-09-23T17:35:02.0684084-03:00,2026-09-23T17:35:02.0689296-03:00,2026-09-23T17:35:02.1037975-03:00,34868,35389,00,
001762,39336,2026-09-23T17:35:02.0734084-03:00,2026-09-23T17:35:02.0736903-03:00,2026-09-23T17:35:02.1103378-03:00,36648,36929,00,
001763,25330,2026-09-23T17:35:02.0784084-03:00,2026-09-23T17:35:02.0788527-03:00,2026-09-23T17:35:02.1173651-03:00,38512,38957,00,
001764,14032,2026-09-23T17:35:02.0834084-03:00,2026-09-23T17:35:02.0840338-03:00,2026-09-23T17:35:02.1179538-03:00,33920,34545,00,
001765,6386,2026-09-23T17:35:02.0884084-03:00,2026-09-23T17:35:02.0888464-03:00,2026-09-23T17:35:02.1595901-03:00,70744,71182,00,
001766,10335,2026-09-23T17:35:02.0934084-03:00,2026-09-23T17:35:02.0936598-03:00,2026-09-23T17:35:02.1148152-03:00,21155,21407,00,
001767,1072,2026-09-23T17:35:02.0984084-03:00,2026-09-23T17:35:02.0985939-03:00,2026-09-23T17:35:02.1216398-03:00,23046,23231,00,
001768,29653,2026-09-23T17:35:02.1034084-03:00,2026-09-23T17:35:02.1037205-03:00,2026-09-23T17:35:02.1293798-03:00,25659,25971,00,
001769,29404,2026-09-23T17:35:02.1084084-03:00,2026-09-23T17:35:02.1086311-03:00,2026-09-23T17:35:02.1392595-03:00,30628,30851,51,
001770,22531,2026-09-23T17:35:02.1134084-03:00,2026-09-23T17:35:02.1136655-03:00,2026-09-23T17:35:02.1418917-03:00,28226,28483,00,
001771,12669,2026-09-23T17:35:02.1184084-03:00,2026-09-23T17:35:02.1189868-03:00,2026-09-23T17:35:02.1560114-03:00,37025,37603,00,
001772,25640,2026-09-23T17:35:02.1234084-03:00,2026-09-23T17:35:02.1236911-03:00,2026-09-23T17:35:02.1543796-03:00,30689,30971,00,
001773,275,2026-09-23T17:35:02.1284084-03:00,2026-09-23T17:35:02.1287711-03:00,2026-09-23T17:35:02.1554535-03:00,26682,27045,00,
001774,36329,2026-09-23T17:35:02.1334084-03:00,2026-09-23T17:35:02.1340258-03:00,2026-09-23T17:35:02.1565655-03:00,22540,23157,00,
001775,48699,2026-09-23T17:35:02.1384084-03:00,2026-09-23T17:35:02.1391475-03:00,2026-09-23T17:35:02.1953733-03:00,56226,56965,00,
001776,35603,2026-09-23T17:35:02.1434084-03:00,2026-09-23T17:35:02.1438855-03:00,2026-09-23T17:35:02.1700902-03:00,26205,26682,00,
001777,42312,2026-09-23T17:35:02.1484084-03:00,2026-09-23T17:35:02.1486557-03:00,2026-09-23T17:35:02.1867647-03:00,38109,38356,51,
001778,30573,2026-09-23T17:35:02.1534084-03:00,2026-09-23T17:35:02.1537604-03:00,2026-09-23T17:35:02.1814454-03:00,27685,28037,00,
001779,16317,2026-09-23T17:35:02.1584084-03:00,2026-09-23T17:35:02.1590478-03:00,2026-09-23T17:35:02.2122321-03:00,53184,53824,00,
001780,45781,2026-09-23T17:35:02.1634084-03:00,2026-09-23T17:35:02.1639438-03:00,2026-09-23T17:35:02.1884382-03:00,24494,25030,00,
001781,6674,2026-09-23T17:35:02.1684084-03:00,2026-09-23T17:35:02.1684885-03:00,2026-09-23T17:35:02.1933885-03:00,24900,24980,00,
001782,44844,2026-09-23T17:35:02.1734084-03:00,2026-09-23T17:35:02.1740155-03:00,2026-09-23T17:35:02.2000704-03:00,26055,26662,00,
001783,17804,2026-09-23T17:35:02.1784084-03:00,2026-09-23T17:35:02.1786889-03:00,2026-09-23T17:35:02.2164807-03:00,37792,38072,00,
001784,2275,2026-09-23T17:35:02.1834084-03:00,2026-09-23T17:35:02.1840173-03:00,2026-09-23T17:35:02.2106083-03:00,26591,27200,51,
001785,25958,2026-09-23T17:35:02.1884084-03:00,2026-09-23T17:35:02.1889251-03:00,2026-09-23T17:35:02.2133051-03:00,24380,24897,14,
001786,1433,2026-09-23T17:35:02.1934084-03:00,2026-09-23T17:35:02.1941005-03:00,2026-09-23T17:35:02.2202992-03:00,26199,26891,05,
001787,11969,2026-09-23T17:35:02.1984084-03:00,2026-09-23T17:35:02.1988762-03:00,2026-09-23T17:35:02.2219695-03:00,23093,23561,00,
001788,12708,2026-09-23T17:35:02.2034084-03:00,2026-09-23T17:35:02.2036163-03:00,2026-09-23T17:35:02.2373193-03:00,33703,33911,00,
001789,13363,2026-09-23T17:35:02.2084084-03:00,2026-09-23T17:35:02.2087859-03:00,2026-09-23T17:35:02.2667967-03:00,58011,58388,91,
001790,23563,2026-09-23T17:35:02.2134084-03:00,2026-09-23T17:35:02.2137684-03:00,2026-09-23T17:35:02.2356899-03:00,21922,22282,00,
001791,15216,2026-09-23T17:35:02.2184084-03:00,2026-09-23T17:35:02.2190486-03:00,2026-09-23T17:35:02.2407679-03:00,21719,22360,00,
001792,43255,2026-09-23T17:35:02.2234084-03:00,2026-09-23T17:35:02.2240526-03:00,2026-09-23T17:35:02.2456733-03:00,21621,22265,00,
001793,9019,2026-09-23T17:35:02.2284084-03:00,2026-09-23T17:35:02.2287988-03:00,2026-09-23T17:35:02.2566136-03:00,27815,28205,00,
001794,9534,2026-09-23T17:35:02.2334084-03:00,2026-09-23T17:35:02.2339445-03:00,2026-09-23T17:35:02.2554247-03:00,21480,22016,51,
001795,45480,2026-09-23T17:35:02.2384084-03:00,2026-09-23T17:35:02.2387641-03:00,2026-09-23T17:35:02.2609862-03:00,22222,22578,00,
001796,33526,2026-09-23T17:35:02.2434084-03:00,2026-09-23T17:35:02.2439566-03:00,2026-09-23T17:35:02.2657069-03:00,21750,22299,00,
001797,39454,2026-09-23T17:35:02.2484084-03:00,2026-09-23T17:35:02.2491323-03:00,2026-09-23T17:35:02.2736764-03:00,24544,25268,00,
001798,39032,2026-09-23T17:35:02.2534084-03:00,2026-09-23T17:35:02.2537429-03:00,2026-09-23T17:35:02.3001003-03:00,46357,46692,00,
001799,35733,2026-09-23T17:35:02.2584084-03:00,2026-09-23T17:35:02.2586712-03:00,2026-09-23T17:35:02.2912137-03:00,32543,32805,00,
001800,47808,2026-09-23T17:35:02.2634084-03:00,2026-09-23T17:35:02.2639772-03:00,2026-09-23T17:35:02.2872277-03:00,23251,23819,51,
001801,20903,2026-09-23T17:35:02.2684084-03:00,2026-09-23T17:35:02.2688719-03:00,2026-09-23T17:35:02.2968508-03:00,27979,28442,00,
001802,8384,2026-09-23T17:35:02.2734084-03:00,2026-09-23T17:35:02.2735609-03:00,2026-09-23T17:35:02.2995177-03:00,25957,26109,00,
001803,38139,2026-09-23T17:35:02.2784084-03:00,2026-09-23T17:35:02.2790071-03:00,2026-09-23T17:35:02.3128063-03:00,33799,34398,00,
001804,20665,2026-09-23T17:35:02.2834084-03:00,2026-09-23T17:35:02.2836377-03:00,2026-09-23T17:35:02.3105743-03:00,26937,27166,00,
001805,9268,2026-09-23T17:35:02.2884084-03:00,2026-09-23T17:35:02.2886239-03:00,2026-09-23T17:35:02.327013-03:00,38389,38605,00,
001806,12247,2026-09-23T17:35:02.2934084-03:00,2026-09-23T17:35:02.2937107-03:00,2026-09-23T17:35:02.3216706-03:00,27960,28262,00,
001807,14009,2026-09-23T17:35:02.2984084-03:00,2026-09-23T17:35:02.2988976-03:00,2026-09-23T17:35:02.3318323-03:00,32935,33424,00,
001808,1470,2026-09-23T17:35:02.3034084-03:00,2026-09-23T17:35:02.3036545-03:00,2026-09-23T17:35:02.3387519-03:00,35097,35344,00,
001809,35208,2026-09-23T17:35:02.3084084-03:00,2026-09-23T17:35:02.3088681-03:00,2026-09-23T17:35:02.3440934-03:00,35225,35685,00,
001810,45816,2026-09-23T17:35:02.3134084-03:00,2026-09-23T17:35:02.313773-03:00,2026-09-23T17:35:02.3350906-03:00,21318,21682,00,
001811,13839,2026-09-23T17:35:02.3184084-03:00,2026-09-23T17:35:02.3189302-03:00,2026-09-23T17:35:02.3424474-03:00,23517,24039,00,
001812,20185,2026-09-23T17:35:02.3234084-03:00,2026-09-23T17:35:02.3237541-03:00,2026-09-23T17:35:02.3458016-03:00,22048,22393,00,
001813,19010,2026-09-23T17:35:02.3284084-03:00,2026-09-23T17:35:02.3291564-03:00,2026-09-23T17:35:02.3540601-03:00,24904,25652,00,
001814,21711,2026-09-23T17:35:02.3334084-03:00,2026-09-23T17:35:02.3339061-03:00,2026-09-23T17:35:02.3564753-03:00,22569,23067,00,
001815,10723,2026-09-23T17:35:02.3384084-03:00,2026-09-23T17:35:02.3386757-03:00,2026-09-23T17:35:02.3662101-03:00,27534,27802,14,
001816,26714,2026-09-23T17:35:02.3434084-03:00,2026-09-23T17:35:02.3440274-03:00,2026-09-23T17:35:02.3725572-03:00,28530,29149,91,
001817,41072,2026-09-23T17:35:02.3484084-03:00,2026-09-23T17:35:02.3487966-03:00,2026-09-23T17:35:02.3950403-03:00,46244,46632,00,
001818,38302,2026-09-23T17:35:02.3534084-03:00,2026-09-23T17:35:02.3538607-03:00,2026-09-23T17:35:02.3753669-03:00,21506,21959,00,
001819,43475,2026-09-23T17:35:02.3584084-03:00,2026-09-23T17:35:02.3590297-03:00,2026-09-23T17:35:02.4032659-03:00,44236,44858,00,
001820,32011,2026-09-23T17:35:02.3634084-03:00,2026-09-23T17:35:02.3639517-03:00,2026-09-23T17:35:02.3854535-03:00,21502,22045,00,
001821,42027,2026-09-23T17:35:02.3684084-03:00,2026-09-23T17:35:02.3687691-03:00,2026-09-23T17:35:02.3950402-03:00,26271,26632,00,
001822,3646,2026-09-23T17:35:02.3734084-03:00,2026-09-23T17:35:02.3736337-03:00,2026-09-23T17:35:02.3994653-03:00,25832,26057,00,
001823,8106,2026-09-23T17:35:02.3784084-03:00,2026-09-23T17:35:02.3788447-03:00,2026-09-23T17:35:02.4032465-03:00,24402,24838,00,
001824,43011,2026-09-23T17:35:02.3834084-03:00,2026-09-23T17:35:02.3842422-03:00,2026-09-23T17:35:02.4074726-03:00,23230,24064,00,
001825,31496,2026-09-23T17:35:02.3884084-03:00,2026-09-23T17:35:02.3890194-03:00,2026-09-23T17:35:02.4210864-03:00,32067,32678,00,
001826,48738,2026-09-23T17:35:02.3934084-03:00,2026-09-23T17:35:02.3936438-03:00,2026-09-23T17:35:02.4164727-03:00,22829,23064,00,
001827,34138,2026-09-23T17:35:02.3984084-03:00,2026-09-23T17:35:02.3990902-03:00,2026-09-23T17:35:02.428327-03:00,29237,29919,00,
001828,16424,2026-09-23T17:35:02.4034084-03:00,2026-09-23T17:35:02.403807-03:00,2026-09-23T17:35:02.4926223-03:00,88815,89214,00,
001829,10037,2026-09-23T17:35:02.4084084-03:00,2026-09-23T17:35:02.4089732-03:00,2026-09-23T17:35:02.4442461-03:00,35273,35838,00,
001830,47106,2026-09-23T17:35:02.4134084-03:00,2026-09-23T17:35:02.4137738-03:00,2026-09-23T17:35:02.4399265-03:00,26153,26518,00,
001831,36123,2026-09-23T17:35:02.4184084-03:00,2026-09-23T17:35:02.4188977-03:00,2026-09-23T17:35:02.446393-03:00,27495,27985,00,
001832,16585,2026-09-23T17:35:02.4234084-03:00,2026-09-23T17:35:02.4236577-03:00,2026-09-23T17:35:02.451184-03:00,27526,27776,00,
001833,35600,2026-09-23T17:35:02.4284084-03:00,2026-09-23T17:35:02.428736-03:00,2026-09-23T17:35:02.4585129-03:00,29777,30105,00,
001834,15600,2026-09-23T17:35:02.4334084-03:00,2026-09-23T17:35:02.4339114-03:00,2026-09-23T17:35:02.4635239-03:00,29613,30116,00,
001835,35515,2026-09-23T17:35:02.4384084-03:00,2026-09-23T17:35:02.438574-03:00,2026-09-23T17:35:02.4764275-03:00,37854,38019,00,
001836,4620,2026-09-23T17:35:02.4434084-03:00,2026-09-23T17:35:02.4441721-03:00,2026-09-23T17:35:02.4770112-03:00,32839,33603,00,
001837,40141,2026-09-23T17:35:02.4484084-03:00,2026-09-23T17:35:02.4484453-03:00,2026-09-23T17:35:02.4854784-03:00,37033,37070,00,
001838,4487,2026-09-23T17:35:02.4534084-03:00,2026-09-23T17:35:02.4537621-03:00,2026-09-23T17:35:02.4758539-03:00,22092,22446,00,
001839,24852,2026-09-23T17:35:02.4584084-03:00,2026-09-23T17:35:02.4585315-03:00,2026-09-23T17:35:02.4803046-03:00,21773,21896,00,
001840,10882,2026-09-23T17:35:02.4634084-03:00,2026-09-23T17:35:02.4635483-03:00,2026-09-23T17:35:02.4881433-03:00,24595,24735,14,
001841,39601,2026-09-23T17:35:02.4684084-03:00,2026-09-23T17:35:02.4684228-03:00,2026-09-23T17:35:02.4915694-03:00,23147,23161,00,
001842,16801,2026-09-23T17:35:02.4734084-03:00,2026-09-23T17:35:02.4735324-03:00,2026-09-23T17:35:02.517438-03:00,43906,44030,00,
001843,33833,2026-09-23T17:35:02.4784084-03:00,2026-09-23T17:35:02.4790426-03:00,2026-09-23T17:35:02.5033324-03:00,24290,24924,00,
001844,29971,2026-09-23T17:35:02.4834084-03:00,2026-09-23T17:35:02.4837835-03:00,2026-09-23T17:35:02.5500072-03:00,66224,66599,00,
001845,18424,2026-09-23T17:35:02.4884084-03:00,2026-09-23T17:35:02.4886822-03:00,2026-09-23T17:35:02.5141438-03:00,25462,25735,00,
001846,43390,2026-09-23T17:35:02.4934084-03:00,2026-09-23T17:35:02.4941175-03:00,2026-09-23T17:35:02.5240713-03:00,29954,30663,00,
001847,46443,2026-09-23T17:35:02.4984084-03:00,2026-09-23T17:35:02.4986327-03:00,2026-09-23T17:35:02.5306781-03:00,32045,32270,00,
001848,36992,2026-09-23T17:35:02.5034084-03:00,2026-09-23T17:35:02.5037316-03:00,2026-09-23T17:35:02.5311778-03:00,27446,27769,00,
001849,5192,2026-09-23T17:35:02.5084084-03:00,2026-09-23T17:35:02.5088371-03:00,2026-09-23T17:35:02.5476986-03:00,38862,39290,00,
001850,38596,2026-09-23T17:35:02.5134084-03:00,2026-09-23T17:35:02.5138611-03:00,2026-09-23T17:35:02.5421348-03:00,28274,28726,00,
001851,49787,2026-09-23T17:35:02.5184084-03:00,2026-09-23T17:35:02.5188707-03:00,2026-09-23T17:35:02.5432899-03:00,24419,24882,00,
001852,12225,2026-09-23T17:35:02.5234084-03:00,2026-09-23T17:35:02.5239833-03:00,2026-09-23T17:35:02.5461122-03:00,22129,22704,00,
001853,36338,2026-09-23T17:35:02.5284084-03:00,2026-09-23T17:35:02.5292443-03:00,2026-09-23T17:35:02.5565004-03:00,27256,28092,00,
001854,47144,2026-09-23T17:35:02.5334084-03:00,2026-09-23T17:35:02.5337249-03:00,2026-09-23T17:35:02.5559072-03:00,22182,22499,14,
001855,43719,2026-09-23T17:35:02.5384084-03:00,2026-09-23T17:35:02.5388396-03:00,2026-09-23T17:35:02.5607895-03:00,21950,22381,00,
001856,9791,2026-09-23T17:35:02.5434084-03:00,2026-09-23T17:35:02.5438245-03:00,2026-09-23T17:35:02.5698146-03:00,25990,26406,00,
001857,36873,2026-09-23T17:35:02.5484084-03:00,2026-09-23T17:35:02.5487637-03:00,2026-09-23T17:35:02.5776932-03:00,28930,29285,00,
001858,37361,2026-09-23T17:35:02.5534084-03:00,2026-09-23T17:35:02.553603-03:00,2026-09-23T17:35:02.5776891-03:00,24086,24281,00,
001859,2245,2026-09-23T17:35:02.5584084-03:00,2026-09-23T17:35:02.5590714-03:00,2026-09-23T17:35:02.5823443-03:00,23273,23936,00,
001860,25469,2026-09-23T17:35:02.5634084-03:00,2026-09-23T17:35:02.5638894-03:00,2026-09-23T17:35:02.6502185-03:00,86329,86810,00,
001861,39326,2026-09-23T17:35:02.5684084-03:00,2026-09-23T17:35:02.5685534-03:00,2026-09-23T17:35:02.6002175-03:00,31664,31809,00,
001862,35337,2026-09-23T17:35:02.5734084-03:00,2026-09-23T17:35:02.573917-03:00,2026-09-23T17:35:02.6081431-03:00,34226,34735,00,
001863,19742,2026-09-23T17:35:02.5784084-03:00,2026-09-23T17:35:02.5788116-03:00,2026-09-23T17:35:02.6092257-03:00,30414,30817,00,
001864,13656,2026-09-23T17:35:02.5834084-03:00,2026-09-23T17:35:02.5839086-03:00,2026-09-23T17:35:02.6502403-03:00,66332,66832,00,
001865,2507,2026-09-23T17:35:02.5884084-03:00,2026-09-23T17:35:02.5885812-03:00,2026-09-23T17:35:02.6343809-03:00,45800,45973,51,
001866,24761,2026-09-23T17:35:02.5934084-03:00,2026-09-23T17:35:02.5938111-03:00,2026-09-23T17:35:02.6170339-03:00,23223,23626,00,
001867,37640,2026-09-23T17:35:02.5984084-03:00,2026-09-23T17:35:02.5989651-03:00,2026-09-23T17:35:02.6242282-03:00,25263,25820,00,
001868,46794,2026-09-23T17:35:02.6034084-03:00,2026-09-23T17:35:02.6038166-03:00,2026-09-23T17:35:02.6349752-03:00,31159,31567,00,
001869,40216,2026-09-23T17:35:02.6084084-03:00,2026-09-23T17:35:02.6091516-03:00,2026-09-23T17:35:02.6327704-03:00,23619,24362,00,
001870,19473,2026-09-23T17:35:02.6134084-03:00,2026-09-23T17:35:02.6138377-03:00,2026-09-23T17:35:02.6485242-03:00,34687,35116,00,
001871,28894,2026-09-23T17:35:02.6184084-03:00,2026-09-23T17:35:02.6185807-03:00,2026-09-23T17:35:02.6411927-03:00,22612,22784,00,
001872,40245,2026-09-23T17:35:02.6234084-03:00,2026-09-23T17:35:02.6239334-03:00,2026-09-23T17:35:02.6469045-03:00,22971,23496,00,
001873,47334,2026-09-23T17:35:02.6284084-03:00,2026-09-23T17:35:02.6285603-03:00,2026-09-23T17:35:02.6513992-03:00,22839,22991,00,
001874,11087,2026-09-23T17:35:02.6334084-03:00,2026-09-23T17:35:02.6338364-03:00,2026-09-23T17:35:02.6651951-03:00,31359,31787,00,
001875,12765,2026-09-23T17:35:02.6384084-03:00,2026-09-23T17:35:02.6389476-03:00,2026-09-23T17:35:02.676608-03:00,37660,38200,00,
001876,32988,2026-09-23T17:35:02.6434084-03:00,2026-09-23T17:35:02.6437725-03:00,2026-09-23T17:35:02.6673563-03:00,23584,23948,05,
001877,29866,2026-09-23T17:35:02.6484084-03:00,2026-09-23T17:35:02.6486004-03:00,2026-09-23T17:35:02.6748679-03:00,26268,26460,00,
001878,9561,2026-09-23T17:35:02.6534084-03:00,2026-09-23T17:35:02.6534604-03:00,2026-09-23T17:35:02.7075518-03:00,54091,54143,51,
001879,34503,2026-09-23T17:35:02.6584084-03:00,2026-09-23T17:35:02.658634-03:00,2026-09-23T17:35:02.6854572-03:00,26823,27049,00,
001880,17276,2026-09-23T17:35:02.6634084-03:00,2026-09-23T17:35:02.6639423-03:00,2026-09-23T17:35:02.6848792-03:00,20937,21471,00,
001881,33117,2026-09-23T17:35:02.6684084-03:00,2026-09-23T17:35:02.6689493-03:00,2026-09-23T17:35:02.6927528-03:00,23804,24344,00,
001882,5420,2026-09-23T17:35:02.6734084-03:00,2026-09-23T17:35:02.6736208-03:00,2026-09-23T17:35:02.7136322-03:00,40011,40224,00,
001883,29288,2026-09-23T17:35:02.6784084-03:00,2026-09-23T17:35:02.6789755-03:00,2026-09-23T17:35:02.7033656-03:00,24390,24957,00,
001884,46327,2026-09-23T17:35:02.6834084-03:00,2026-09-23T17:35:02.6836153-03:00,2026-09-23T17:35:02.7188327-03:00,35217,35424,00,
001885,5686,2026-09-23T17:35:02.6884084-03:00,2026-09-23T17:35:02.6890005-03:00,2026-09-23T17:35:02.7114701-03:00,22470,23062,51,
001886,3390,2026-09-23T17:35:02.6934084-03:00,2026-09-23T17:35:02.693855-03:00,2026-09-23T17:35:02.735968-03:00,42113,42560,00,
001887,5555,2026-09-23T17:35:02.6984084-03:00,2026-09-23T17:35:02.6985948-03:00,2026-09-23T17:35:02.7214965-03:00,22902,23088,00,
001888,312,2026-09-23T17:35:02.7034084-03:00,2026-09-23T17:35:02.7038282-03:00,2026-09-23T17:35:02.7268646-03:00,23036,23456,00,
001889,32634,2026-09-23T17:35:02.7084084-03:00,2026-09-23T17:35:02.7086852-03:00,2026-09-23T17:35:02.7306527-03:00,21968,22244,00,
001890,32643,2026-09-23T17:35:02.7134084-03:00,2026-09-23T17:35:02.7136629-03:00,2026-09-23T17:35:02.7376346-03:00,23972,24226,14,
001891,36353,2026-09-23T17:35:02.7184084-03:00,2026-09-23T17:35:02.7187747-03:00,2026-09-23T17:35:02.7440086-03:00,25234,25600,00,
001892,42270,2026-09-23T17:35:02.7234084-03:00,2026-09-23T17:35:02.7235687-03:00,2026-09-23T17:35:02.748212-03:00,24643,24804,00,
001893,34550,2026-09-23T17:35:02.7284084-03:00,2026-09-23T17:35:02.7289104-03:00,2026-09-23T17:35:02.7584365-03:00,29526,30028,00,
001894,29380,2026-09-23T17:35:02.7334084-03:00,2026-09-23T17:35:02.733734-03:00,2026-09-23T17:35:02.7676883-03:00,33954,34280,00,
001895,34865,2026-09-23T17:35:02.7384084-03:00,2026-09-23T17:35:02.7387056-03:00,2026-09-23T17:35:02.7720232-03:00,33318,33615,00,
001896,9024,2026-09-23T17:35:02.7434084-03:00,2026-09-23T17:35:02.7439024-03:00,2026-09-23T17:35:02.768296-03:00,24394,24888,00,
001897,47592,2026-09-23T17:35:02.7484084-03:00,2026-09-23T17:35:02.7485839-03:00,2026-09-23T17:35:02.7830265-03:00,34443,34618,00,
001898,48528,2026-09-23T17:35:02.7534084-03:00,2026-09-23T17:35:02.7536299-03:00,2026-09-23T17:35:02.7803437-03:00,26714,26935,00,
001899,27895,2026-09-23T17:35:02.7584084-03:00,2026-09-23T17:35:02.7588478-03:00,2026-09-23T17:35:02.7824549-03:00,23607,24047,00,
001900,29361,2026-09-23T17:35:02.7634084-03:00,2026-09-23T17:35:02.7639568-03:00,2026-09-23T17:35:02.7875502-03:00,23593,24142,00,
001901,16239,2026-09-23T17:35:02.7684084-03:00,2026-09-23T17:35:02.7687033-03:00,2026-09-23T17:35:02.7980044-03:00,29301,29596,51,
001902,17767,2026-09-23T17:35:02.7734084-03:00,2026-09-23T17:35:02.7740272-03:00,2026-09-23T17:35:02.7991133-03:00,25086,25705,00,
001903,33678,2026-09-23T17:35:02.7784084-03:00,2026-09-23T17:35:02.7785996-03:00,2026-09-23T17:35:02.8007396-03:00,22140,22331,00,
001904,40643,2026-09-23T17:35:02.7834084-03:00,2026-09-23T17:35:02.7840453-03:00,2026-09-23T17:35:02.8099083-03:00,25863,26500,00,
001905,33809,2026-09-23T17:35:02.7884084-03:00,2026-09-23T17:35:02.7893746-03:00,2026-09-23T17:35:02.8156892-03:00,26315,27281,00,
001906,43568,2026-09-23T17:35:02.7934084-03:00,2026-09-23T17:35:02.7939823-03:00,2026-09-23T17:35:02.8168544-03:00,22872,23446,00,
001907,26068,2026-09-23T17:35:02.7984084-03:00,2026-09-23T17:35:02.7990366-03:00,2026-09-23T17:35:02.8272087-03:00,28172,28800,00,
001908,42276,2026-09-23T17:35:02.8034084-03:00,2026-09-23T17:35:02.8035998-03:00,2026-09-23T17:35:02.8383173-03:00,34718,34909,00,
001909,47254,2026-09-23T17:35:02.8084084-03:00,2026-09-23T17:35:02.8087162-03:00,2026-09-23T17:35:02.8320788-03:00,23363,23670,00,
001910,2380,2026-09-23T17:35:02.8134084-03:00,2026-09-23T17:35:02.8139407-03:00,2026-09-23T17:35:02.8497306-03:00,35790,36322,00,
001911,8683,2026-09-23T17:35:02.8184084-03:00,2026-09-23T17:35:02.819017-03:00,2026-09-23T17:35:02.8492995-03:00,30283,30891,00,
001912,39519,2026-09-23T17:35:02.8234084-03:00,2026-09-23T17:35:02.8240666-03:00,2026-09-23T17:35:02.8669694-03:00,42903,43561,00,
001913,46038,2026-09-23T17:35:02.8284084-03:00,2026-09-23T17:35:02.8287282-03:00,2026-09-23T17:35:02.8511807-03:00,22453,22772,00,
001914,37475,2026-09-23T17:35:02.8334084-03:00,2026-09-23T17:35:02.8340818-03:00,2026-09-23T17:35:02.8604744-03:00,26393,27066,00,
001915,47033,2026-09-23T17:35:02.8384084-03:00,2026-09-23T17:35:02.8386986-03:00,2026-09-23T17:35:02.8604914-03:00,21793,22083,00,
001916,7918,2026-09-23T17:35:02.8434084-03:00,2026-09-23T17:35:02.843767-03:00,2026-09-23T17:35:02.8675054-03:00,23738,24097,00,
001917,6680,2026-09-23T17:35:02.8484084-03:00,2026-09-23T17:35:02.8490599-03:00,2026-09-23T17:35:02.8807513-03:00,31691,32343,00,
001918,10000,2026-09-23T17:35:02.8534084-03:00,2026-09-23T17:35:02.8537171-03:00,2026-09-23T17:35:02.8818115-03:00,28094,28403,00,
001919,36599,2026-09-23T17:35:02.8584084-03:00,2026-09-23T17:35:02.8588109-03:00,2026-09-23T17:35:02.880164-03:00,21353,21756,00,
001920,47012,2026-09-23T17:35:02.8634084-03:00,2026-09-23T17:35:02.8636182-03:00,2026-09-23T17:35:02.8926085-03:00,28990,29200,51,
001921,31781,2026-09-23T17:35:02.8684084-03:00,2026-09-23T17:35:02.8689975-03:00,2026-09-23T17:35:02.8936383-03:00,24641,25230,00,
001922,42682,2026-09-23T17:35:02.8734084-03:00,2026-09-23T17:35:02.8737468-03:00,2026-09-23T17:35:02.9145971-03:00,40850,41189,00,
001923,39175,2026-09-23T17:35:02.8784084-03:00,2026-09-23T17:35:02.8788987-03:00,2026-09-23T17:35:02.9014207-03:00,22522,23012,00,
001924,17020,2026-09-23T17:35:02.8834084-03:00,2026-09-23T17:35:02.8838561-03:00,2026-09-23T17:35:02.9142359-03:00,30380,30828,00,
001925,20288,2026-09-23T17:35:02.8884084-03:00,2026-09-23T17:35:02.8889456-03:00,2026-09-23T17:35:02.9131428-03:00,24197,24734,00,
001926,746,2026-09-23T17:35:02.8934084-03:00,2026-09-23T17:35:02.8936573-03:00,2026-09-23T17:35:02.9868536-03:00,93196,93445,00,
001927,28329,2026-09-23T17:35:02.8984084-03:00,2026-09-23T17:35:02.8989049-03:00,2026-09-23T17:35:02.9222355-03:00,23331,23827,14,
001928,5431,2026-09-23T17:35:02.9034084-03:00,2026-09-23T17:35:02.9038478-03:00,2026-09-23T17:35:02.927139-03:00,23291,23731,00,
001929,18732,2026-09-23T17:35:02.9084084-03:00,2026-09-23T17:35:02.9088477-03:00,2026-09-23T17:35:02.9412209-03:00,32373,32813,00,
001930,24980,2026-09-23T17:35:02.9134084-03:00,2026-09-23T17:35:02.9139945-03:00,2026-09-23T17:35:02.9445462-03:00,30552,31138,00,
001931,35305,2026-09-23T17:35:02.9184084-03:00,2026-09-23T17:35:02.9190587-03:00,2026-09-23T17:35:02.9537888-03:00,34730,35380,05,
001932,23226,2026-09-23T17:35:02.9234084-03:00,2026-09-23T17:35:02.9237878-03:00,2026-09-23T17:35:02.945079-03:00,21291,21671,51,
001933,27771,2026-09-23T17:35:02.9284084-03:00,2026-09-23T17:35:02.9291407-03:00,2026-09-23T17:35:02.9522186-03:00,23078,23810,00,
001934,29169,2026-09-23T17:35:02.9334084-03:00,2026-09-23T17:35:02.9334756-03:00,2026-09-23T17:35:02.9559072-03:00,22432,22499,00,
001935,9329,2026-09-23T17:35:02.9384084-03:00,2026-09-23T17:35:02.938566-03:00,2026-09-23T17:35:02.9772029-03:00,38637,38795,00,
001936,20113,2026-09-23T17:35:02.9434084-03:00,2026-09-23T17:35:02.9437272-03:00,2026-09-23T17:35:02.9797103-03:00,35983,36302,51,
001937,47060,2026-09-23T17:35:02.9484084-03:00,2026-09-23T17:35:02.9490592-03:00,2026-09-23T17:35:02.9757007-03:00,26642,27292,00,
001938,28717,2026-09-23T17:35:02.9534084-03:00,2026-09-23T17:35:02.9537231-03:00,2026-09-23T17:35:02.9964494-03:00,42726,43041,00,
001939,32567,2026-09-23T17:35:02.9584084-03:00,2026-09-23T17:35:02.9589195-03:00,2026-09-23T17:35:02.9884646-03:00,29545,30056,00,
001940,37789,2026-09-23T17:35:02.9634084-03:00,2026-09-23T17:35:02.9635918-03:00,2026-09-23T17:35:02.9911994-03:00,27608,27791,00,
001941,35735,2026-09-23T17:35:02.9684084-03:00,2026-09-23T17:35:02.9686887-03:00,2026-09-23T17:35:03.0223482-03:00,53660,53940,00,
001942,34325,2026-09-23T17:35:02.9734084-03:00,2026-09-23T17:35:02.9737877-03:00,2026-09-23T17:35:02.9958182-03:00,22031,22410,00,
001943,10273,2026-09-23T17:35:02.9784084-03:00,2026-09-23T17:35:02.9791779-03:00,2026-09-23T17:35:03.0085172-03:00,29339,30109,00,
001944,43958,2026-09-23T17:35:02.9834084-03:00,2026-09-23T17:35:02.9836556-03:00,2026-09-23T17:35:03.0070341-03:00,23379,23626,00,
001945,49686,2026-09-23T17:35:02.9884084-03:00,2026-09-23T17:35:02.9888716-03:00,2026-09-23T17:35:03.0445717-03:00,55700,56163,00,
001946,39284,2026-09-23T17:35:02.9934084-03:00,2026-09-23T17:35:02.994191-03:00,2026-09-23T17:35:03.0167797-03:00,22589,23371,00,
001947,6532,2026-09-23T17:35:02.9984084-03:00,2026-09-23T17:35:02.9989272-03:00,2026-09-23T17:35:03.0233645-03:00,24437,24956,00,
001948,3659,2026-09-23T17:35:03.0034084-03:00,2026-09-23T17:35:03.0036938-03:00,2026-09-23T17:35:03.0638579-03:00,60164,60450,00,
001949,30092,2026-09-23T17:35:03.0084084-03:00,2026-09-23T17:35:03.0088989-03:00,2026-09-23T17:35:03.0335844-03:00,24686,25176,00,
001950,18423,2026-09-23T17:35:03.0134084-03:00,2026-09-23T17:35:03.014072-03:00,2026-09-23T17:35:03.0366253-03:00,22553,23217,00,
001951,8978,2026-09-23T17:35:03.0184084-03:00,2026-09-23T17:35:03.018671-03:00,2026-09-23T17:35:03.043053-03:00,24382,24645,00,
001952,5886,2026-09-23T17:35:03.0234084-03:00,2026-09-23T17:35:03.0237611-03:00,2026-09-23T17:35:03.0518265-03:00,28065,28418,00,
001953,33424,2026-09-23T17:35:03.0284084-03:00,2026-09-23T17:35:03.0289374-03:00,2026-09-23T17:35:03.0539175-03:00,24980,25509,00,
001954,12081,2026-09-23T17:35:03.0334084-03:00,2026-09-23T17:35:03.033609-03:00,2026-09-23T17:35:03.0665102-03:00,32901,33102,00,
001955,41243,2026-09-23T17:35:03.0384084-03:00,2026-09-23T17:35:03.0386868-03:00,2026-09-23T17:35:03.09275-03:00,54063,54342,00,
001956,30124,2026-09-23T17:35:03.0434084-03:00,2026-09-23T17:35:03.0438711-03:00,2026-09-23T17:35:03.0675672-03:00,23696,24159,00,
001957,26043,2026-09-23T17:35:03.0484084-03:00,2026-09-23T17:35:03.0491749-03:00,2026-09-23T17:35:03.0778187-03:00,28644,29410,00,
001958,5760,2026-09-23T17:35:03.0534084-03:00,2026-09-23T17:35:03.0538305-03:00,2026-09-23T17:35:03.0778017-03:00,23971,24393,91,
001959,23065,2026-09-23T17:35:03.0584084-03:00,2026-09-23T17:35:03.0589497-03:00,2026-09-23T17:35:03.0831526-03:00,24203,24744,00,
001960,23000,2026-09-23T17:35:03.0634084-03:00,2026-09-23T17:35:03.0637187-03:00,2026-09-23T17:35:03.0955753-03:00,31857,32167,00,
001961,14387,2026-09-23T17:35:03.0684084-03:00,2026-09-23T17:35:03.0690436-03:00,2026-09-23T17:35:03.1001544-03:00,31111,31746,00,
001962,10733,2026-09-23T17:35:03.0734084-03:00,2026-09-23T17:35:03.0736383-03:00,2026-09-23T17:35:03.1001856-03:00,26547,26777,00,
001963,19836,2026-09-23T17:35:03.0784084-03:00,2026-09-23T17:35:03.0789168-03:00,2026-09-23T17:35:03.1157917-03:00,36875,37383,00,
001964,9829,2026-09-23T17:35:03.0834084-03:00,2026-09-23T17:35:03.0841114-03:00,2026-09-23T17:35:03.110833-03:00,26722,27425,00,
001965,2249,2026-09-23T17:35:03.0884084-03:00,2026-09-23T17:35:03.0886768-03:00,2026-09-23T17:35:03.1157736-03:00,27097,27365,00,
001966,32751,2026-09-23T17:35:03.0934084-03:00,2026-09-23T17:35:03.0937908-03:00,2026-09-23T17:35:03.1254218-03:00,31631,32013,51,
001967,4600,2026-09-23T17:35:03.0984084-03:00,2026-09-23T17:35:03.0990519-03:00,2026-09-23T17:35:03.1309802-03:00,31928,32572,00,
001968,34255,2026-09-23T17:35:03.1034084-03:00,2026-09-23T17:35:03.1036883-03:00,2026-09-23T17:35:03.15183-03:00,48142,48422,00,
001969,34004,2026-09-23T17:35:03.1084084-03:00,2026-09-23T17:35:03.1086755-03:00,2026-09-23T17:35:03.147639-03:00,38964,39231,00,
001970,7587,2026-09-23T17:35:03.1134084-03:00,2026-09-23T17:35:03.1141531-03:00,2026-09-23T17:35:03.1418659-03:00,27713,28458,00,
001971,12892,2026-09-23T17:35:03.1184084-03:00,2026-09-23T17:35:03.1187254-03:00,2026-09-23T17:35:03.14068-03:00,21955,22272,00,
001972,31391,2026-09-23T17:35:03.1234084-03:00,2026-09-23T17:35:03.1237927-03:00,2026-09-23T17:35:03.151812-03:00,28019,28404,00,
001973,31398,2026-09-23T17:35:03.1284084-03:00,2026-09-23T17:35:03.1291181-03:00,2026-09-23T17:35:03.1561426-03:00,27025,27734,00,
001974,33371,2026-09-23T17:35:03.1334084-03:00,2026-09-23T17:35:03.1338918-03:00,2026-09-23T17:35:03.1614938-03:00,27602,28085,00,
001975,11742,2026-09-23T17:35:03.1384084-03:00,2026-09-23T17:35:03.1384927-03:00,2026-09-23T17:35:03.1625896-03:00,24097,24181,00,
001976,3657,2026-09-23T17:35:03.1434084-03:00,2026-09-23T17:35:03.1439618-03:00,2026-09-23T17:35:03.1771631-03:00,33201,33755,51,
001977,6626,2026-09-23T17:35:03.1484084-03:00,2026-09-23T17:35:03.1486043-03:00,2026-09-23T17:35:03.1957285-03:00,47124,47320,00,
001978,8625,2026-09-23T17:35:03.1534084-03:00,2026-09-23T17:35:03.1539155-03:00,2026-09-23T17:35:03.1902596-03:00,36344,36851,00,
001979,28165,2026-09-23T17:35:03.1584084-03:00,2026-09-23T17:35:03.1587441-03:00,2026-09-23T17:35:03.1837379-03:00,24994,25330,14,
001980,40310,2026-09-23T17:35:03.1634084-03:00,2026-09-23T17:35:03.1636581-03:00,2026-09-23T17:35:03.1879374-03:00,24279,24529,00,
001981,9743,2026-09-23T17:35:03.1684084-03:00,2026-09-23T17:35:03.1687803-03:00,2026-09-23T17:35:03.2170786-03:00,48298,48670,91,
001982,13592,2026-09-23T17:35:03.1734084-03:00,2026-09-23T17:35:03.1738978-03:00,2026-09-23T17:35:03.2129547-03:00,39057,39546,00,
001983,38941,2026-09-23T17:35:03.1784084-03:00,2026-09-23T17:35:03.1787304-03:00,2026-09-23T17:35:03.2040548-03:00,25324,25646,00,
001984,7004,2026-09-23T17:35:03.1834084-03:00,2026-09-23T17:35:03.1836378-03:00,2026-09-23T17:35:03.2203227-03:00,36685,36914,00,
001985,7881,2026-09-23T17:35:03.1884084-03:00,2026-09-23T17:35:03.1890328-03:00,2026-09-23T17:35:03.2214385-03:00,32406,33030,00,
001986,38375,2026-09-23T17:35:03.1934084-03:00,2026-09-23T17:35:03.1939337-03:00,2026-09-23T17:35:03.2170677-03:00,23134,23659,00,
001987,49189,2026-09-23T17:35:03.1984084-03:00,2026-09-23T17:35:03.1988008-03:00,2026-09-23T17:35:03.223613-03:00,24812,25205,00,
001988,2408,2026-09-23T17:35:03.2034084-03:00,2026-09-23T17:35:03.2039607-03:00,2026-09-23T17:35:03.2316605-03:00,27700,28252,51,
001989,17800,2026-09-23T17:35:03.2084084-03:00,2026-09-23T17:35:03.2086837-03:00,2026-09-23T17:35:03.2499481-03:00,41264,41540,14,
001990,3059,2026-09-23T17:35:03.2134084-03:00,2026-09-23T17:35:03.2138369-03:00,2026-09-23T17:35:03.2366011-03:00,22764,23193,00,
001991,8389,2026-09-23T17:35:03.2184084-03:00,2026-09-23T17:35:03.2186175-03:00,2026-09-23T17:35:03.243566-03:00,24949,25158,00,
001992,44120,2026-09-23T17:35:03.2234084-03:00,2026-09-23T17:35:03.2236378-03:00,2026-09-23T17:35:03.2511331-03:00,27495,27725,00,
001993,19396,2026-09-23T17:35:03.2284084-03:00,2026-09-23T17:35:03.228845-03:00,2026-09-23T17:35:03.2695156-03:00,40671,41107,00,
001994,25491,2026-09-23T17:35:03.2334084-03:00,2026-09-23T17:35:03.2340102-03:00,2026-09-23T17:35:03.2706497-03:00,36640,37241,05,
001995,28336,2026-09-23T17:35:03.2384084-03:00,2026-09-23T17:35:03.2390379-03:00,2026-09-23T17:35:03.2768463-03:00,37808,38438,00,
001996,21202,2026-09-23T17:35:03.2434084-03:00,2026-09-23T17:35:03.2435956-03:00,2026-09-23T17:35:03.2723224-03:00,28727,28914,51,
001997,44587,2026-09-23T17:35:03.2484084-03:00,2026-09-23T17:35:03.2487529-03:00,2026-09-23T17:35:03.2751723-03:00,26419,26764,00,
001998,24519,2026-09-23T17:35:03.2534084-03:00,2026-09-23T17:35:03.2537176-03:00,2026-09-23T17:35:03.3039358-03:00,50218,50527,00,
001999,46295,2026-09-23T17:35:03.2584084-03:00,2026-09-23T17:35:03.25887-03:00,2026-09-23T17:35:03.2828584-03:00,23988,24450,00,
002000,13836,2026-09-23T17:35:03.2634084-03:00,2026-09-23T17:35:03.2635264-03:00,2026-09-23T17:35:03.2903337-03:00,26807,26925,00,
002001,21276,2026-09-23T17:35:03.2684084-03:00,2026-09-23T17:35:03.268805-03:00,2026-09-23T17:35:03.2903118-03:00,21507,21903,00,
002002,39250,2026-09-23T17:35:03.2734084-03:00,2026-09-23T17:35:03.2739157-03:00,2026-09-23T17:35:03.3115227-03:00,37607,38114,00,
002003,22766,2026-09-23T17:35:03.2784084-03:00,2026-09-23T17:35:03.278926-03:00,2026-09-23T17:35:03.3066148-03:00,27689,28206,00,
002004,12006,2026-09-23T17:35:03.2834084-03:00,2026-09-23T17:35:03.2839201-03:00,2026-09-23T17:35:03.3115173-03:00,27597,28109,51,
002005,10591,2026-09-23T17:35:03.2884084-03:00,2026-09-23T17:35:03.2885814-03:00,2026-09-23T17:35:03.3262436-03:00,37662,37835,00,
002006,48153,2026-09-23T17:35:03.2934084-03:00,2026-09-23T17:35:03.2938912-03:00,2026-09-23T17:35:03.323991-03:00,30100,30583,00,
002007,19940,2026-09-23T17:35:03.2984084-03:00,2026-09-23T17:35:03.298634-03:00,2026-09-23T17:35:03.3245831-03:00,25949,26175,00,
002008,13406,2026-09-23T17:35:03.3034084-03:00,2026-09-23T17:35:03.3038459-03:00,2026-09-23T17:35:03.3327172-03:00,28871,29309,00,
002009,11524,2026-09-23T17:35:03.3084084-03:00,2026-09-23T17:35:03.308711-03:00,2026-09-23T17:35:03.3412356-03:00,32525,32827,00,
002010,8610,2026-09-23T17:35:03.3134084-03:00,2026-09-23T17:35:03.3136047-03:00,2026-09-23T17:35:03.3442328-03:00,30628,30824,00,
002011,40607,2026-09-23T17:35:03.3184084-03:00,2026-09-23T17:35:03.3187356-03:00,2026-09-23T17:35:03.3430772-03:00,24342,24669,05,
002012,6264,2026-09-23T17:35:03.3234084-03:00,2026-09-23T17:35:03.3239074-03:00,2026-09-23T17:35:03.3449414-03:00,21034,21533,00,
002013,47278,2026-09-23T17:35:03.3284084-03:00,2026-09-23T17:35:03.3288155-03:00,2026-09-23T17:35:03.352672-03:00,23857,24264,00,
002014,45570,2026-09-23T17:35:03.3334084-03:00,2026-09-23T17:35:03.3337893-03:00,2026-09-23T17:35:03.3563782-03:00,22589,22970,00,
002015,25513,2026-09-23T17:35:03.3384084-03:00,2026-09-23T17:35:03.3389621-03:00,2026-09-23T17:35:03.362311-03:00,23349,23903,00,
002016,9025,2026-09-23T17:35:03.3434084-03:00,2026-09-23T17:35:03.3441407-03:00,2026-09-23T17:35:03.3674954-03:00,23355,24087,05,
002017,1577,2026-09-23T17:35:03.3484084-03:00,2026-09-23T17:35:03.3489809-03:00,2026-09-23T17:35:03.3725282-03:00,23547,24120,00,
002018,36766,2026-09-23T17:35:03.3534084-03:00,2026-09-23T17:35:03.3537066-03:00,2026-09-23T17:35:03.391871-03:00,38164,38463,05,
002019,21825,2026-09-23T17:35:03.3584084-03:00,2026-09-23T17:35:03.3590596-03:00,2026-09-23T17:35:03.3813302-03:00,22271,22922,00,
002020,36688,2026-09-23T17:35:03.3634084-03:00,2026-09-23T17:35:03.3638787-03:00,2026-09-23T17:35:03.3940424-03:00,30164,30634,00,
002021,7915,2026-09-23T17:35:03.3684084-03:00,2026-09-23T17:35:03.368894-03:00,2026-09-23T17:35:03.3907098-03:00,21816,22301,51,
002022,45587,2026-09-23T17:35:03.3734084-03:00,2026-09-23T17:35:03.3739115-03:00,2026-09-23T17:35:03.3952997-03:00,21388,21891,00,
002023,32196,2026-09-23T17:35:03.3784084-03:00,2026-09-23T17:35:03.37892-03:00,2026-09-23T17:35:03.4260691-03:00,47149,47661,00,
002024,30075,2026-09-23T17:35:03.3834084-03:00,2026-09-23T17:35:03.3839209-03:00,2026-09-23T17:35:03.4053817-03:00,21461,21973,00,
002025,12996,2026-09-23T17:35:03.3884084-03:00,2026-09-23T17:35:03.3884801-03:00,2026-09-23T17:35:03.4124249-03:00,23945,24017,00,
002026,35719,2026-09-23T17:35:03.3934084-03:00,2026-09-23T17:35:03.393967-03:00,2026-09-23T17:35:03.4160704-03:00,22103,22662,91,
002027,33325,2026-09-23T17:35:03.3984084-03:00,2026-09-23T17:35:03.3989501-03:00,2026-09-23T17:35:03.4260862-03:00,27136,27678,00,
002028,48364,2026-09-23T17:35:03.4034084-03:00,2026-09-23T17:35:03.4036254-03:00,2026-09-23T17:35:03.4433375-03:00,39712,39929,05,
002029,38868,2026-09-23T17:35:03.4084084-03:00,2026-09-23T17:35:03.4090274-03:00,2026-09-23T17:35:03.4450626-03:00,36035,36654,00,
002030,19157,2026-09-23T17:35:03.4134084-03:00,2026-09-23T17:35:03.4138137-03:00,2026-09-23T17:35:03.4381328-03:00,24319,24724,00,
002031,49720,2026-09-23T17:35:03.4184084-03:00,2026-09-23T17:35:03.4186558-03:00,2026-09-23T17:35:03.4477726-03:00,29117,29364,00,
002032,5133,2026-09-23T17:35:03.4234084-03:00,2026-09-23T17:35:03.4238469-03:00,2026-09-23T17:35:03.4472204-03:00,23374,23812,91,
002033,37268,2026-09-23T17:35:03.4284084-03:00,2026-09-23T17:35:03.4287475-03:00,2026-09-23T17:35:03.4994843-03:00,70737,71076,00,
002034,39264,2026-09-23T17:35:03.4334084-03:00,2026-09-23T17:35:03.4338572-03:00,2026-09-23T17:35:03.4743856-03:00,40528,40977,00,
002035,12763,2026-09-23T17:35:03.4384084-03:00,2026-09-23T17:35:03.438604-03:00,2026-09-23T17:35:03.4994636-03:00,60860,61055,00,
002036,24904,2026-09-23T17:35:03.4434084-03:00,2026-09-23T17:35:03.443957-03:00,2026-09-23T17:35:03.4722546-03:00,28298,28846,00,
002037,22826,2026-09-23T17:35:03.4484084-03:00,2026-09-23T17:35:03.4487311-03:00,2026-09-23T17:35:03.4817529-03:00,33022,33345,00,
002038,24241,2026-09-23T17:35:03.4534084-03:00,2026-09-23T17:35:03.4538449-03:00,2026-09-23T17:35:03.4968012-03:00,42956,43393,00,
002039,1141,2026-09-23T17:35:03.4584084-03:00,2026-09-23T17:35:03.4589481-03:00,2026-09-23T17:35:03.4817495-03:00,22801,23341,51,
002040,23235,2026-09-23T17:35:03.4634084-03:00,2026-09-23T17:35:03.4639352-03:00,2026-09-23T17:35:03.4884357-03:00,24501,25027,00,
002041,26330,2026-09-23T17:35:03.4684084-03:00,2026-09-23T17:35:03.468561-03:00,2026-09-23T17:35:03.4950928-03:00,26532,26684,00,
002042,40993,2026-09-23T17:35:03.4734084-03:00,2026-09-23T17:35:03.4738022-03:00,2026-09-23T17:35:03.5015925-03:00,27790,28184,00,
002043,36080,2026-09-23T17:35:03.4784084-03:00,2026-09-23T17:35:03.4789514-03:00,2026-09-23T17:35:03.5038039-03:00,24853,25396,00,
002044,49677,2026-09-23T17:35:03.4834084-03:00,2026-09-23T17:35:03.4837454-03:00,2026-09-23T17:35:03.5121558-03:00,28410,28747,00,
002045,46755,2026-09-23T17:35:03.4884084-03:00,2026-09-23T17:35:03.4888382-03:00,2026-09-23T17:35:03.5127982-03:00,23960,24390,51,
002046,31862,2026-09-23T17:35:03.4934084-03:00,2026-09-23T17:35:03.4939155-03:00,2026-09-23T17:35:03.5247082-03:00,30793,31300,00,
002047,41943,2026-09-23T17:35:03.4984084-03:00,2026-09-23T17:35:03.4988949-03:00,2026-09-23T17:35:03.5247277-03:00,25833,26319,00,
002048,13792,2026-09-23T17:35:03.5034084-03:00,2026-09-23T17:35:03.5037008-03:00,2026-09-23T17:35:03.525746-03:00,22045,22338,00,
002049,5696,2026-09-23T17:35:03.5084084-03:00,2026-09-23T17:35:03.5089102-03:00,2026-09-23T17:35:03.531062-03:00,22152,22654,00,
002050,29520,2026-09-23T17:35:03.5134084-03:00,2026-09-23T17:35:03.5137698-03:00,2026-09-23T17:35:03.5373825-03:00,23613,23974,14,
002051,12858,2026-09-23T17:35:03.5184084-03:00,2026-09-23T17:35:03.5189601-03:00,2026-09-23T17:35:03.5453931-03:00,26433,26985,14,
002052,18157,2026-09-23T17:35:03.5234084-03:00,2026-09-23T17:35:03.5236147-03:00,2026-09-23T17:35:03.5552576-03:00,31643,31849,00,
002053,23482,2026-09-23T17:35:03.5284084-03:00,2026-09-23T17:35:03.5288595-03:00,2026-09-23T17:35:03.5537457-03:00,24886,25337,51,
002054,38824,2026-09-23T17:35:03.5334084-03:00,2026-09-23T17:35:03.5336195-03:00,2026-09-23T17:35:03.5552576-03:00,21638,21849,00,
002055,46584,2026-09-23T17:35:03.5384084-03:00,2026-09-23T17:35:03.5390353-03:00,2026-09-23T17:35:03.5639778-03:00,24943,25569,00,
002056,45040,2026-09-23T17:35:03.5434084-03:00,2026-09-23T17:35:03.5436835-03:00,2026-09-23T17:35:03.5749388-03:00,31255,31530,00,
002057,23580,2026-09-23T17:35:03.5484084-03:00,2026-09-23T17:35:03.5490614-03:00,2026-09-23T17:35:03.5841032-03:00,35042,35695,00,
002058,14400,2026-09-23T17:35:03.5534084-03:00,2026-09-23T17:35:03.5537887-03:00,2026-09-23T17:35:03.5765183-03:00,22730,23110,00,
002059,25269,2026-09-23T17:35:03.5584084-03:00,2026-09-23T17:35:03.5591264-03:00,2026-09-23T17:35:03.5850819-03:00,25956,26674,00,
002060,27561,2026-09-23T17:35:03.5634084-03:00,2026-09-23T17:35:03.5638389-03:00,2026-09-23T17:35:03.5875569-03:00,23718,24149,00,
002061,30303,2026-09-23T17:35:03.5684084-03:00,2026-09-23T17:35:03.5691886-03:00,2026-09-23T17:35:03.5952916-03:00,26103,26883,00,
002062,49283,2026-09-23T17:35:03.5734084-03:00,2026-09-23T17:35:03.5736777-03:00,2026-09-23T17:35:03.6018725-03:00,28195,28464,00,
002063,35044,2026-09-23T17:35:03.5784084-03:00,2026-09-23T17:35:03.5790081-03:00,2026-09-23T17:35:03.6044116-03:00,25404,26003,00,
002064,13570,2026-09-23T17:35:03.5834084-03:00,2026-09-23T17:35:03.5837896-03:00,2026-09-23T17:35:03.6063055-03:00,22516,22897,00,
002065,41973,2026-09-23T17:35:03.5884084-03:00,2026-09-23T17:35:03.5898586-03:00,2026-09-23T17:35:03.628391-03:00,38532,39983,51,
002066,1424,2026-09-23T17:35:03.5934084-03:00,2026-09-23T17:35:03.5940784-03:00,2026-09-23T17:35:03.6183611-03:00,24283,24953,00,
002067,4169,2026-09-23T17:35:03.5984084-03:00,2026-09-23T17:35:03.5987092-03:00,2026-09-23T17:35:03.6237914-03:00,25082,25383,00,
002068,16080,2026-09-23T17:35:03.6034084-03:00,2026-09-23T17:35:03.6039419-03:00,2026-09-23T17:35:03.6441762-03:00,40234,40768,00,
002069,807,2026-09-23T17:35:03.6084084-03:00,2026-09-23T17:35:03.6091205-03:00,2026-09-23T17:35:03.6314151-03:00,22295,23007,00,
002070,28451,2026-09-23T17:35:03.6134084-03:00,2026-09-23T17:35:03.6138719-03:00,2026-09-23T17:35:03.6400756-03:00,26204,26667,00,
002071,12847,2026-09-23T17:35:03.6184084-03:00,2026-09-23T17:35:03.6191932-03:00,2026-09-23T17:35:03.6424949-03:00,23302,24087,00,
002072,3363,2026-09-23T17:35:03.6234084-03:00,2026-09-23T17:35:03.6236843-03:00,2026-09-23T17:35:03.680449-03:00,56765,57041,00,
002073,43779,2026-09-23T17:35:03.6284084-03:00,2026-09-23T17:35:03.6290592-03:00,2026-09-23T17:35:03.6948093-03:00,65750,66401,00,
002074,26364,2026-09-23T17:35:03.6334084-03:00,2026-09-23T17:35:03.6339846-03:00,2026-09-23T17:35:03.6575776-03:00,23593,24169,00,
002075,31813,2026-09-23T17:35:03.6384084-03:00,2026-09-23T17:35:03.6388889-03:00,2026-09-23T17:35:03.6709737-03:00,32085,32565,00,
002076,29079,2026-09-23T17:35:03.6434084-03:00,2026-09-23T17:35:03.6440384-03:00,2026-09-23T17:35:03.6688896-03:00,24851,25481,00,
002077,39988,2026-09-23T17:35:03.6484084-03:00,2026-09-23T17:35:03.6490399-03:00,2026-09-23T17:35:03.6751589-03:00,26119,26751,51,
002078,37949,2026-09-23T17:35:03.6534084-03:00,2026-09-23T17:35:03.6540378-03:00,2026-09-23T17:35:03.6804247-03:00,26387,27016,00,
002079,7282,2026-09-23T17:35:03.6584084-03:00,2026-09-23T17:35:03.6590207-03:00,2026-09-23T17:35:03.6837773-03:00,24757,25369,00,
002080,43349,2026-09-23T17:35:03.6634084-03:00,2026-09-23T17:35:03.6636557-03:00,2026-09-23T17:35:03.6887434-03:00,25088,25335,00,
002081,22861,2026-09-23T17:35:03.6684084-03:00,2026-09-23T17:35:03.6687911-03:00,2026-09-23T17:35:03.7094158-03:00,40625,41007,00,
002082,42976,2026-09-23T17:35:03.6734084-03:00,2026-09-23T17:35:03.6739912-03:00,2026-09-23T17:35:03.6987916-03:00,24800,25383,00,
002083,42388,2026-09-23T17:35:03.6784084-03:00,2026-09-23T17:35:03.6789611-03:00,2026-09-23T17:35:03.7161843-03:00,37223,37776,00,
002084,15041,2026-09-23T17:35:03.6834084-03:00,2026-09-23T17:35:03.6838028-03:00,2026-09-23T17:35:03.7100215-03:00,26219,26613,00,
002085,4458,2026-09-23T17:35:03.6884084-03:00,2026-09-23T17:35:03.6886069-03:00,2026-09-23T17:35:03.7116242-03:00,23017,23216,00,
002086,39934,2026-09-23T17:35:03.6934084-03:00,2026-09-23T17:35:03.6941375-03:00,2026-09-23T17:35:03.7172827-03:00,23145,23874,00,
002087,5321,2026-09-23T17:35:03.6984084-03:00,2026-09-23T17:35:03.6994285-03:00,2026-09-23T17:35:03.7225508-03:00,23122,24142,00,
002088,7191,2026-09-23T17:35:03.7034084-03:00,2026-09-23T17:35:03.7039756-03:00,2026-09-23T17:35:03.7323687-03:00,28393,28960,00,
002089,11855,2026-09-23T17:35:03.7084084-03:00,2026-09-23T17:35:03.7089647-03:00,2026-09-23T17:35:03.7329009-03:00,23936,24493,00,
002090,43346,2026-09-23T17:35:03.7134084-03:00,2026-09-23T17:35:03.7134501-03:00,2026-09-23T17:35:03.7666345-03:00,53184,53226,00,
002091,18147,2026-09-23T17:35:03.7184084-03:00,2026-09-23T17:35:03.7189092-03:00,2026-09-23T17:35:03.7522921-03:00,33383,33884,00,
002092,1694,2026-09-23T17:35:03.7234084-03:00,2026-09-23T17:35:03.7240615-03:00,2026-09-23T17:35:03.7522667-03:00,28205,28858,00,
002093,20024,2026-09-23T17:35:03.7284084-03:00,2026-09-23T17:35:03.7286994-03:00,2026-09-23T17:35:03.7561217-03:00,27422,27713,00,
002094,32070,2026-09-23T17:35:03.7334084-03:00,2026-09-23T17:35:03.7339072-03:00,2026-09-23T17:35:03.7666165-03:00,32709,33208,00,
002095,38116,2026-09-23T17:35:03.7384084-03:00,2026-09-23T17:35:03.7386654-03:00,2026-09-23T17:35:03.7640149-03:00,25350,25607,00,
002096,8426,2026-09-23T17:35:03.7434084-03:00,2026-09-23T17:35:03.7438159-03:00,2026-09-23T17:35:03.7687225-03:00,24907,25314,51,
002097,46451,2026-09-23T17:35:03.7484084-03:00,2026-09-23T17:35:03.7485439-03:00,2026-09-23T17:35:03.7702886-03:00,21745,21880,00,
002098,18738,2026-09-23T17:35:03.7534084-03:00,2026-09-23T17:35:03.7538604-03:00,2026-09-23T17:35:03.8047303-03:00,50870,51322,00,
002099,25990,2026-09-23T17:35:03.7584084-03:00,2026-09-23T17:35:03.758649-03:00,2026-09-23T17:35:03.7912795-03:00,32631,32871,00,
002100,49305,2026-09-23T17:35:03.7634084-03:00,2026-09-23T17:35:03.7637075-03:00,2026-09-23T17:35:03.7912972-03:00,27590,27889,00,
002101,30723,2026-09-23T17:35:03.7684084-03:00,2026-09-23T17:35:03.7686637-03:00,2026-09-23T17:35:03.825885-03:00,57221,57477,51,
002102,33878,2026-09-23T17:35:03.7734084-03:00,2026-09-23T17:35:03.773861-03:00,2026-09-23T17:35:03.8067817-03:00,32921,33373,51,
002103,41685,2026-09-23T17:35:03.7784084-03:00,2026-09-23T17:35:03.7785308-03:00,2026-09-23T17:35:03.8174521-03:00,38921,39044,00,
002104,24608,2026-09-23T17:35:03.7834084-03:00,2026-09-23T17:35:03.7839855-03:00,2026-09-23T17:35:03.8103309-03:00,26345,26923,00,
002105,21197,2026-09-23T17:35:03.7884084-03:00,2026-09-23T17:35:03.7885672-03:00,2026-09-23T17:35:03.8222462-03:00,33679,33838,00,
002106,12090,2026-09-23T17:35:03.7934084-03:00,2026-09-23T17:35:03.7938517-03:00,2026-09-23T17:35:03.8319446-03:00,38093,38536,00,
002107,44559,2026-09-23T17:35:03.7984084-03:00,2026-09-23T17:35:03.798942-03:00,2026-09-23T17:35:03.8216509-03:00,22709,23243,00,
002108,25595,2026-09-23T17:35:03.8034084-03:00,2026-09-23T17:35:03.8035467-03:00,2026-09-23T17:35:03.8346456-03:00,31099,31237,14,
002109,36450,2026-09-23T17:35:03.8084084-03:00,2026-09-23T17:35:03.8088118-03:00,2026-09-23T17:35:03.835232-03:00,26420,26824,00,
002110,32075,2026-09-23T17:35:03.8134084-03:00,2026-09-23T17:35:03.8137118-03:00,2026-09-23T17:35:03.8414506-03:00,27739,28042,51,
002111,13648,2026-09-23T17:35:03.8184084-03:00,2026-09-23T17:35:03.8189776-03:00,2026-09-23T17:35:03.8477329-03:00,28755,29325,00,
002112,4552,2026-09-23T17:35:03.8234084-03:00,2026-09-23T17:35:03.8237312-03:00,2026-09-23T17:35:03.8650537-03:00,41323,41645,51,
002113,2460,2026-09-23T17:35:03.8284084-03:00,2026-09-23T17:35:03.8292575-03:00,2026-09-23T17:35:03.8505104-03:00,21253,22102,14,
002114,19320,2026-09-23T17:35:03.8334084-03:00,2026-09-23T17:35:03.8340132-03:00,2026-09-23T17:35:03.8603129-03:00,26300,26905,00,
002115,13617,2026-09-23T17:35:03.8384084-03:00,2026-09-23T17:35:03.8387689-03:00,2026-09-23T17:35:03.8607696-03:00,22001,22361,00,
002116,44916,2026-09-23T17:35:03.8434084-03:00,2026-09-23T17:35:03.8439711-03:00,2026-09-23T17:35:03.8730959-03:00,29125,29688,00,
002117,6739,2026-09-23T17:35:03.8484084-03:00,2026-09-23T17:35:03.8488132-03:00,2026-09-23T17:35:03.8704267-03:00,21614,22018,51,
002118,19413,2026-09-23T17:35:03.8534084-03:00,2026-09-23T17:35:03.8539503-03:00,2026-09-23T17:35:03.8794299-03:00,25480,26022,00,
002119,5050,2026-09-23T17:35:03.8584084-03:00,2026-09-23T17:35:03.8585841-03:00,2026-09-23T17:35:03.9098623-03:00,51278,51454,00,
002120,15228,2026-09-23T17:35:03.8634084-03:00,2026-09-23T17:35:03.8637631-03:00,2026-09-23T17:35:03.8949221-03:00,31159,31514,05,
002121,39819,2026-09-23T17:35:03.8684084-03:00,2026-09-23T17:35:03.8686943-03:00,2026-09-23T17:35:03.8999212-03:00,31227,31513,00,
002122,24794,2026-09-23T17:35:03.8734084-03:00,2026-09-23T17:35:03.8740891-03:00,2026-09-23T17:35:03.9092885-03:00,35199,35880,00,
002123,13077,2026-09-23T17:35:03.8784084-03:00,2026-09-23T17:35:03.8788955-03:00,2026-09-23T17:35:03.8999019-03:00,21006,21494,00,
002124,16079,2026-09-23T17:35:03.8834084-03:00,2026-09-23T17:35:03.8837554-03:00,2026-09-23T17:35:03.935659-03:00,51904,52251,00,
002125,16363,2026-09-23T17:35:03.8884084-03:00,2026-09-23T17:35:03.888933-03:00,2026-09-23T17:35:03.9125682-03:00,23635,24160,00,
002126,45078,2026-09-23T17:35:03.8934084-03:00,2026-09-23T17:35:03.893611-03:00,2026-09-23T17:35:03.9226488-03:00,29038,29240,00,
002127,8179,2026-09-23T17:35:03.8984084-03:00,2026-09-23T17:35:03.898762-03:00,2026-09-23T17:35:03.920482-03:00,21720,22074,00,
002128,26855,2026-09-23T17:35:03.9034084-03:00,2026-09-23T17:35:03.9039634-03:00,2026-09-23T17:35:03.9254514-03:00,21488,22043,05,
002129,20544,2026-09-23T17:35:03.9084084-03:00,2026-09-23T17:35:03.9086409-03:00,2026-09-23T17:35:03.933982-03:00,25341,25574,00,
002130,31252,2026-09-23T17:35:03.9134084-03:00,2026-09-23T17:35:03.9140888-03:00,2026-09-23T17:35:03.9618367-03:00,47748,48428,00,
002131,16159,2026-09-23T17:35:03.9184084-03:00,2026-09-23T17:35:03.9187523-03:00,2026-09-23T17:35:03.9479317-03:00,29179,29523,00,
002132,28804,2026-09-23T17:35:03.9234084-03:00,2026-09-23T17:35:03.9237443-03:00,2026-09-23T17:35:03.954465-03:00,30721,31057,00,
002133,33902,2026-09-23T17:35:03.9284084-03:00,2026-09-23T17:35:03.9290882-03:00,2026-09-23T17:35:03.9555289-03:00,26441,27121,00,
002134,3571,2026-09-23T17:35:03.9334084-03:00,2026-09-23T17:35:03.9338794-03:00,2026-09-23T17:35:03.9561097-03:00,22230,22701,05,
002135,29868,2026-09-23T17:35:03.9384084-03:00,2026-09-23T17:35:03.9388129-03:00,2026-09-23T17:35:03.9629778-03:00,24165,24569,05,
002136,1244,2026-09-23T17:35:03.9434084-03:00,2026-09-23T17:35:03.9441135-03:00,2026-09-23T17:35:03.9699335-03:00,25820,26525,51,
002137,40562,2026-09-23T17:35:03.9484084-03:00,2026-09-23T17:35:03.9485524-03:00,2026-09-23T17:35:03.9904611-03:00,41909,42053,00,
002138,3164,2026-09-23T17:35:03.9534084-03:00,2026-09-23T17:35:03.9537984-03:00,2026-09-23T17:35:03.9780671-03:00,24269,24659,05,
002139,5465,2026-09-23T17:35:03.9584084-03:00,2026-09-23T17:35:03.9586119-03:00,2026-09-23T17:35:03.9941067-03:00,35495,35698,00,
002140,2793,2026-09-23T17:35:03.9634084-03:00,2026-09-23T17:35:03.9643283-03:00,2026-09-23T17:35:03.9862196-03:00,21891,22811,05,
002141,30009,2026-09-23T17:35:03.9684084-03:00,2026-09-23T17:35:03.9688536-03:00,2026-09-23T17:35:03.9924746-03:00,23621,24066,00,
002142,46175,2026-09-23T17:35:03.9734084-03:00,2026-09-23T17:35:03.9739424-03:00,2026-09-23T17:35:04.0037607-03:00,29818,30352,00,
002143,22735,2026-09-23T17:35:03.9784084-03:00,2026-09-23T17:35:03.9790482-03:00,2026-09-23T17:35:04.0026182-03:00,23570,24210,00,
002144,40656,2026-09-23T17:35:03.9834084-03:00,2026-09-23T17:35:03.9840458-03:00,2026-09-23T17:35:04.0073977-03:00,23352,23989,00,
002145,10084,2026-09-23T17:35:03.9884084-03:00,2026-09-23T17:35:03.9887752-03:00,2026-09-23T17:35:04.0131682-03:00,24393,24760,00,
002146,43191,2026-09-23T17:35:03.9934084-03:00,2026-09-23T17:35:03.994033-03:00,2026-09-23T17:35:04.0166751-03:00,22642,23267,51,
002147,12215,2026-09-23T17:35:03.9984084-03:00,2026-09-23T17:35:03.998744-03:00,2026-09-23T17:35:04.0240153-03:00,25271,25607,00,
002148,36496,2026-09-23T17:35:04.0034084-03:00,2026-09-23T17:35:04.0038242-03:00,2026-09-23T17:35:04.0282423-03:00,24418,24834,00,
002149,16126,2026-09-23T17:35:04.0084084-03:00,2026-09-23T17:35:04.0089663-03:00,2026-09-23T17:35:04.0352629-03:00,26297,26855,00,
002150,1821,2026-09-23T17:35:04.0134084-03:00,2026-09-23T17:35:04.0144118-03:00,2026-09-23T17:35:04.0379502-03:00,23538,24542,00,
002151,42474,2026-09-23T17:35:04.0184084-03:00,2026-09-23T17:35:04.018748-03:00,2026-09-23T17:35:04.0437678-03:00,25020,25359,00,
002152,8626,2026-09-23T17:35:04.0234084-03:00,2026-09-23T17:35:04.0239432-03:00,2026-09-23T17:35:04.0567855-03:00,32842,33377,00,
002153,42830,2026-09-23T17:35:04.0284084-03:00,2026-09-23T17:35:04.0287673-03:00,2026-09-23T17:35:04.0568103-03:00,28043,28402,00,
002154,20203,2026-09-23T17:35:04.0334084-03:00,2026-09-23T17:35:04.034003-03:00,2026-09-23T17:35:04.0567941-03:00,22791,23386,00,
002155,31179,2026-09-23T17:35:04.0384084-03:00,2026-09-23T17:35:04.0390525-03:00,2026-09-23T17:35:04.0641971-03:00,25145,25789,00,
002156,9917,2026-09-23T17:35:04.0434084-03:00,2026-09-23T17:35:04.0437024-03:00,2026-09-23T17:35:04.1020383-03:00,58336,58630,00,
002157,29856,2026-09-23T17:35:04.0484084-03:00,2026-09-23T17:35:04.048959-03:00,2026-09-23T17:35:04.0806562-03:00,31697,32248,00,
002158,25683,2026-09-23T17:35:04.0534084-03:00,2026-09-23T17:35:04.0535635-03:00,2026-09-23T17:35:04.0788995-03:00,25336,25491,00,
002159,45033,2026-09-23T17:35:04.0584084-03:00,2026-09-23T17:35:04.0588495-03:00,2026-09-23T17:35:04.0838951-03:00,25046,25487,00,
002160,46499,2026-09-23T17:35:04.0634084-03:00,2026-09-23T17:35:04.0642311-03:00,2026-09-23T17:35:04.0885533-03:00,24322,25145,00,
002161,47834,2026-09-23T17:35:04.0684084-03:00,2026-09-23T17:35:04.0688401-03:00,2026-09-23T17:35:04.1365929-03:00,67753,68185,00,
002162,31258,2026-09-23T17:35:04.0734084-03:00,2026-09-23T17:35:04.0735093-03:00,2026-09-23T17:35:04.1095314-03:00,36022,36123,00,
002163,10396,2026-09-23T17:35:04.0784084-03:00,2026-09-23T17:35:04.0788264-03:00,2026-09-23T17:35:04.1072652-03:00,28439,28857,00,
002164,3379,2026-09-23T17:35:04.0834084-03:00,2026-09-23T17:35:04.0837977-03:00,2026-09-23T17:35:04.1100696-03:00,26272,26661,14,
002165,32355,2026-09-23T17:35:04.0884084-03:00,2026-09-23T17:35:04.0885705-03:00,2026-09-23T17:35:04.1106324-03:00,22062,22224,00,
002166,26788,2026-09-23T17:35:04.0934084-03:00,2026-09-23T17:35:04.0936398-03:00,2026-09-23T17:35:04.1243365-03:00,30697,30928,91,
002167,22583,2026-09-23T17:35:04.0984084-03:00,2026-09-23T17:35:04.098847-03:00,2026-09-23T17:35:04.1216511-03:00,22804,23243,00,
002168,25610,2026-09-23T17:35:04.1034084-03:00,2026-09-23T17:35:04.1035705-03:00,2026-09-23T17:35:04.1296603-03:00,26090,26252,00,
002169,4854,2026-09-23T17:35:04.1084084-03:00,2026-09-23T17:35:04.108813-03:00,2026-09-23T17:35:04.1344553-03:00,25642,26047,00,
002170,28824,2026-09-23T17:35:04.1134084-03:00,2026-09-23T17:35:04.1136814-03:00,2026-09-23T17:35:04.1377783-03:00,24097,24370,00,
002171,43752,2026-09-23T17:35:04.1184084-03:00,2026-09-23T17:35:04.1188957-03:00,2026-09-23T17:35:04.1455368-03:00,26641,27128,00,
002172,33530,2026-09-23T17:35:04.1234084-03:00,2026-09-23T17:35:04.1237407-03:00,2026-09-23T17:35:04.1506561-03:00,26915,27248,00,
002173,7417,2026-09-23T17:35:04.1284084-03:00,2026-09-23T17:35:04.1291595-03:00,2026-09-23T17:35:04.1555051-03:00,26346,27097,00,
002174,9677,2026-09-23T17:35:04.1334084-03:00,2026-09-23T17:35:04.1338151-03:00,2026-09-23T17:35:04.1656102-03:00,31795,32202,91,
002175,26195,2026-09-23T17:35:04.1384084-03:00,2026-09-23T17:35:04.1388838-03:00,2026-09-23T17:35:04.1727356-03:00,33852,34327,00,
002176,7295,2026-09-23T17:35:04.1434084-03:00,2026-09-23T17:35:04.1435631-03:00,2026-09-23T17:35:04.1923108-03:00,48748,48902,00,
002177,6214,2026-09-23T17:35:04.1484084-03:00,2026-09-23T17:35:04.1488848-03:00,2026-09-23T17:35:04.1748765-03:00,25992,26468,00,
002178,17471,2026-09-23T17:35:04.1534084-03:00,2026-09-23T17:35:04.1537669-03:00,2026-09-23T17:35:04.1835742-03:00,29807,30166,00,
002179,30656,2026-09-23T17:35:04.1584084-03:00,2026-09-23T17:35:04.1586209-03:00,2026-09-23T17:35:04.1824727-03:00,23852,24064,00,
002180,43536,2026-09-23T17:35:04.1634084-03:00,2026-09-23T17:35:04.1639063-03:00,2026-09-23T17:35:04.2063523-03:00,42446,42944,00,
002181,46492,2026-09-23T17:35:04.1684084-03:00,2026-09-23T17:35:04.1686041-03:00,2026-09-23T17:35:04.1917517-03:00,23148,23343,51,
002182,11434,2026-09-23T17:35:04.1734084-03:00,2026-09-23T17:35:04.1737481-03:00,2026-09-23T17:35:04.2013812-03:00,27633,27973,00,
002183,39283,2026-09-23T17:35:04.1784084-03:00,2026-09-23T17:35:04.1786893-03:00,2026-09-23T17:35:04.2002451-03:00,21556,21837,00,
002184,374,2026-09-23T17:35:04.1834084-03:00,2026-09-23T17:35:04.1835978-03:00,2026-09-23T17:35:04.216184-03:00,32586,32776,14,
002185,31101,2026-09-23T17:35:04.1884084-03:00,2026-09-23T17:35:04.1885586-03:00,2026-09-23T17:35:04.2131001-03:00,24542,24692,00,
002186,37894,2026-09-23T17:35:04.1934084-03:00,2026-09-23T17:35:04.19383-03:00,2026-09-23T17:35:04.2377841-03:00,43954,44376,00,
002187,5120,2026-09-23T17:35:04.1984084-03:00,2026-09-23T17:35:04.1990042-03:00,2026-09-23T17:35:04.2241864-03:00,25182,25778,00,
002188,29510,2026-09-23T17:35:04.2034084-03:00,2026-09-23T17:35:04.203978-03:00,2026-09-23T17:35:04.2345884-03:00,30610,31180,00,
002189,31933,2026-09-23T17:35:04.2084084-03:00,2026-09-23T17:35:04.2085705-03:00,2026-09-23T17:35:04.2351655-03:00,26595,26757,00,
002190,33439,2026-09-23T17:35:04.2134084-03:00,2026-09-23T17:35:04.2139604-03:00,2026-09-23T17:35:04.2510724-03:00,37112,37664,00,
002191,2817,2026-09-23T17:35:04.2184084-03:00,2026-09-23T17:35:04.2187543-03:00,2026-09-23T17:35:04.2441363-03:00,25382,25728,00,
002192,32874,2026-09-23T17:35:04.2234084-03:00,2026-09-23T17:35:04.2239737-03:00,2026-09-23T17:35:04.2456504-03:00,21677,22242,00,
002193,31349,2026-09-23T17:35:04.2284084-03:00,2026-09-23T17:35:04.2290819-03:00,2026-09-23T17:35:04.2549503-03:00,25868,26542,51,
002194,3762,2026-09-23T17:35:04.2334084-03:00,2026-09-23T17:35:04.2339637-03:00,2026-09-23T17:35:04.2695234-03:00,35560,36115,00,
002195,13089,2026-09-23T17:35:04.2384084-03:00,2026-09-23T17:35:04.2388762-03:00,2026-09-23T17:35:04.2733537-03:00,34478,34945,00,
002196,36287,2026-09-23T17:35:04.2434084-03:00,2026-09-23T17:35:04.2435341-03:00,2026-09-23T17:35:04.2663389-03:00,22805,22931,00,
002197,4615,2026-09-23T17:35:04.2484084-03:00,2026-09-23T17:35:04.2488394-03:00,2026-09-23T17:35:04.2722425-03:00,23403,23834,00,
002198,8016,2026-09-23T17:35:04.2534084-03:00,2026-09-23T17:35:04.2536543-03:00,2026-09-23T17:35:04.2794181-03:00,25764,26010,00,
002199,26985,2026-09-23T17:35:04.2584084-03:00,2026-09-23T17:35:04.2590238-03:00,2026-09-23T17:35:04.2835809-03:00,24557,25173,00,
002200,23942,2026-09-23T17:35:04.2634084-03:00,2026-09-23T17:35:04.2636003-03:00,2026-09-23T17:35:04.2872417-03:00,23641,23833,00,
002201,5011,2026-09-23T17:35:04.2684084-03:00,2026-09-23T17:35:04.2689019-03:00,2026-09-23T17:35:04.331101-03:00,62199,62693,00,
002202,39270,2026-09-23T17:35:04.2734084-03:00,2026-09-23T17:35:04.273772-03:00,2026-09-23T17:35:04.3102398-03:00,36468,36831,00,
002203,23353,2026-09-23T17:35:04.2784084-03:00,2026-09-23T17:35:04.2788314-03:00,2026-09-23T17:35:04.3025146-03:00,23683,24106,00,
002204,26889,2026-09-23T17:35:04.2834084-03:00,2026-09-23T17:35:04.2836079-03:00,2026-09-23T17:35:04.3102563-03:00,26648,26848,00,
002205,24533,2026-09-23T17:35:04.2884084-03:00,2026-09-23T17:35:04.2887628-03:00,2026-09-23T17:35:04.3128521-03:00,24089,24444,00,
002206,48840,2026-09-23T17:35:04.2934084-03:00,2026-09-23T17:35:04.2938793-03:00,2026-09-23T17:35:04.3162457-03:00,22366,22837,00,
002207,39228,2026-09-23T17:35:04.2984084-03:00,2026-09-23T17:35:04.2990759-03:00,2026-09-23T17:35:04.324543-03:00,25467,26135,00,
002208,29241,2026-09-23T17:35:04.3034084-03:00,2026-09-23T17:35:04.3038335-03:00,2026-09-23T17:35:04.3358044-03:00,31971,32396,00,
002209,26069,2026-09-23T17:35:04.3084084-03:00,2026-09-23T17:35:04.3090153-03:00,2026-09-23T17:35:04.3327234-03:00,23708,24315,00,
002210,12053,2026-09-23T17:35:04.3134084-03:00,2026-09-23T17:35:04.3140663-03:00,2026-09-23T17:35:04.3429733-03:00,28907,29565,51,
002211,1376,2026-09-23T17:35:04.3184084-03:00,2026-09-23T17:35:04.3187773-03:00,2026-09-23T17:35:04.3429554-03:00,24178,24547,00,
002212,7909,2026-09-23T17:35:04.3234084-03:00,2026-09-23T17:35:04.3239082-03:00,2026-09-23T17:35:04.3518462-03:00,27938,28438,05,
002213,44723,2026-09-23T17:35:04.3284084-03:00,2026-09-23T17:35:04.3286017-03:00,2026-09-23T17:35:04.3507866-03:00,22185,22378,51,
002214,27619,2026-09-23T17:35:04.3334084-03:00,2026-09-23T17:35:04.3336486-03:00,2026-09-23T17:35:04.3634542-03:00,29806,30046,00,
002215,13698,2026-09-23T17:35:04.3384084-03:00,2026-09-23T17:35:04.3388288-03:00,2026-09-23T17:35:04.3836173-03:00,44789,45209,00,
002216,33959,2026-09-23T17:35:04.3434084-03:00,2026-09-23T17:35:04.3439143-03:00,2026-09-23T17:35:04.3664045-03:00,22490,22996,00,
002217,11636,2026-09-23T17:35:04.3484084-03:00,2026-09-23T17:35:04.3485571-03:00,2026-09-23T17:35:04.372067-03:00,23510,23659,51,
002218,15265,2026-09-23T17:35:04.3534084-03:00,2026-09-23T17:35:04.3538937-03:00,2026-09-23T17:35:04.3820335-03:00,28140,28625,00,
002219,34005,2026-09-23T17:35:04.3584084-03:00,2026-09-23T17:35:04.3585511-03:00,2026-09-23T17:35:04.3841266-03:00,25576,25718,00,
002220,12839,2026-09-23T17:35:04.3634084-03:00,2026-09-23T17:35:04.3639941-03:00,2026-09-23T17:35:04.3901932-03:00,26199,26785,00,
002221,22847,2026-09-23T17:35:04.3684084-03:00,2026-09-23T17:35:04.3688914-03:00,2026-09-23T17:35:04.40175-03:00,32859,33342,00,
002222,4012,2026-09-23T17:35:04.3734084-03:00,2026-09-23T17:35:04.3736124-03:00,2026-09-23T17:35:04.4055513-03:00,31939,32143,00,
002223,7990,2026-09-23T17:35:04.3784084-03:00,2026-09-23T17:35:04.3787761-03:00,2026-09-23T17:35:04.4022048-03:00,23429,23796,05,
002224,11446,2026-09-23T17:35:04.3834084-03:00,2026-09-23T17:35:04.383642-03:00,2026-09-23T17:35:04.4055533-03:00,21911,22145,00,
002225,31868,2026-09-23T17:35:04.3884084-03:00,2026-09-23T17:35:04.3885627-03:00,2026-09-23T17:35:04.4279244-03:00,39362,39516,00,
002226,42986,2026-09-23T17:35:04.3934084-03:00,2026-09-23T17:35:04.39371-03:00,2026-09-23T17:35:04.4159102-03:00,22200,22502,51,
002227,1946,2026-09-23T17:35:04.3984084-03:00,2026-09-23T17:35:04.3988507-03:00,2026-09-23T17:35:04.4222015-03:00,23351,23793,00,
002228,17455,2026-09-23T17:35:04.4034084-03:00,2026-09-23T17:35:04.4037869-03:00,2026-09-23T17:35:04.426876-03:00,23089,23468,00,
002229,42918,2026-09-23T17:35:04.4084084-03:00,2026-09-23T17:35:04.40863-03:00,2026-09-23T17:35:04.4349557-03:00,26326,26547,05,
002230,47875,2026-09-23T17:35:04.4134084-03:00,2026-09-23T17:35:04.413677-03:00,2026-09-23T17:35:04.4370672-03:00,23390,23659,00,
002231,33874,2026-09-23T17:35:04.4184084-03:00,2026-09-23T17:35:04.418976-03:00,2026-09-23T17:35:04.4428581-03:00,23882,24450,14,
002232,38555,2026-09-23T17:35:04.4234084-03:00,2026-09-23T17:35:04.4237801-03:00,2026-09-23T17:35:04.4514454-03:00,27665,28037,00,
002233,22970,2026-09-23T17:35:04.4284084-03:00,2026-09-23T17:35:04.4289289-03:00,2026-09-23T17:35:04.4648526-03:00,35924,36444,00,
002234,17006,2026-09-23T17:35:04.4334084-03:00,2026-09-23T17:35:04.4337182-03:00,2026-09-23T17:35:04.4600727-03:00,26355,26664,00,
002235,42911,2026-09-23T17:35:04.4384084-03:00,2026-09-23T17:35:04.4386366-03:00,2026-09-23T17:35:04.4648501-03:00,26214,26442,00,
002236,21998,2026-09-23T17:35:04.4434084-03:00,2026-09-23T17:35:04.44394-03:00,2026-09-23T17:35:04.5008045-03:00,56865,57396,00,
002237,35214,2026-09-23T17:35:04.4484084-03:00,2026-09-23T17:35:04.4488373-03:00,2026-09-23T17:35:04.4737045-03:00,24867,25296,00,
002238,11366,2026-09-23T17:35:04.4534084-03:00,2026-09-23T17:35:04.4538591-03:00,2026-09-23T17:35:04.4911496-03:00,37291,37741,00,
002239,36808,2026-09-23T17:35:04.4584084-03:00,2026-09-23T17:35:04.4589313-03:00,2026-09-23T17:35:04.4873417-03:00,28410,28933,51,
002240,7873,2026-09-23T17:35:04.4634084-03:00,2026-09-23T17:35:04.4636051-03:00,2026-09-23T17:35:04.5138555-03:00,50250,50447,00,
002241,35140,2026-09-23T17:35:04.4684084-03:00,2026-09-23T17:35:04.4689595-03:00,2026-09-23T17:35:04.5521788-03:00,83219,83770,00,
002242,12008,2026-09-23T17:35:04.4734084-03:00,2026-09-23T17:35:04.4735264-03:00,2026-09-23T17:35:04.4964853-03:00,22959,23077,00,
002243,39497,2026-09-23T17:35:04.4784084-03:00,2026-09-23T17:35:04.4790552-03:00,2026-09-23T17:35:04.5018798-03:00,22825,23471,00,
002244,42934,2026-09-23T17:35:04.4834084-03:00,2026-09-23T17:35:04.483588-03:00,2026-09-23T17:35:04.5218578-03:00,38270,38449,00,
002245,10782,2026-09-23T17:35:04.4884084-03:00,2026-09-23T17:35:04.4889196-03:00,2026-09-23T17:35:04.5456083-03:00,56689,57200,51,
002246,21649,2026-09-23T17:35:04.4934084-03:00,2026-09-23T17:35:04.493727-03:00,2026-09-23T17:35:04.5165653-03:00,22838,23157,00,
002247,18521,2026-09-23T17:35:04.4984084-03:00,2026-09-23T17:35:04.4990883-03:00,2026-09-23T17:35:04.5212972-03:00,22209,22889,00,
002248,40058,2026-09-23T17:35:04.5034084-03:00,2026-09-23T17:35:04.50392-03:00,2026-09-23T17:35:04.5265649-03:00,22645,23157,00,
002249,1536,2026-09-23T17:35:04.5084084-03:00,2026-09-23T17:35:04.5085807-03:00,2026-09-23T17:35:04.5542435-03:00,45663,45835,00,
002250,15587,2026-09-23T17:35:04.5134084-03:00,2026-09-23T17:35:04.51377-03:00,2026-09-23T17:35:04.5405837-03:00,26814,27175,00,
002251,15443,2026-09-23T17:35:04.5184084-03:00,2026-09-23T17:35:04.5190896-03:00,2026-09-23T17:35:04.5485868-03:00,29497,30178,00,
002252,46951,2026-09-23T17:35:04.5234084-03:00,2026-09-23T17:35:04.523814-03:00,2026-09-23T17:35:04.5592964-03:00,35482,35888,00,
002253,19433,2026-09-23T17:35:04.5284084-03:00,2026-09-23T17:35:04.5290655-03:00,2026-09-23T17:35:04.5668053-03:00,37740,38397,00,
002254,7456,2026-09-23T17:35:04.5334084-03:00,2026-09-23T17:35:04.5337501-03:00,2026-09-23T17:35:04.5758341-03:00,42084,42426,00,
002255,40502,2026-09-23T17:35:04.5384084-03:00,2026-09-23T17:35:04.5388484-03:00,2026-09-23T17:35:04.5668267-03:00,27978,28418,00,
002256,12611,2026-09-23T17:35:04.5434084-03:00,2026-09-23T17:35:04.5436492-03:00,2026-09-23T17:35:04.5668051-03:00,23156,23397,00,
002257,32878,2026-09-23T17:35:04.5484084-03:00,2026-09-23T17:35:04.5486872-03:00,2026-09-23T17:35:04.5727467-03:00,24060,24338,00,
002258,14513,2026-09-23T17:35:04.5534084-03:00,2026-09-23T17:35:04.5536392-03:00,2026-09-23T17:35:04.5758509-03:00,22212,22443,00,
002259,43452,2026-09-23T17:35:04.5584084-03:00,2026-09-23T17:35:04.5587129-03:00,2026-09-23T17:35:04.5832795-03:00,24567,24871,00,
002260,1273,2026-09-23T17:35:04.5634084-03:00,2026-09-23T17:35:04.5638236-03:00,2026-09-23T17:35:04.5917246-03:00,27901,28316,00,
002261,23299,2026-09-23T17:35:04.5684084-03:00,2026-09-23T17:35:04.5691148-03:00,2026-09-23T17:35:04.5966537-03:00,27539,28245,05,
002262,13314,2026-09-23T17:35:04.5734084-03:00,2026-09-23T17:35:04.573667-03:00,2026-09-23T17:35:04.5997885-03:00,26122,26380,00,
002263,35397,2026-09-23T17:35:04.5784084-03:00,2026-09-23T17:35:04.5788674-03:00,2026-09-23T17:35:04.6332322-03:00,54365,54824,00,
002264,38318,2026-09-23T17:35:04.5834084-03:00,2026-09-23T17:35:04.5841897-03:00,2026-09-23T17:35:04.6138205-03:00,29631,30412,00,
002265,24283,2026-09-23T17:35:04.5884084-03:00,2026-09-23T17:35:04.5889876-03:00,2026-09-23T17:35:04.6191997-03:00,30212,30791,00,
002266,5039,2026-09-23T17:35:04.5934084-03:00,2026-09-23T17:35:04.5938012-03:00,2026-09-23T17:35:04.6982253-03:00,104424,104817,00,
002267,1893,2026-09-23T17:35:04.5984084-03:00,2026-09-23T17:35:04.5991576-03:00,2026-09-23T17:35:04.6326679-03:00,33510,34260,00,
002268,17126,2026-09-23T17:35:04.6034084-03:00,2026-09-23T17:35:04.6038333-03:00,2026-09-23T17:35:04.6452404-03:00,41407,41832,05,
002269,9657,2026-09-23T17:35:04.6084084-03:00,2026-09-23T17:35:04.6085015-03:00,2026-09-23T17:35:04.6326807-03:00,24179,24272,51,
002270,23270,2026-09-23T17:35:04.6134084-03:00,2026-09-23T17:35:04.613729-03:00,2026-09-23T17:35:04.6374391-03:00,23710,24031,00,
002271,4951,2026-09-23T17:35:04.6184084-03:00,2026-09-23T17:35:04.6190998-03:00,2026-09-23T17:35:04.6483458-03:00,29246,29937,00,
002272,15737,2026-09-23T17:35:04.6234084-03:00,2026-09-23T17:35:04.6237657-03:00,2026-09-23T17:35:04.6514271-03:00,27661,28019,00,
002273,6346,2026-09-23T17:35:04.6284084-03:00,2026-09-23T17:35:04.6288959-03:00,2026-09-23T17:35:04.663557-03:00,34661,35149,00,
002274,47764,2026-09-23T17:35:04.6334084-03:00,2026-09-23T17:35:04.6337105-03:00,2026-09-23T17:35:04.6571564-03:00,23446,23748,00,
002275,49108,2026-09-23T17:35:04.6384084-03:00,2026-09-23T17:35:04.6389391-03:00,2026-09-23T17:35:04.6774729-03:00,38534,39065,00,
002276,3662,2026-09-23T17:35:04.6434084-03:00,2026-09-23T17:35:04.643555-03:00,2026-09-23T17:35:04.6690436-03:00,25489,25635,00,
002277,16949,2026-09-23T17:35:04.6484084-03:00,2026-09-23T17:35:04.6487686-03:00,2026-09-23T17:35:04.6733646-03:00,24596,24956,00,
002278,45337,2026-09-23T17:35:04.6534084-03:00,2026-09-23T17:35:04.6539539-03:00,2026-09-23T17:35:04.6971451-03:00,43191,43737,00,
002279,19469,2026-09-23T17:35:04.6584084-03:00,2026-09-23T17:35:04.6588162-03:00,2026-09-23T17:35:04.6796006-03:00,20784,21192,00,
002280,18795,2026-09-23T17:35:04.6634084-03:00,2026-09-23T17:35:04.6635853-03:00,2026-09-23T17:35:04.7088582-03:00,45273,45450,00,
002281,20248,2026-09-23T17:35:04.6684084-03:00,2026-09-23T17:35:04.6687893-03:00,2026-09-23T17:35:04.6923417-03:00,23552,23933,91,
002282,25596,2026-09-23T17:35:04.6734084-03:00,2026-09-23T17:35:04.6737614-03:00,2026-09-23T17:35:04.695951-03:00,22190,22543,00,
002283,10737,2026-09-23T17:35:04.6784084-03:00,2026-09-23T17:35:04.678899-03:00,2026-09-23T17:35:04.7055299-03:00,26631,27122,51,
002284,11159,2026-09-23T17:35:04.6834084-03:00,2026-09-23T17:35:04.684034-03:00,2026-09-23T17:35:04.7066938-03:00,22660,23285,00,
002285,8528,2026-09-23T17:35:04.6884084-03:00,2026-09-23T17:35:04.6886325-03:00,2026-09-23T17:35:04.7182719-03:00,29639,29864,00,
002286,13429,2026-09-23T17:35:04.6934084-03:00,2026-09-23T17:35:04.6937497-03:00,2026-09-23T17:35:04.7182734-03:00,24524,24865,00,
002287,48581,2026-09-23T17:35:04.6984084-03:00,2026-09-23T17:35:04.6986579-03:00,2026-09-23T17:35:04.7239356-03:00,25278,25527,00,
002288,15268,2026-09-23T17:35:04.7034084-03:00,2026-09-23T17:35:04.7037861-03:00,2026-09-23T17:35:04.7276232-03:00,23837,24215,00,
002289,34834,2026-09-23T17:35:04.7084084-03:00,2026-09-23T17:35:04.7087745-03:00,2026-09-23T17:35:04.7340818-03:00,25307,25673,00,
002290,34777,2026-09-23T17:35:04.7134084-03:00,2026-09-23T17:35:04.7141181-03:00,2026-09-23T17:35:04.7473407-03:00,33223,33932,00,
002291,7342,2026-09-23T17:35:04.7184084-03:00,2026-09-23T17:35:04.7187176-03:00,2026-09-23T17:35:04.7442376-03:00,25520,25829,00,
002292,6841,2026-09-23T17:35:04.7234084-03:00,2026-09-23T17:35:04.7238538-03:00,2026-09-23T17:35:04.749038-03:00,25184,25630,00,
002293,41073,2026-09-23T17:35:04.7284084-03:00,2026-09-23T17:35:04.7287113-03:00,2026-09-23T17:35:04.7513475-03:00,22636,22939,00,
002294,15548,2026-09-23T17:35:04.7334084-03:00,2026-09-23T17:35:04.7339716-03:00,2026-09-23T17:35:04.7587769-03:00,24805,25369,00,
002295,20,2026-09-23T17:35:04.7384084-03:00,2026-09-23T17:35:04.738681-03:00,2026-09-23T17:35:04.7655884-03:00,26907,27180,00,
002296,11171,2026-09-23T17:35:04.7434084-03:00,2026-09-23T17:35:04.7439792-03:00,2026-09-23T17:35:04.7866272-03:00,42648,43219,00,
002297,26371,2026-09-23T17:35:04.7484084-03:00,2026-09-23T17:35:04.7489223-03:00,2026-09-23T17:35:04.7773753-03:00,28453,28967,00,
002298,42413,2026-09-23T17:35:04.7534084-03:00,2026-09-23T17:35:04.7539177-03:00,2026-09-23T17:35:04.7773984-03:00,23481,23990,00,
002299,36886,2026-09-23T17:35:04.7584084-03:00,2026-09-23T17:35:04.7585833-03:00,2026-09-23T17:35:04.7835558-03:00,24973,25147,00,
002300,44409,2026-09-23T17:35:04.7634084-03:00,2026-09-23T17:35:04.7637836-03:00,2026-09-23T17:35:04.7913605-03:00,27577,27952,00,
002301,35475,2026-09-23T17:35:04.7684084-03:00,2026-09-23T17:35:04.7691467-03:00,2026-09-23T17:35:04.798521-03:00,29374,30113,00,
002302,37600,2026-09-23T17:35:04.7734084-03:00,2026-09-23T17:35:04.7737553-03:00,2026-09-23T17:35:04.8112702-03:00,37515,37862,00,
002303,40936,2026-09-23T17:35:04.7784084-03:00,2026-09-23T17:35:04.7788979-03:00,2026-09-23T17:35:04.8165243-03:00,37626,38116,05,
002304,2312,2026-09-23T17:35:04.7834084-03:00,2026-09-23T17:35:04.7839238-03:00,2026-09-23T17:35:04.8244224-03:00,40499,41014,00,
002305,24662,2026-09-23T17:35:04.7884084-03:00,2026-09-23T17:35:04.788626-03:00,2026-09-23T17:35:04.8117655-03:00,23140,23357,00,
002306,33716,2026-09-23T17:35:04.7934084-03:00,2026-09-23T17:35:04.7938329-03:00,2026-09-23T17:35:04.8170743-03:00,23241,23666,00,
002307,49471,2026-09-23T17:35:04.7984084-03:00,2026-09-23T17:35:04.7989154-03:00,2026-09-23T17:35:04.8250158-03:00,26100,26607,00,
002308,5614,2026-09-23T17:35:04.8034084-03:00,2026-09-23T17:35:04.8039718-03:00,2026-09-23T17:35:04.8329838-03:00,29012,29575,00,
002309,47820,2026-09-23T17:35:04.8084084-03:00,2026-09-23T17:35:04.8085791-03:00,2026-09-23T17:35:04.8329833-03:00,24404,24575,05,
002310,30842,2026-09-23T17:35:04.8134084-03:00,2026-09-23T17:35:04.8137487-03:00,2026-09-23T17:35:04.8365949-03:00,22846,23187,14,
002311,12934,2026-09-23T17:35:04.8184084-03:00,2026-09-23T17:35:04.8186123-03:00,2026-09-23T17:35:04.8443383-03:00,25726,25930,05,
002312,31281,2026-09-23T17:35:04.8234084-03:00,2026-09-23T17:35:04.8237726-03:00,2026-09-23T17:35:04.8510608-03:00,27288,27652,00,
002313,12060,2026-09-23T17:35:04.8284084-03:00,2026-09-23T17:35:04.8291039-03:00,2026-09-23T17:35:04.8604306-03:00,31327,32022,00,
002314,24837,2026-09-23T17:35:04.8334084-03:00,2026-09-23T17:35:04.8339339-03:00,2026-09-23T17:35:04.8934239-03:00,59490,60016,00,
002315,16236,2026-09-23T17:35:04.8384084-03:00,2026-09-23T17:35:04.8386249-03:00,2026-09-23T17:35:04.8664845-03:00,27860,28076,00,
002316,37727,2026-09-23T17:35:04.8434084-03:00,2026-09-23T17:35:04.8437359-03:00,2026-09-23T17:35:04.8816074-03:00,37872,38199,51,
002317,17899,2026-09-23T17:35:04.8484084-03:00,2026-09-23T17:35:04.8488307-03:00,2026-09-23T17:35:04.8747801-03:00,25949,26372,00,
002318,6611,2026-09-23T17:35:04.8534084-03:00,2026-09-23T17:35:04.8541152-03:00,2026-09-23T17:35:04.8849149-03:00,30800,31507,00,
002319,4419,2026-09-23T17:35:04.8584084-03:00,2026-09-23T17:35:04.8587265-03:00,2026-09-23T17:35:04.8800038-03:00,21277,21595,00,
002320,9768,2026-09-23T17:35:04.8634084-03:00,2026-09-23T17:35:04.8637362-03:00,2026-09-23T17:35:04.8875879-03:00,23852,24180,00,
002321,11821,2026-09-23T17:35:04.8684084-03:00,2026-09-23T17:35:04.8689961-03:00,2026-09-23T17:35:04.9006356-03:00,31640,32227,00,
002322,41008,2026-09-23T17:35:04.8734084-03:00,2026-09-23T17:35:04.8736025-03:00,2026-09-23T17:35:04.8978937-03:00,24291,24485,00,
002323,11401,2026-09-23T17:35:04.8784084-03:00,2026-09-23T17:35:04.8788164-03:00,2026-09-23T17:35:04.9078951-03:00,29079,29487,00,
002324,43570,2026-09-23T17:35:04.8834084-03:00,2026-09-23T17:35:04.8836731-03:00,2026-09-23T17:35:04.9107145-03:00,27041,27306,00,
002325,16450,2026-09-23T17:35:04.8884084-03:00,2026-09-23T17:35:04.8886521-03:00,2026-09-23T17:35:04.9112057-03:00,22554,22797,00,
002326,16609,2026-09-23T17:35:04.8934084-03:00,2026-09-23T17:35:04.8939005-03:00,2026-09-23T17:35:04.9200812-03:00,26181,26673,00,
002327,28390,2026-09-23T17:35:04.8984084-03:00,2026-09-23T17:35:04.8989069-03:00,2026-09-23T17:35:04.9227621-03:00,23855,24354,00,
002328,43265,2026-09-23T17:35:04.9034084-03:00,2026-09-23T17:35:04.9037027-03:00,2026-09-23T17:35:04.9422334-03:00,38531,38825,00,
002329,37712,2026-09-23T17:35:04.9084084-03:00,2026-09-23T17:35:04.9089642-03:00,2026-09-23T17:35:04.935169-03:00,26205,26761,00,
002330,38046,2026-09-23T17:35:04.9134084-03:00,2026-09-23T17:35:04.9136824-03:00,2026-09-23T17:35:04.9362949-03:00,22613,22887,05,
002331,41596,2026-09-23T17:35:04.9184084-03:00,2026-09-23T17:35:04.9188435-03:00,2026-09-23T17:35:04.9528962-03:00,34053,34488,00,
002332,5287,2026-09-23T17:35:04.9234084-03:00,2026-09-23T17:35:04.923819-03:00,2026-09-23T17:35:04.9463558-03:00,22537,22947,00,
002333,24317,2026-09-23T17:35:04.9284084-03:00,2026-09-23T17:35:04.9287338-03:00,2026-09-23T17:35:04.9512082-03:00,22474,22800,00,
002334,19703,2026-09-23T17:35:04.9334084-03:00,2026-09-23T17:35:04.9339381-03:00,2026-09-23T17:35:04.9584818-03:00,24544,25073,00,
002335,44052,2026-09-23T17:35:04.9384084-03:00,2026-09-23T17:35:04.9388509-03:00,2026-09-23T17:35:04.9702046-03:00,31354,31796,00,
002336,31027,2026-09-23T17:35:04.9434084-03:00,2026-09-23T17:35:04.9441661-03:00,2026-09-23T17:35:04.9696667-03:00,25501,26258,00,
002337,42073,2026-09-23T17:35:04.9484084-03:00,2026-09-23T17:35:04.9489169-03:00,2026-09-23T17:35:04.9816201-03:00,32703,33212,00,
002338,23592,2026-09-23T17:35:04.9534084-03:00,2026-09-23T17:35:04.9539826-03:00,2026-09-23T17:35:04.9779115-03:00,23929,24503,00,
002339,1918,2026-09-23T17:35:04.9584084-03:00,2026-09-23T17:35:04.9592085-03:00,2026-09-23T17:35:04.9849704-03:00,25762,26562,00,
002340,41059,2026-09-23T17:35:04.9634084-03:00,2026-09-23T17:35:04.9638833-03:00,2026-09-23T17:35:04.9870933-03:00,23210,23685,00,
002341,30544,2026-09-23T17:35:04.9684084-03:00,2026-09-23T17:35:04.9685763-03:00,2026-09-23T17:35:04.9909348-03:00,22359,22526,14,
002342,32039,2026-09-23T17:35:04.9734084-03:00,2026-09-23T17:35:04.9737354-03:00,2026-09-23T17:35:05.0083004-03:00,34565,34892,00,
002343,14942,2026-09-23T17:35:04.9784084-03:00,2026-09-23T17:35:04.978955-03:00,2026-09-23T17:35:05.0072298-03:00,28275,28821,00,
002344,42360,2026-09-23T17:35:04.9834084-03:00,2026-09-23T17:35:04.9837143-03:00,2026-09-23T17:35:05.0097855-03:00,26071,26377,00,
002345,43053,2026-09-23T17:35:04.9884084-03:00,2026-09-23T17:35:04.9886468-03:00,2026-09-23T17:35:05.0097641-03:00,21117,21356,51,
002346,32506,2026-09-23T17:35:04.9934084-03:00,2026-09-23T17:35:04.9939398-03:00,2026-09-23T17:35:05.0357801-03:00,41840,42372,00,
002347,31905,2026-09-23T17:35:04.9984084-03:00,2026-09-23T17:35:04.9985168-03:00,2026-09-23T17:35:05.0216338-03:00,23117,23225,00,
002348,38428,2026-09-23T17:35:05.0034084-03:00,2026-09-23T17:35:05.0038833-03:00,2026-09-23T17:35:05.058898-03:00,55015,55490,00,
002349,48756,2026-09-23T17:35:05.0084084-03:00,2026-09-23T17:35:05.0092073-03:00,2026-09-23T17:35:05.0346343-03:00,25427,26226,00,
002350,26062,2026-09-23T17:35:05.0134084-03:00,2026-09-23T17:35:05.0137721-03:00,2026-09-23T17:35:05.0369309-03:00,23159,23523,00,
002351,20191,2026-09-23T17:35:05.0184084-03:00,2026-09-23T17:35:05.0189928-03:00,2026-09-23T17:35:05.0714538-03:00,52461,53045,00,
002352,8803,2026-09-23T17:35:05.0234084-03:00,2026-09-23T17:35:05.0237251-03:00,2026-09-23T17:35:05.0547528-03:00,31028,31344,14,
002353,25449,2026-09-23T17:35:05.0284084-03:00,2026-09-23T17:35:05.028928-03:00,2026-09-23T17:35:05.0547528-03:00,25825,26344,00,
002354,7709,2026-09-23T17:35:05.0334084-03:00,2026-09-23T17:35:05.0340522-03:00,2026-09-23T17:35:05.0667332-03:00,32681,33325,00,
002355,13165,2026-09-23T17:35:05.0384084-03:00,2026-09-23T17:35:05.038981-03:00,2026-09-23T17:35:05.1157135-03:00,76733,77305,00,
002356,26581,2026-09-23T17:35:05.0434084-03:00,2026-09-23T17:35:05.0436079-03:00,2026-09-23T17:35:05.0812015-03:00,37594,37793,00,
002357,26005,2026-09-23T17:35:05.0484084-03:00,2026-09-23T17:35:05.0492455-03:00,2026-09-23T17:35:05.0720552-03:00,22810,23647,00,
002358,5290,2026-09-23T17:35:05.0534084-03:00,2026-09-23T17:35:05.0540491-03:00,2026-09-23T17:35:05.078335-03:00,24286,24927,00,
002359,23766,2026-09-23T17:35:05.0584084-03:00,2026-09-23T17:35:05.0587867-03:00,2026-09-23T17:35:05.0868164-03:00,28030,28408,00,
002360,4086,2026-09-23T17:35:05.0634084-03:00,2026-09-23T17:35:05.0639976-03:00,2026-09-23T17:35:05.1402985-03:00,76301,76890,00,
002361,23417,2026-09-23T17:35:05.0684084-03:00,2026-09-23T17:35:05.0687036-03:00,2026-09-23T17:35:05.0936105-03:00,24907,25202,00,
002362,46982,2026-09-23T17:35:05.0734084-03:00,2026-09-23T17:35:05.0740732-03:00,2026-09-23T17:35:05.0988473-03:00,24774,25439,00,
002363,1807,2026-09-23T17:35:05.0784084-03:00,2026-09-23T17:35:05.0788062-03:00,2026-09-23T17:35:05.1124527-03:00,33647,34044,00,
002364,27746,2026-09-23T17:35:05.0834084-03:00,2026-09-23T17:35:05.0840532-03:00,2026-09-23T17:35:05.1124527-03:00,28400,29044,00,
002365,30010,2026-09-23T17:35:05.0884084-03:00,2026-09-23T17:35:05.0888494-03:00,2026-09-23T17:35:05.1151416-03:00,26292,26733,00,
002366,46265,2026-09-23T17:35:05.0934084-03:00,2026-09-23T17:35:05.0935198-03:00,2026-09-23T17:35:05.1157119-03:00,22192,22304,51,
002367,19076,2026-09-23T17:35:05.0984084-03:00,2026-09-23T17:35:05.0987204-03:00,2026-09-23T17:35:05.1452243-03:00,46504,46816,00,
002368,41244,2026-09-23T17:35:05.1034084-03:00,2026-09-23T17:35:05.1039796-03:00,2026-09-23T17:35:05.1287571-03:00,24778,25349,14,
002369,12574,2026-09-23T17:35:05.1084084-03:00,2026-09-23T17:35:05.1086537-03:00,2026-09-23T17:35:05.1339951-03:00,25341,25587,00,
002370,22804,2026-09-23T17:35:05.1134084-03:00,2026-09-23T17:35:05.1138885-03:00,2026-09-23T17:35:05.1403611-03:00,26473,26953,00,
002371,17284,2026-09-23T17:35:05.1184084-03:00,2026-09-23T17:35:05.1186871-03:00,2026-09-23T17:35:05.1420194-03:00,23332,23611,00,
002372,37073,2026-09-23T17:35:05.1234084-03:00,2026-09-23T17:35:05.1238032-03:00,2026-09-23T17:35:05.1478693-03:00,24066,24461,05,
002373,32474,2026-09-23T17:35:05.1284084-03:00,2026-09-23T17:35:05.1286729-03:00,2026-09-23T17:35:05.1551156-03:00,26443,26707,00,
002374,31918,2026-09-23T17:35:05.1334084-03:00,2026-09-23T17:35:05.1338972-03:00,2026-09-23T17:35:05.1587287-03:00,24832,25320,51,
002375,12021,2026-09-23T17:35:05.1384084-03:00,2026-09-23T17:35:05.1385776-03:00,2026-09-23T17:35:05.1603174-03:00,21740,21909,00,
002376,46877,2026-09-23T17:35:05.1434084-03:00,2026-09-23T17:35:05.1437407-03:00,2026-09-23T17:35:05.1686798-03:00,24939,25271,00,
002377,19544,2026-09-23T17:35:05.1484084-03:00,2026-09-23T17:35:05.1487109-03:00,2026-09-23T17:35:05.1946875-03:00,45977,46279,00,
002378,45421,2026-09-23T17:35:05.1534084-03:00,2026-09-23T17:35:05.1539249-03:00,2026-09-23T17:35:05.1788258-03:00,24901,25417,00,
002379,41208,2026-09-23T17:35:05.1584084-03:00,2026-09-23T17:35:05.1586392-03:00,2026-09-23T17:35:05.179723-03:00,21084,21315,00,
002380,49264,2026-09-23T17:35:05.1634084-03:00,2026-09-23T17:35:05.1638032-03:00,2026-09-23T17:35:05.1856222-03:00,21819,22214,00,
002381,30078,2026-09-23T17:35:05.1684084-03:00,2026-09-23T17:35:05.1685726-03:00,2026-09-23T17:35:05.1899402-03:00,21368,21532,00,
002382,17662,2026-09-23T17:35:05.1734084-03:00,2026-09-23T17:35:05.1740104-03:00,2026-09-23T17:35:05.2025957-03:00,28585,29187,00,
002383,31160,2026-09-23T17:35:05.1784084-03:00,2026-09-23T17:35:05.1786059-03:00,2026-09-23T17:35:05.2020424-03:00,23437,23634,00,
002384,49164,2026-09-23T17:35:05.1834084-03:00,2026-09-23T17:35:05.1838864-03:00,2026-09-23T17:35:05.248155-03:00,64269,64747,51,
002385,44203,2026-09-23T17:35:05.1884084-03:00,2026-09-23T17:35:05.1886998-03:00,2026-09-23T17:35:05.2103915-03:00,21692,21983,51,
002386,33121,2026-09-23T17:35:05.1934084-03:00,2026-09-23T17:35:05.1940279-03:00,2026-09-23T17:35:05.2188548-03:00,24827,25446,00,
002387,15353,2026-09-23T17:35:05.1984084-03:00,2026-09-23T17:35:05.1989396-03:00,2026-09-23T17:35:05.2299022-03:00,30963,31494,00,
002388,37699,2026-09-23T17:35:05.2034084-03:00,2026-09-23T17:35:05.2035839-03:00,2026-09-23T17:35:05.2538256-03:00,50242,50417,00,
002389,5036,2026-09-23T17:35:05.2084084-03:00,2026-09-23T17:35:05.2086965-03:00,2026-09-23T17:35:05.2708936-03:00,62197,62485,00,
002390,16307,2026-09-23T17:35:05.2134084-03:00,2026-09-23T17:35:05.2139711-03:00,2026-09-23T17:35:05.2352994-03:00,21328,21891,00,
002391,15949,2026-09-23T17:35:05.2184084-03:00,2026-09-23T17:35:05.2187594-03:00,2026-09-23T17:35:05.2430747-03:00,24315,24666,00,
002392,48015,2026-09-23T17:35:05.2234084-03:00,2026-09-23T17:35:05.2239501-03:00,2026-09-23T17:35:05.2487123-03:00,24762,25304,00,
002393,47714,2026-09-23T17:35:05.2284084-03:00,2026-09-23T17:35:05.2286207-03:00,2026-09-23T17:35:05.2544136-03:00,25793,26005,00,
002394,42090,2026-09-23T17:35:05.2334084-03:00,2026-09-23T17:35:05.2340613-03:00,2026-09-23T17:35:05.2600702-03:00,26009,26662,51,
002395,22983,2026-09-23T17:35:05.2384084-03:00,2026-09-23T17:35:05.2388456-03:00,2026-09-23T17:35:05.2618995-03:00,23054,23491,00,
002396,29998,2026-09-23T17:35:05.2434084-03:00,2026-09-23T17:35:05.2439686-03:00,2026-09-23T17:35:05.2758852-03:00,31917,32477,00,
002397,49863,2026-09-23T17:35:05.2484084-03:00,2026-09-23T17:35:05.2485816-03:00,2026-09-23T17:35:05.2730837-03:00,24502,24675,00,
002398,11726,2026-09-23T17:35:05.2534084-03:00,2026-09-23T17:35:05.2537392-03:00,2026-09-23T17:35:05.2817829-03:00,28044,28375,05,
002399,32388,2026-09-23T17:35:05.2584084-03:00,2026-09-23T17:35:05.2588837-03:00,2026-09-23T17:35:05.2910217-03:00,32138,32613,00,
002400,36862,2026-09-23T17:35:05.2634084-03:00,2026-09-23T17:35:05.2639543-03:00,2026-09-23T17:35:05.2875176-03:00,23563,24109,00,
002401,7080,2026-09-23T17:35:05.2684084-03:00,2026-09-23T17:35:05.2686491-03:00,2026-09-23T17:35:05.2926717-03:00,24023,24263,00,
002402,22108,2026-09-23T17:35:05.2734084-03:00,2026-09-23T17:35:05.2736503-03:00,2026-09-23T17:35:05.3219901-03:00,48340,48582,00,
002403,20710,2026-09-23T17:35:05.2784084-03:00,2026-09-23T17:35:05.278979-03:00,2026-09-23T17:35:05.3065499-03:00,27571,28142,00,
002404,14592,2026-09-23T17:35:05.2834084-03:00,2026-09-23T17:35:05.2838253-03:00,2026-09-23T17:35:05.306562-03:00,22737,23154,14,
002405,5866,2026-09-23T17:35:05.2884084-03:00,2026-09-23T17:35:05.2889276-03:00,2026-09-23T17:35:05.3108079-03:00,21880,22400,00,
002406,31761,2026-09-23T17:35:05.2934084-03:00,2026-09-23T17:35:05.2940722-03:00,2026-09-23T17:35:05.3213873-03:00,27315,27979,00,
002407,36696,2026-09-23T17:35:05.2984084-03:00,2026-09-23T17:35:05.2986024-03:00,2026-09-23T17:35:05.3277259-03:00,29124,29318,00,
002408,40215,2026-09-23T17:35:05.3034084-03:00,2026-09-23T17:35:05.3038642-03:00,2026-09-23T17:35:05.3277362-03:00,23872,24328,91,
002409,13979,2026-09-23T17:35:05.3084084-03:00,2026-09-23T17:35:05.3086138-03:00,2026-09-23T17:35:05.3409529-03:00,32339,32545,51,
002410,13334,2026-09-23T17:35:05.3134084-03:00,2026-09-23T17:35:05.3139427-03:00,2026-09-23T17:35:05.3387684-03:00,24826,25360,51,
002411,27507,2026-09-23T17:35:05.3184084-03:00,2026-09-23T17:35:05.3191275-03:00,2026-09-23T17:35:05.346241-03:00,27114,27833,00,
002412,49133,2026-09-23T17:35:05.3234084-03:00,2026-09-23T17:35:05.3240104-03:00,2026-09-23T17:35:05.346232-03:00,22222,22824,00,
002413,43173,2026-09-23T17:35:05.3284084-03:00,2026-09-23T17:35:05.3287767-03:00,2026-09-23T17:35:05.3823544-03:00,53578,53946,00,
002414,13469,2026-09-23T17:35:05.3334084-03:00,2026-09-23T17:35:05.333417-03:00,2026-09-23T17:35:05.3700592-03:00,36642,36651,00,
002415,18510,2026-09-23T17:35:05.3384084-03:00,2026-09-23T17:35:05.3386582-03:00,2026-09-23T17:35:05.3598903-03:00,21232,21482,00,
002416,13831,2026-09-23T17:35:05.3434084-03:00,2026-09-23T17:35:05.3440065-03:00,2026-09-23T17:35:05.3673227-03:00,23316,23914,00,
002417,12623,2026-09-23T17:35:05.3484084-03:00,2026-09-23T17:35:05.3488124-03:00,2026-09-23T17:35:05.3889624-03:00,40150,40554,00,
002418,14607,2026-09-23T17:35:05.3534084-03:00,2026-09-23T17:35:05.3541067-03:00,2026-09-23T17:35:05.3793932-03:00,25287,25985,00,
002419,41777,2026-09-23T17:35:05.3584084-03:00,2026-09-23T17:35:05.3586733-03:00,2026-09-23T17:35:05.3810034-03:00,22330,22595,51,
002420,31894,2026-09-23T17:35:05.3634084-03:00,2026-09-23T17:35:05.363928-03:00,2026-09-23T17:35:05.4109889-03:00,47061,47581,00,
002421,5248,2026-09-23T17:35:05.3684084-03:00,2026-09-23T17:35:05.3688723-03:00,2026-09-23T17:35:05.3928184-03:00,23946,24410,00,
002422,32580,2026-09-23T17:35:05.3734084-03:00,2026-09-23T17:35:05.3736116-03:00,2026-09-23T17:35:05.3994146-03:00,25803,26006,00,
002423,31469,2026-09-23T17:35:05.3784084-03:00,2026-09-23T17:35:05.3787399-03:00,2026-09-23T17:35:05.4016461-03:00,22906,23238,05,
002424,10213,2026-09-23T17:35:05.3834084-03:00,2026-09-23T17:35:05.3839056-03:00,2026-09-23T17:35:05.4234021-03:00,39497,39994,00,
002425,21316,2026-09-23T17:35:05.3884084-03:00,2026-09-23T17:35:05.3887293-03:00,2026-09-23T17:35:05.4110068-03:00,22278,22598,00,
002426,30793,2026-09-23T17:35:05.3934084-03:00,2026-09-23T17:35:05.393869-03:00,2026-09-23T17:35:05.4183694-03:00,24500,24961,00,
002427,7068,2026-09-23T17:35:05.3984084-03:00,2026-09-23T17:35:05.3989896-03:00,2026-09-23T17:35:05.4213711-03:00,22382,22963,00,
002428,11158,2026-09-23T17:35:05.4034084-03:00,2026-09-23T17:35:05.4036878-03:00,2026-09-23T17:35:05.4349255-03:00,31238,31517,00,
002429,18880,2026-09-23T17:35:05.4084084-03:00,2026-09-23T17:35:05.4087988-03:00,2026-09-23T17:35:05.433421-03:00,24622,25013,00,
002430,14311,2026-09-23T17:35:05.4134084-03:00,2026-09-23T17:35:05.4140375-03:00,2026-09-23T17:35:05.4385822-03:00,24545,25174,51,
002431,37912,2026-09-23T17:35:05.4184084-03:00,2026-09-23T17:35:05.4186796-03:00,2026-09-23T17:35:05.4614542-03:00,42775,43046,00,
002432,17306,2026-09-23T17:35:05.4234084-03:00,2026-09-23T17:35:05.4238021-03:00,2026-09-23T17:35:05.4462405-03:00,22438,22832,00,
002433,39118,2026-09-23T17:35:05.4284084-03:00,2026-09-23T17:35:05.4289393-03:00,2026-09-23T17:35:05.454459-03:00,25520,26051,00,
002434,22903,2026-09-23T17:35:05.4334084-03:00,2026-09-23T17:35:05.4337461-03:00,2026-09-23T17:35:05.4668065-03:00,33060,33398,00,
002435,2642,2026-09-23T17:35:05.4384084-03:00,2026-09-23T17:35:05.4389053-03:00,2026-09-23T17:35:05.4868996-03:00,47994,48491,00,
002436,17669,2026-09-23T17:35:05.4434084-03:00,2026-09-23T17:35:05.4435372-03:00,2026-09-23T17:35:05.4668264-03:00,23289,23418,00,
002437,11058,2026-09-23T17:35:05.4484084-03:00,2026-09-23T17:35:05.4489509-03:00,2026-09-23T17:35:05.477316-03:00,28365,28908,05,
002438,16089,2026-09-23T17:35:05.4534084-03:00,2026-09-23T17:35:05.4542085-03:00,2026-09-23T17:35:05.4773341-03:00,23126,23926,00,
002439,11459,2026-09-23T17:35:05.4584084-03:00,2026-09-23T17:35:05.4592685-03:00,2026-09-23T17:35:05.4889981-03:00,29730,30590,00,
002440,45147,2026-09-23T17:35:05.4634084-03:00,2026-09-23T17:35:05.4640423-03:00,2026-09-23T17:35:05.4949194-03:00,30877,31511,05,
002441,39977,2026-09-23T17:35:05.4684084-03:00,2026-09-23T17:35:05.4688906-03:00,2026-09-23T17:35:05.4916607-03:00,22770,23252,00,
002442,16109,2026-09-23T17:35:05.4734084-03:00,2026-09-23T17:35:05.4740405-03:00,2026-09-23T17:35:05.4965668-03:00,22526,23158,00,
002443,46770,2026-09-23T17:35:05.4784084-03:00,2026-09-23T17:35:05.4788987-03:00,2026-09-23T17:35:05.5037914-03:00,24893,25383,00,
002444,23654,2026-09-23T17:35:05.4834084-03:00,2026-09-23T17:35:05.4838168-03:00,2026-09-23T17:35:05.5074131-03:00,23596,24005,14,
002445,49247,2026-09-23T17:35:05.4884084-03:00,2026-09-23T17:35:05.4889217-03:00,2026-09-23T17:35:05.5191222-03:00,30201,30714,00,
002446,13268,2026-09-23T17:35:05.4934084-03:00,2026-09-23T17:35:05.4937337-03:00,2026-09-23T17:35:05.5331741-03:00,39440,39766,14,
002447,34331,2026-09-23T17:35:05.4984084-03:00,2026-09-23T17:35:05.4986925-03:00,2026-09-23T17:35:05.5303718-03:00,31679,31963,05,
002448,5695,2026-09-23T17:35:05.5034084-03:00,2026-09-23T17:35:05.5036712-03:00,2026-09-23T17:35:05.5303895-03:00,26718,26981,00,
002449,36508,2026-09-23T17:35:05.5084084-03:00,2026-09-23T17:35:05.5089818-03:00,2026-09-23T17:35:05.5369193-03:00,27938,28511,00,
002450,8488,2026-09-23T17:35:05.5134084-03:00,2026-09-23T17:35:05.5135971-03:00,2026-09-23T17:35:05.5421403-03:00,28543,28732,00,
002451,29470,2026-09-23T17:35:05.5184084-03:00,2026-09-23T17:35:05.5190148-03:00,2026-09-23T17:35:05.5469767-03:00,27962,28568,00,
002452,41497,2026-09-23T17:35:05.5234084-03:00,2026-09-23T17:35:05.5236767-03:00,2026-09-23T17:35:05.5443394-03:00,20663,20931,00,
002453,13693,2026-09-23T17:35:05.5284084-03:00,2026-09-23T17:35:05.5286847-03:00,2026-09-23T17:35:05.5508856-03:00,22201,22477,00,
002454,12447,2026-09-23T17:35:05.5334084-03:00,2026-09-23T17:35:05.534378-03:00,2026-09-23T17:35:05.5920057-03:00,57628,58597,00,
002455,12119,2026-09-23T17:35:05.5384084-03:00,2026-09-23T17:35:05.5388917-03:00,2026-09-23T17:35:05.5664494-03:00,27558,28041,00,
002456,30536,2026-09-23T17:35:05.5434084-03:00,2026-09-23T17:35:05.5436892-03:00,2026-09-23T17:35:05.5671307-03:00,23442,23722,00,
002457,29825,2026-09-23T17:35:05.5484084-03:00,2026-09-23T17:35:05.549144-03:00,2026-09-23T17:35:05.581685-03:00,32541,33277,00,
002458,28099,2026-09-23T17:35:05.5534084-03:00,2026-09-23T17:35:05.5539186-03:00,2026-09-23T17:35:05.5877285-03:00,33810,34320,00,
002459,1603,2026-09-23T17:35:05.5584084-03:00,2026-09-23T17:35:05.558548-03:00,2026-09-23T17:35:05.5817044-03:00,23156,23296,00,
002460,48209,2026-09-23T17:35:05.5634084-03:00,2026-09-23T17:35:05.5636716-03:00,2026-09-23T17:35:05.5883151-03:00,24644,24907,00,
002461,12244,2026-09-23T17:35:05.5684084-03:00,2026-09-23T17:35:05.5692011-03:00,2026-09-23T17:35:05.598674-03:00,29473,30266,00,
002462,25308,2026-09-23T17:35:05.5734084-03:00,2026-09-23T17:35:05.5738186-03:00,2026-09-23T17:35:05.5985635-03:00,24745,25155,00,
002463,20952,2026-09-23T17:35:05.5784084-03:00,2026-09-23T17:35:05.578978-03:00,2026-09-23T17:35:05.6079459-03:00,28968,29538,00,
002464,48950,2026-09-23T17:35:05.5834084-03:00,2026-09-23T17:35:05.5839553-03:00,2026-09-23T17:35:05.6085548-03:00,24600,25146,00,
002465,36060,2026-09-23T17:35:05.5884084-03:00,2026-09-23T17:35:05.5887838-03:00,2026-09-23T17:35:05.6110921-03:00,22308,22684,00,
002466,14115,2026-09-23T17:35:05.5934084-03:00,2026-09-23T17:35:05.5940734-03:00,2026-09-23T17:35:05.6167013-03:00,22628,23293,00,
002467,21854,2026-09-23T17:35:05.5984084-03:00,2026-09-23T17:35:05.5985897-03:00,2026-09-23T17:35:05.6352863-03:00,36697,36878,00,
002468,33024,2026-09-23T17:35:05.6034084-03:00,2026-09-23T17:35:05.6039684-03:00,2026-09-23T17:35:05.6281471-03:00,24179,24739,00,
002469,40351,2026-09-23T17:35:05.6084084-03:00,2026-09-23T17:35:05.6085744-03:00,2026-09-23T17:35:05.6546874-03:00,46113,46279,00,
002470,18778,2026-09-23T17:35:05.6134084-03:00,2026-09-23T17:35:05.6135112-03:00,2026-09-23T17:35:05.6391967-03:00,25686,25788,00,
002471,41949,2026-09-23T17:35:05.6184084-03:00,2026-09-23T17:35:05.6190347-03:00,2026-09-23T17:35:05.6506105-03:00,31576,32202,00,
002472,13145,2026-09-23T17:35:05.6234084-03:00,2026-09-23T17:35:05.6235488-03:00,2026-09-23T17:35:05.6568483-03:00,33300,33440,14,
002473,28312,2026-09-23T17:35:05.6284084-03:00,2026-09-23T17:35:05.6290711-03:00,2026-09-23T17:35:05.6536822-03:00,24611,25274,00,
002474,28263,2026-09-23T17:35:05.6334084-03:00,2026-09-23T17:35:05.6347009-03:00,2026-09-23T17:35:05.6574353-03:00,22734,24027,00,
002475,26980,2026-09-23T17:35:05.6384084-03:00,2026-09-23T17:35:05.639256-03:00,2026-09-23T17:35:05.6743202-03:00,35064,35912,00,
002476,41469,2026-09-23T17:35:05.6434084-03:00,2026-09-23T17:35:05.6436318-03:00,2026-09-23T17:35:05.6694322-03:00,25800,26024,00,
002477,11695,2026-09-23T17:35:05.6484084-03:00,2026-09-23T17:35:05.6488372-03:00,2026-09-23T17:35:05.6795503-03:00,30713,31142,00,
002478,4131,2026-09-23T17:35:05.6534084-03:00,2026-09-23T17:35:05.653708-03:00,2026-09-23T17:35:05.6765261-03:00,22818,23118,00,
002479,1506,2026-09-23T17:35:05.6584084-03:00,2026-09-23T17:35:05.6584856-03:00,2026-09-23T17:35:05.6795156-03:00,21030,21107,00,
002480,25675,2026-09-23T17:35:05.6634084-03:00,2026-09-23T17:35:05.6637737-03:00,2026-09-23T17:35:05.6902541-03:00,26480,26846,00,
002481,29392,2026-09-23T17:35:05.6684084-03:00,2026-09-23T17:35:05.6688494-03:00,2026-09-23T17:35:05.6902698-03:00,21420,21861,00,
002482,23856,2026-09-23T17:35:05.6734084-03:00,2026-09-23T17:35:05.6737055-03:00,2026-09-23T17:35:05.6968933-03:00,23188,23485,00,
002483,37152,2026-09-23T17:35:05.6784084-03:00,2026-09-23T17:35:05.6789195-03:00,2026-09-23T17:35:05.701532-03:00,22613,23124,00,
002484,12988,2026-09-23T17:35:05.6834084-03:00,2026-09-23T17:35:05.6848555-03:00,2026-09-23T17:35:05.7112632-03:00,26408,27855,00,
002485,41360,2026-09-23T17:35:05.6884084-03:00,2026-09-23T17:35:05.6890465-03:00,2026-09-23T17:35:05.7134945-03:00,24448,25086,51,
002486,28465,2026-09-23T17:35:05.6934084-03:00,2026-09-23T17:35:05.6939825-03:00,2026-09-23T17:35:05.7216863-03:00,27704,28278,00,
002487,16845,2026-09-23T17:35:05.6984084-03:00,2026-09-23T17:35:05.6988688-03:00,2026-09-23T17:35:05.7216678-03:00,22799,23259,51,
002488,11129,2026-09-23T17:35:05.7034084-03:00,2026-09-23T17:35:05.7040875-03:00,2026-09-23T17:35:05.7392759-03:00,35188,35868,00,
002489,30011,2026-09-23T17:35:05.7084084-03:00,2026-09-23T17:35:05.7088539-03:00,2026-09-23T17:35:05.742398-03:00,33544,33990,00,
002490,2126,2026-09-23T17:35:05.7134084-03:00,2026-09-23T17:35:05.7140522-03:00,2026-09-23T17:35:05.7376186-03:00,23566,24210,00,
002491,6964,2026-09-23T17:35:05.7184084-03:00,2026-09-23T17:35:05.7186981-03:00,2026-09-23T17:35:05.7423781-03:00,23680,23970,00,
002492,3251,2026-09-23T17:35:05.7234084-03:00,2026-09-23T17:35:05.724026-03:00,2026-09-23T17:35:05.7677207-03:00,43695,44312,00,
002493,6124,2026-09-23T17:35:05.7284084-03:00,2026-09-23T17:35:05.7284607-03:00,2026-09-23T17:35:05.7626619-03:00,34201,34254,00,
002494,26568,2026-09-23T17:35:05.7334084-03:00,2026-09-23T17:35:05.73666-03:00,2026-09-23T17:35:05.7642103-03:00,27550,30802,00,
002495,49980,2026-09-23T17:35:05.7384084-03:00,2026-09-23T17:35:05.7387567-03:00,2026-09-23T17:35:05.7677393-03:00,28983,29331,00,
002496,5156,2026-09-23T17:35:05.7434084-03:00,2026-09-23T17:35:05.7434826-03:00,2026-09-23T17:35:05.7698081-03:00,26326,26400,00,
002497,48797,2026-09-23T17:35:05.7484084-03:00,2026-09-23T17:35:05.7510629-03:00,2026-09-23T17:35:05.7933845-03:00,42322,44976,00,
002498,22171,2026-09-23T17:35:05.7534084-03:00,2026-09-23T17:35:05.7547603-03:00,2026-09-23T17:35:05.7869284-03:00,32168,33520,05,
002499,27092,2026-09-23T17:35:05.7584084-03:00,2026-09-23T17:35:05.7591411-03:00,2026-09-23T17:35:05.7808036-03:00,21663,22395,00,
002500,36162,2026-09-23T17:35:05.7634084-03:00,2026-09-23T17:35:05.7642358-03:00,2026-09-23T17:35:05.793364-03:00,29128,29956,00,
002501,14447,2026-09-23T17:35:05.7684084-03:00,2026-09-23T17:35:05.7687148-03:00,2026-09-23T17:35:05.8105839-03:00,41869,42176,51,
002502,6472,2026-09-23T17:35:05.7734084-03:00,2026-09-23T17:35:05.7743973-03:00,2026-09-23T17:35:05.8043224-03:00,29925,30914,00,
002503,7248,2026-09-23T17:35:05.7784084-03:00,2026-09-23T17:35:05.7788266-03:00,2026-09-23T17:35:05.810601-03:00,31774,32193,14,
002504,19496,2026-09-23T17:35:05.7834084-03:00,2026-09-23T17:35:05.7864561-03:00,2026-09-23T17:35:05.8187287-03:00,32273,35320,00,
002505,919,2026-09-23T17:35:05.7884084-03:00,2026-09-23T17:35:05.7890741-03:00,2026-09-23T17:35:05.8186985-03:00,29624,30290,00,
002506,5482,2026-09-23T17:35:05.7934084-03:00,2026-09-23T17:35:05.7942485-03:00,2026-09-23T17:35:05.8274666-03:00,33218,34058,05,
002507,19389,2026-09-23T17:35:05.7984084-03:00,2026-09-23T17:35:05.8015729-03:00,2026-09-23T17:35:05.8390758-03:00,37503,40667,00,
002508,35387,2026-09-23T17:35:05.8034084-03:00,2026-09-23T17:35:05.8043479-03:00,2026-09-23T17:35:05.8310915-03:00,26744,27683,00,
002509,10670,2026-09-23T17:35:05.8084084-03:00,2026-09-23T17:35:05.8091165-03:00,2026-09-23T17:35:05.8528972-03:00,43781,44489,05,
002510,38945,2026-09-23T17:35:05.8134084-03:00,2026-09-23T17:35:05.8139998-03:00,2026-09-23T17:35:05.846184-03:00,32184,32776,00,
002511,47437,2026-09-23T17:35:05.8184084-03:00,2026-09-23T17:35:05.819412-03:00,2026-09-23T17:35:05.8940986-03:00,74687,75690,00,
002512,40477,2026-09-23T17:35:05.8234084-03:00,2026-09-23T17:35:05.8241951-03:00,2026-09-23T17:35:05.8553204-03:00,31125,31912,00,
002513,30759,2026-09-23T17:35:05.8284084-03:00,2026-09-23T17:35:05.8291142-03:00,2026-09-23T17:35:05.860451-03:00,31337,32043,51,
002514,36320,2026-09-23T17:35:05.8334084-03:00,2026-09-23T17:35:05.8360191-03:00,2026-09-23T17:35:05.9094473-03:00,73428,76039,00,
002515,46590,2026-09-23T17:35:05.8384084-03:00,2026-09-23T17:35:05.8391053-03:00,2026-09-23T17:35:05.8731743-03:00,34069,34766,00,
002516,17223,2026-09-23T17:35:05.8434084-03:00,2026-09-23T17:35:05.8436842-03:00,2026-09-23T17:35:05.8731508-03:00,29467,29742,00,
002517,9850,2026-09-23T17:35:05.8484084-03:00,2026-09-23T17:35:05.8529267-03:00,2026-09-23T17:35:05.8940986-03:00,41172,45690,00,
002518,39582,2026-09-23T17:35:05.8534084-03:00,2026-09-23T17:35:05.8541034-03:00,2026-09-23T17:35:05.903586-03:00,49483,50178,00,
002519,20273,2026-09-23T17:35:05.8584084-03:00,2026-09-23T17:35:05.8589523-03:00,2026-09-23T17:35:05.8857082-03:00,26756,27300,00,
002520,137,2026-09-23T17:35:05.8634084-03:00,2026-09-23T17:35:05.8644748-03:00,2026-09-23T17:35:05.8889294-03:00,24455,25521,00,
002521,29859,2026-09-23T17:35:05.8684084-03:00,2026-09-23T17:35:05.8731955-03:00,2026-09-23T17:35:05.8967988-03:00,23603,28390,00,
002522,5719,2026-09-23T17:35:05.8734084-03:00,2026-09-23T17:35:05.8740878-03:00,2026-09-23T17:35:05.898468-03:00,24380,25060,00,
002523,43199,2026-09-23T17:35:05.8784084-03:00,2026-09-23T17:35:05.8808588-03:00,2026-09-23T17:35:05.9164133-03:00,35555,38005,00,
002524,4430,2026-09-23T17:35:05.8834084-03:00,2026-09-23T17:35:05.8848145-03:00,2026-09-23T17:35:05.9159186-03:00,31104,32510,00,
002525,18826,2026-09-23T17:35:05.8884084-03:00,2026-09-23T17:35:05.8889586-03:00,2026-09-23T17:35:05.9298246-03:00,40866,41416,00,
002526,40448,2026-09-23T17:35:05.8934084-03:00,2026-09-23T17:35:05.8937025-03:00,2026-09-23T17:35:05.9159202-03:00,22218,22512,00,
002527,44351,2026-09-23T17:35:05.8984084-03:00,2026-09-23T17:35:05.898856-03:00,2026-09-23T17:35:05.9272436-03:00,28388,28835,51,
002528,27918,2026-09-23T17:35:05.9034084-03:00,2026-09-23T17:35:05.9036157-03:00,2026-09-23T17:35:05.9695672-03:00,65952,66159,51,
002529,41410,2026-09-23T17:35:05.9084084-03:00,2026-09-23T17:35:05.9088432-03:00,2026-09-23T17:35:05.9405677-03:00,31725,32159,00,
002530,43893,2026-09-23T17:35:05.9134084-03:00,2026-09-23T17:35:05.9136541-03:00,2026-09-23T17:35:05.9358669-03:00,22213,22459,00,
002531,46833,2026-09-23T17:35:05.9184084-03:00,2026-09-23T17:35:05.9189939-03:00,2026-09-23T17:35:05.9462066-03:00,27213,27798,00,
002532,20913,2026-09-23T17:35:05.9234084-03:00,2026-09-23T17:35:05.9235943-03:00,2026-09-23T17:35:05.9508425-03:00,27248,27434,00,
002533,19488,2026-09-23T17:35:05.9284084-03:00,2026-09-23T17:35:05.9286712-03:00,2026-09-23T17:35:05.9508428-03:00,22172,22434,00,
002534,22220,2026-09-23T17:35:05.9334084-03:00,2026-09-23T17:35:05.9345327-03:00,2026-09-23T17:35:05.9613776-03:00,26845,27969,00,
002535,46733,2026-09-23T17:35:05.9384084-03:00,2026-09-23T17:35:05.938403-03:00,2026-09-23T17:35:05.9624052-03:00,24002,23997,05,
002536,3166,2026-09-23T17:35:05.9434084-03:00,2026-09-23T17:35:05.9435665-03:00,2026-09-23T17:35:05.9741238-03:00,30557,30715,00,
002537,8627,2026-09-23T17:35:05.9484084-03:00,2026-09-23T17:35:05.9487293-03:00,2026-09-23T17:35:05.9762074-03:00,27478,27799,51,
002538,17385,2026-09-23T17:35:05.9534084-03:00,2026-09-23T17:35:05.9536771-03:00,2026-09-23T17:35:05.9986769-03:00,45000,45269,14,
002539,19743,2026-09-23T17:35:05.9584084-03:00,2026-09-23T17:35:05.9587461-03:00,2026-09-23T17:35:05.9940345-03:00,35288,35626,00,
002540,45367,2026-09-23T17:35:05.9634084-03:00,2026-09-23T17:35:05.9639246-03:00,2026-09-23T17:35:05.9878896-03:00,23965,24481,00,
002541,38817,2026-09-23T17:35:05.9684084-03:00,2026-09-23T17:35:05.9690095-03:00,2026-09-23T17:35:06.0131931-03:00,44184,44785,00,
002542,5568,2026-09-23T17:35:05.9734084-03:00,2026-09-23T17:35:05.973536-03:00,2026-09-23T17:35:06.0208396-03:00,47304,47431,00,
002543,48429,2026-09-23T17:35:05.9784084-03:00,2026-09-23T17:35:05.9787511-03:00,2026-09-23T17:35:06.0038554-03:00,25104,25447,00,
002544,33236,2026-09-23T17:35:05.9834084-03:00,2026-09-23T17:35:05.9846027-03:00,2026-09-23T17:35:06.0224719-03:00,37869,39064,00,
002545,15009,2026-09-23T17:35:05.9884084-03:00,2026-09-23T17:35:05.9879227-03:00,2026-09-23T17:35:06.0120493-03:00,24127,23641,05,
002546,31286,2026-09-23T17:35:05.9934084-03:00,2026-09-23T17:35:05.9939021-03:00,2026-09-23T17:35:06.0230682-03:00,29166,29660,00,
002547,31983,2026-09-23T17:35:05.9984084-03:00,2026-09-23T17:35:05.9985439-03:00,2026-09-23T17:35:06.0208351-03:00,22291,22427,00,
002548,23556,2026-09-23T17:35:06.0034084-03:00,2026-09-23T17:35:06.0037702-03:00,2026-09-23T17:35:06.0383444-03:00,34574,34936,00,
002549,4784,2026-09-23T17:35:06.0084084-03:00,2026-09-23T17:35:06.0088289-03:00,2026-09-23T17:35:06.0393886-03:00,30560,30980,05,
002550,36996,2026-09-23T17:35:06.0134084-03:00,2026-09-23T17:35:06.0137402-03:00,2026-09-23T17:35:06.054023-03:00,40283,40615,00,
002551,45785,2026-09-23T17:35:06.0184084-03:00,2026-09-23T17:35:06.0186019-03:00,2026-09-23T17:35:06.0398827-03:00,21281,21474,00,
002552,5966,2026-09-23T17:35:06.0234084-03:00,2026-09-23T17:35:06.0235171-03:00,2026-09-23T17:35:06.0503879-03:00,26871,26980,00,
002553,30171,2026-09-23T17:35:06.0284084-03:00,2026-09-23T17:35:06.0286534-03:00,2026-09-23T17:35:06.0616663-03:00,33013,33258,05,
002554,17749,2026-09-23T17:35:06.0334084-03:00,2026-09-23T17:35:06.0335872-03:00,2026-09-23T17:35:06.0654135-03:00,31826,32005,00,
002555,32899,2026-09-23T17:35:06.0384084-03:00,2026-09-23T17:35:06.0387557-03:00,2026-09-23T17:35:06.0692387-03:00,30483,30830,00,
002556,32263,2026-09-23T17:35:06.0434084-03:00,2026-09-23T17:35:06.043683-03:00,2026-09-23T17:35:06.0665814-03:00,22898,23173,00,
002557,20610,2026-09-23T17:35:06.0484084-03:00,2026-09-23T17:35:06.0487199-03:00,2026-09-23T17:35:06.072825-03:00,24105,24417,00,
002558,43827,2026-09-23T17:35:06.0534084-03:00,2026-09-23T17:35:06.0539327-03:00,2026-09-23T17:35:06.0801065-03:00,26174,26698,00,
002559,17665,2026-09-23T17:35:06.0584084-03:00,2026-09-23T17:35:06.0585635-03:00,2026-09-23T17:35:06.0795492-03:00,20986,21141,00,
002560,39352,2026-09-23T17:35:06.0634084-03:00,2026-09-23T17:35:06.0637079-03:00,2026-09-23T17:35:06.0879627-03:00,24255,24554,00,
002561,31487,2026-09-23T17:35:06.0684084-03:00,2026-09-23T17:35:06.0686444-03:00,2026-09-23T17:35:06.0999432-03:00,31299,31535,00,
002562,21862,2026-09-23T17:35:06.0734084-03:00,2026-09-23T17:35:06.073846-03:00,2026-09-23T17:35:06.095687-03:00,21841,22279,00,
002563,22987,2026-09-23T17:35:06.0784084-03:00,2026-09-23T17:35:06.0789448-03:00,2026-09-23T17:35:06.1578336-03:00,78889,79425,00,
002564,9309,2026-09-23T17:35:06.0834084-03:00,2026-09-23T17:35:06.0836451-03:00,2026-09-23T17:35:06.1067761-03:00,23131,23368,00,
002565,10237,2026-09-23T17:35:06.0884084-03:00,2026-09-23T17:35:06.0890413-03:00,2026-09-23T17:35:06.1195639-03:00,30523,31156,05,
002566,26844,2026-09-23T17:35:06.0934084-03:00,2026-09-23T17:35:06.0936667-03:00,2026-09-23T17:35:06.1488865-03:00,55220,55478,00,
002567,49231,2026-09-23T17:35:06.0984084-03:00,2026-09-23T17:35:06.0990972-03:00,2026-09-23T17:35:06.1256677-03:00,26571,27259,00,
002568,17792,2026-09-23T17:35:06.1034084-03:00,2026-09-23T17:35:06.1040059-03:00,2026-09-23T17:35:06.1334375-03:00,29432,30029,00,
002569,46161,2026-09-23T17:35:06.1084084-03:00,2026-09-23T17:35:06.1091668-03:00,2026-09-23T17:35:06.1494168-03:00,40250,41008,00,
002570,49018,2026-09-23T17:35:06.1134084-03:00,2026-09-23T17:35:06.1138312-03:00,2026-09-23T17:35:06.1438541-03:00,30023,30446,00,
002571,26773,2026-09-23T17:35:06.1184084-03:00,2026-09-23T17:35:06.1187736-03:00,2026-09-23T17:35:06.1483679-03:00,29594,29960,00,
002572,24896,2026-09-23T17:35:06.1234084-03:00,2026-09-23T17:35:06.1240806-03:00,2026-09-23T17:35:06.1488674-03:00,24787,25459,00,
002573,31705,2026-09-23T17:35:06.1284084-03:00,2026-09-23T17:35:06.128588-03:00,2026-09-23T17:35:06.1515278-03:00,22940,23119,00,
002574,39414,2026-09-23T17:35:06.1334084-03:00,2026-09-23T17:35:06.1337963-03:00,2026-09-23T17:35:06.1590127-03:00,25216,25604,00,
002575,17072,2026-09-23T17:35:06.1384084-03:00,2026-09-23T17:35:06.1390165-03:00,2026-09-23T17:35:06.1909439-03:00,51927,52536,00,
002576,44852,2026-09-23T17:35:06.1434084-03:00,2026-09-23T17:35:06.1436633-03:00,2026-09-23T17:35:06.1673661-03:00,23703,23958,00,
002577,24561,2026-09-23T17:35:06.1484084-03:00,2026-09-23T17:35:06.1487946-03:00,2026-09-23T17:35:06.1745137-03:00,25719,26105,51,
002578,35382,2026-09-23T17:35:06.1534084-03:00,2026-09-23T17:35:06.1541183-03:00,2026-09-23T17:35:06.1962678-03:00,42150,42859,00,
002579,27574,2026-09-23T17:35:06.1584084-03:00,2026-09-23T17:35:06.1589289-03:00,2026-09-23T17:35:06.2012166-03:00,42288,42808,91,
002580,27216,2026-09-23T17:35:06.1634084-03:00,2026-09-23T17:35:06.1636539-03:00,2026-09-23T17:35:06.2012154-03:00,37562,37807,00,
002581,31269,2026-09-23T17:35:06.1684084-03:00,2026-09-23T17:35:06.1689032-03:00,2026-09-23T17:35:06.2028701-03:00,33967,34462,51,
002582,42454,2026-09-23T17:35:06.1734084-03:00,2026-09-23T17:35:06.1739281-03:00,2026-09-23T17:35:06.1962861-03:00,22358,22878,00,
002583,21539,2026-09-23T17:35:06.1784084-03:00,2026-09-23T17:35:06.1789903-03:00,2026-09-23T17:35:06.2028628-03:00,23873,24454,00,
002584,29117,2026-09-23T17:35:06.1834084-03:00,2026-09-23T17:35:06.183827-03:00,2026-09-23T17:35:06.2293652-03:00,45538,45957,00,
002585,41067,2026-09-23T17:35:06.1884084-03:00,2026-09-23T17:35:06.1886896-03:00,2026-09-23T17:35:06.2136019-03:00,24912,25194,14,
002586,4307,2026-09-23T17:35:06.1934084-03:00,2026-09-23T17:35:06.1940374-03:00,2026-09-23T17:35:06.2201652-03:00,26128,26757,00,
002587,42710,2026-09-23T17:35:06.1984084-03:00,2026-09-23T17:35:06.1989252-03:00,2026-09-23T17:35:06.2350926-03:00,36167,36684,00,
002588,10548,2026-09-23T17:35:06.2034084-03:00,2026-09-23T17:35:06.2039497-03:00,2026-09-23T17:35:06.2266098-03:00,22660,23201,00,
002589,29767,2026-09-23T17:35:06.2084084-03:00,2026-09-23T17:35:06.208597-03:00,2026-09-23T17:35:06.2314496-03:00,22853,23041,00,
002590,10785,2026-09-23T17:35:06.2134084-03:00,2026-09-23T17:35:06.2143374-03:00,2026-09-23T17:35:06.2476867-03:00,33349,34278,00,
002591,1028,2026-09-23T17:35:06.2184084-03:00,2026-09-23T17:35:06.2189685-03:00,2026-09-23T17:35:06.2408947-03:00,21926,22486,00,
002592,12794,2026-09-23T17:35:06.2234084-03:00,2026-09-23T17:35:06.2238498-03:00,2026-09-23T17:35:06.2563285-03:00,32479,32920,00,
002593,27896,2026-09-23T17:35:06.2284084-03:00,2026-09-23T17:35:06.2287244-03:00,2026-09-23T17:35:06.2527852-03:00,24061,24377,00,
002594,49040,2026-09-23T17:35:06.2334084-03:00,2026-09-23T17:35:06.233858-03:00,2026-09-23T17:35:06.2608234-03:00,26965,27415,14,
002595,21896,2026-09-23T17:35:06.2384084-03:00,2026-09-23T17:35:06.2386557-03:00,2026-09-23T17:35:06.267415-03:00,28759,29007,00,
002596,26718,2026-09-23T17:35:06.2434084-03:00,2026-09-23T17:35:06.2439552-03:00,2026-09-23T17:35:06.2706921-03:00,26737,27284,00,
002597,34479,2026-09-23T17:35:06.2484084-03:00,2026-09-23T17:35:06.248978-03:00,2026-09-23T17:35:06.2760565-03:00,27079,27648,00,
002598,3573,2026-09-23T17:35:06.2534084-03:00,2026-09-23T17:35:06.2536358-03:00,2026-09-23T17:35:06.2760373-03:00,22402,22629,00,
002599,21239,2026-09-23T17:35:06.2584084-03:00,2026-09-23T17:35:06.2587409-03:00,2026-09-23T17:35:06.2797898-03:00,21049,21381,91,
002600,47930,2026-09-23T17:35:06.2634084-03:00,2026-09-23T17:35:06.2638788-03:00,2026-09-23T17:35:06.288378-03:00,24499,24970,00,
002601,41376,2026-09-23T17:35:06.2684084-03:00,2026-09-23T17:35:06.268946-03:00,2026-09-23T17:35:06.3053679-03:00,36422,36960,00,
002602,15865,2026-09-23T17:35:06.2734084-03:00,2026-09-23T17:35:06.2738042-03:00,2026-09-23T17:35:06.2973487-03:00,23545,23940,00,
002603,2270,2026-09-23T17:35:06.2784084-03:00,2026-09-23T17:35:06.2786498-03:00,2026-09-23T17:35:06.3006454-03:00,21996,22237,00,
002604,40134,2026-09-23T17:35:06.2834084-03:00,2026-09-23T17:35:06.2838866-03:00,2026-09-23T17:35:06.4192489-03:00,135362,135841,00,
002605,8598,2026-09-23T17:35:06.2884084-03:00,2026-09-23T17:35:06.2888339-03:00,2026-09-23T17:35:06.3100806-03:00,21247,21672,00,
002606,27971,2026-09-23T17:35:06.2934084-03:00,2026-09-23T17:35:06.2939837-03:00,2026-09-23T17:35:06.3190398-03:00,25056,25631,00,
002607,10223,2026-09-23T17:35:06.2984084-03:00,2026-09-23T17:35:06.2988831-03:00,2026-09-23T17:35:06.3261822-03:00,27299,27774,00,
002608,28200,2026-09-23T17:35:06.3034084-03:00,2026-09-23T17:35:06.3036854-03:00,2026-09-23T17:35:06.3261626-03:00,22477,22754,00,
002609,402,2026-09-23T17:35:06.3084084-03:00,2026-09-23T17:35:06.3089097-03:00,2026-09-23T17:35:06.3418903-03:00,32981,33482,00,
002610,49610,2026-09-23T17:35:06.3134084-03:00,2026-09-23T17:35:06.3136463-03:00,2026-09-23T17:35:06.3570232-03:00,43377,43615,00,
002611,20159,2026-09-23T17:35:06.3184084-03:00,2026-09-23T17:35:06.3189426-03:00,2026-09-23T17:35:06.3630991-03:00,44157,44691,51,
002612,33991,2026-09-23T17:35:06.3234084-03:00,2026-09-23T17:35:06.323578-03:00,2026-09-23T17:35:06.3575973-03:00,34019,34189,91,
002613,45028,2026-09-23T17:35:06.3284084-03:00,2026-09-23T17:35:06.3288002-03:00,2026-09-23T17:35:06.373718-03:00,44918,45310,00,
002614,27576,2026-09-23T17:35:06.3334084-03:00,2026-09-23T17:35:06.3342199-03:00,2026-09-23T17:35:06.35584-03:00,21620,22432,00,
002615,280,2026-09-23T17:35:06.3384084-03:00,2026-09-23T17:35:06.338674-03:00,2026-09-23T17:35:06.3604091-03:00,21735,22001,00,
002616,28129,2026-09-23T17:35:06.3434084-03:00,2026-09-23T17:35:06.3440773-03:00,2026-09-23T17:35:06.4098828-03:00,65806,66474,00,
002617,22424,2026-09-23T17:35:06.3484084-03:00,2026-09-23T17:35:06.3487853-03:00,2026-09-23T17:35:06.3781997-03:00,29414,29791,00,
002618,42004,2026-09-23T17:35:06.3534084-03:00,2026-09-23T17:35:06.3540233-03:00,2026-09-23T17:35:06.387616-03:00,33593,34208,00,
002619,49643,2026-09-23T17:35:06.3584084-03:00,2026-09-23T17:35:06.3586484-03:00,2026-09-23T17:35:06.4045455-03:00,45897,46137,00,
002620,34208,2026-09-23T17:35:06.3634084-03:00,2026-09-23T17:35:06.3640777-03:00,2026-09-23T17:35:06.3922245-03:00,28147,28816,14,
002621,33067,2026-09-23T17:35:06.3684084-03:00,2026-09-23T17:35:06.3687364-03:00,2026-09-23T17:35:06.3899443-03:00,21208,21536,00,
002622,39979,2026-09-23T17:35:06.3734084-03:00,2026-09-23T17:35:06.3735114-03:00,2026-09-23T17:35:06.4035391-03:00,30028,30131,00,
002623,22231,2026-09-23T17:35:06.3784084-03:00,2026-09-23T17:35:06.3786842-03:00,2026-09-23T17:35:06.4029287-03:00,24245,24520,14,
002624,36357,2026-09-23T17:35:06.3834084-03:00,2026-09-23T17:35:06.3837734-03:00,2026-09-23T17:35:06.4146481-03:00,30875,31240,00,
002625,4264,2026-09-23T17:35:06.3884084-03:00,2026-09-23T17:35:06.3886927-03:00,2026-09-23T17:35:06.4146295-03:00,25937,26221,51,
002626,8459,2026-09-23T17:35:06.3934084-03:00,2026-09-23T17:35:06.3937942-03:00,2026-09-23T17:35:06.4232508-03:00,29457,29842,00,
002627,12123,2026-09-23T17:35:06.3984084-03:00,2026-09-23T17:35:06.3989655-03:00,2026-09-23T17:35:06.4210717-03:00,22106,22663,00,
002628,44401,2026-09-23T17:35:06.4034084-03:00,2026-09-23T17:35:06.4039378-03:00,2026-09-23T17:35:06.4368223-03:00,32885,33414,00,
002629,4297,2026-09-23T17:35:06.4084084-03:00,2026-09-23T17:35:06.4086299-03:00,2026-09-23T17:35:06.4325255-03:00,23896,24117,14,
002630,37157,2026-09-23T17:35:06.4134084-03:00,2026-09-23T17:35:06.4139959-03:00,2026-09-23T17:35:06.4391108-03:00,25115,25702,00,
002631,34292,2026-09-23T17:35:06.4184084-03:00,2026-09-23T17:35:06.4190159-03:00,2026-09-23T17:35:06.4406151-03:00,21599,22207,00,
002632,244,2026-09-23T17:35:06.4234084-03:00,2026-09-23T17:35:06.4236445-03:00,2026-09-23T17:35:06.4745804-03:00,50936,51172,05,
002633,46686,2026-09-23T17:35:06.4284084-03:00,2026-09-23T17:35:06.4287967-03:00,2026-09-23T17:35:06.4511464-03:00,22350,22738,00,
002634,6712,2026-09-23T17:35:06.4334084-03:00,2026-09-23T17:35:06.4340725-03:00,2026-09-23T17:35:06.4582605-03:00,24188,24852,00,
002635,10252,2026-09-23T17:35:06.4384084-03:00,2026-09-23T17:35:06.4389404-03:00,2026-09-23T17:35:06.4629521-03:00,24012,24544,05,
002636,33562,2026-09-23T17:35:06.4434084-03:00,2026-09-23T17:35:06.443725-03:00,2026-09-23T17:35:06.4828259-03:00,39101,39418,00,
002637,24145,2026-09-23T17:35:06.4484084-03:00,2026-09-23T17:35:06.4488749-03:00,2026-09-23T17:35:06.4745731-03:00,25698,26165,00,
002638,28051,2026-09-23T17:35:06.4534084-03:00,2026-09-23T17:35:06.4537235-03:00,2026-09-23T17:35:06.4791354-03:00,25412,25727,00,
002639,40920,2026-09-23T17:35:06.4584084-03:00,2026-09-23T17:35:06.4587168-03:00,2026-09-23T17:35:06.4802005-03:00,21484,21792,00,
002640,2954,2026-09-23T17:35:06.4634084-03:00,2026-09-23T17:35:06.4640546-03:00,2026-09-23T17:35:06.4889351-03:00,24881,25527,00,
002641,44118,2026-09-23T17:35:06.4684084-03:00,2026-09-23T17:35:06.4686898-03:00,2026-09-23T17:35:06.5022133-03:00,33524,33805,00,
002642,13281,2026-09-23T17:35:06.4734084-03:00,2026-09-23T17:35:06.473988-03:00,2026-09-23T17:35:06.4982599-03:00,24272,24852,00,
002643,10524,2026-09-23T17:35:06.4784084-03:00,2026-09-23T17:35:06.478555-03:00,2026-09-23T17:35:06.5004833-03:00,21928,22075,00,
002644,48842,2026-09-23T17:35:06.4834084-03:00,2026-09-23T17:35:06.4836925-03:00,2026-09-23T17:35:06.5089231-03:00,25231,25515,00,
002645,26633,2026-09-23T17:35:06.4884084-03:00,2026-09-23T17:35:06.4888205-03:00,2026-09-23T17:35:06.5411768-03:00,52356,52768,51,
002646,10336,2026-09-23T17:35:06.4934084-03:00,2026-09-23T17:35:06.4940307-03:00,2026-09-23T17:35:06.530017-03:00,35986,36609,00,
002647,14111,2026-09-23T17:35:06.4984084-03:00,2026-09-23T17:35:06.4986651-03:00,2026-09-23T17:35:06.5507744-03:00,52109,52366,00,
002648,35720,2026-09-23T17:35:06.5034084-03:00,2026-09-23T17:35:06.5042182-03:00,2026-09-23T17:35:06.5264007-03:00,22183,22992,00,
002649,38629,2026-09-23T17:35:06.5084084-03:00,2026-09-23T17:35:06.5088672-03:00,2026-09-23T17:35:06.5322068-03:00,23340,23798,00,
002650,43629,2026-09-23T17:35:06.5134084-03:00,2026-09-23T17:35:06.5139839-03:00,2026-09-23T17:35:06.5363715-03:00,22388,22963,00,
002651,10578,2026-09-23T17:35:06.5184084-03:00,2026-09-23T17:35:06.5185965-03:00,2026-09-23T17:35:06.5411618-03:00,22565,22753,00,
002652,38602,2026-09-23T17:35:06.5234084-03:00,2026-09-23T17:35:06.5236961-03:00,2026-09-23T17:35:06.5464481-03:00,22752,23040,00,
002653,3278,2026-09-23T17:35:06.5284084-03:00,2026-09-23T17:35:06.5289386-03:00,2026-09-23T17:35:06.5519481-03:00,23010,23540,00,
002654,23904,2026-09-23T17:35:06.5334084-03:00,2026-09-23T17:35:06.534112-03:00,2026-09-23T17:35:06.5555298-03:00,21418,22121,00,
002655,18068,2026-09-23T17:35:06.5384084-03:00,2026-09-23T17:35:06.5389352-03:00,2026-09-23T17:35:06.5639105-03:00,24975,25502,00,
002656,10539,2026-09-23T17:35:06.5434084-03:00,2026-09-23T17:35:06.5437387-03:00,2026-09-23T17:35:06.5738781-03:00,30139,30470,00,
002657,8877,2026-09-23T17:35:06.5484084-03:00,2026-09-23T17:35:06.5490792-03:00,2026-09-23T17:35:06.5727076-03:00,23628,24299,05,
002658,3518,2026-09-23T17:35:06.5534084-03:00,2026-09-23T17:35:06.5538437-03:00,2026-09-23T17:35:06.5792692-03:00,25426,25861,00,
002659,23725,2026-09-23T17:35:06.5584084-03:00,2026-09-23T17:35:06.5590778-03:00,2026-09-23T17:35:06.5825076-03:00,23430,24099,00,
002660,37523,2026-09-23T17:35:06.5634084-03:00,2026-09-23T17:35:06.5636523-03:00,2026-09-23T17:35:06.5880165-03:00,24364,24608,00,
002661,27936,2026-09-23T17:35:06.5684084-03:00,2026-09-23T17:35:06.5692348-03:00,2026-09-23T17:35:06.6070154-03:00,37781,38607,00,
002662,25293,2026-09-23T17:35:06.5734084-03:00,2026-09-23T17:35:06.5737999-03:00,2026-09-23T17:35:06.6103471-03:00,36547,36939,00,
002663,27633,2026-09-23T17:35:06.5784084-03:00,2026-09-23T17:35:06.5794082-03:00,2026-09-23T17:35:06.6339628-03:00,54555,55554,00,
002664,40976,2026-09-23T17:35:06.5834084-03:00,2026-09-23T17:35:06.5834843-03:00,2026-09-23T17:35:06.6103458-03:00,26862,26937,00,
002665,16529,2026-09-23T17:35:06.5884084-03:00,2026-09-23T17:35:06.5890936-03:00,2026-09-23T17:35:06.6103639-03:00,21270,21956,00,
002666,14635,2026-09-23T17:35:06.5934084-03:00,2026-09-23T17:35:06.593706-03:00,2026-09-23T17:35:06.6185881-03:00,24882,25180,00,
002667,37196,2026-09-23T17:35:06.5984084-03:00,2026-09-23T17:35:06.5988703-03:00,2026-09-23T17:35:06.6225531-03:00,23683,24145,00,
002668,37796,2026-09-23T17:35:06.6034084-03:00,2026-09-23T17:35:06.6038049-03:00,2026-09-23T17:35:06.6252868-03:00,21482,21878,00,
002669,11733,2026-09-23T17:35:06.6084084-03:00,2026-09-23T17:35:06.6090878-03:00,2026-09-23T17:35:06.6326891-03:00,23601,24281,00,
002670,39669,2026-09-23T17:35:06.6134084-03:00,2026-09-23T17:35:06.6139275-03:00,2026-09-23T17:35:06.6800029-03:00,66075,66595,00,
002671,10122,2026-09-23T17:35:06.6184084-03:00,2026-09-23T17:35:06.6186464-03:00,2026-09-23T17:35:06.652861-03:00,34215,34453,00,
002672,48478,2026-09-23T17:35:06.6234084-03:00,2026-09-23T17:35:06.6235839-03:00,2026-09-23T17:35:06.6596621-03:00,36078,36254,00,
002673,28504,2026-09-23T17:35:06.6284084-03:00,2026-09-23T17:35:06.6288141-03:00,2026-09-23T17:35:06.6916195-03:00,62805,63211,00,
002674,25035,2026-09-23T17:35:06.6334084-03:00,2026-09-23T17:35:06.6340808-03:00,2026-09-23T17:35:06.6560278-03:00,21947,22619,00,
002675,34909,2026-09-23T17:35:06.6384084-03:00,2026-09-23T17:35:06.6391487-03:00,2026-09-23T17:35:06.6812065-03:00,42058,42798,00,
002676,31565,2026-09-23T17:35:06.6434084-03:00,2026-09-23T17:35:06.6438204-03:00,2026-09-23T17:35:06.6866738-03:00,42853,43265,14,
002677,934,2026-09-23T17:35:06.6484084-03:00,2026-09-23T17:35:06.6490684-03:00,2026-09-23T17:35:06.6789705-03:00,29902,30562,00,
002678,22620,2026-09-23T17:35:06.6534084-03:00,2026-09-23T17:35:06.6538905-03:00,2026-09-23T17:35:06.6878326-03:00,33942,34424,00,
002679,126,2026-09-23T17:35:06.6584084-03:00,2026-09-23T17:35:06.6590796-03:00,2026-09-23T17:35:06.6818299-03:00,22750,23422,00,
002680,47588,2026-09-23T17:35:06.6634084-03:00,2026-09-23T17:35:06.6636424-03:00,2026-09-23T17:35:06.6916374-03:00,27995,28229,00,
002681,25419,2026-09-23T17:35:06.6684084-03:00,2026-09-23T17:35:06.668564-03:00,2026-09-23T17:35:06.7002881-03:00,31724,31880,05,
002682,14989,2026-09-23T17:35:06.6734084-03:00,2026-09-23T17:35:06.6736657-03:00,2026-09-23T17:35:06.6970429-03:00,23377,23635,00,
002683,28959,2026-09-23T17:35:06.6784084-03:00,2026-09-23T17:35:06.6787641-03:00,2026-09-23T17:35:06.7014117-03:00,22648,23003,00,
002684,27536,2026-09-23T17:35:06.6834084-03:00,2026-09-23T17:35:06.6838281-03:00,2026-09-23T17:35:06.7065164-03:00,22688,23108,51,
002685,43999,2026-09-23T17:35:06.6884084-03:00,2026-09-23T17:35:06.688914-03:00,2026-09-23T17:35:06.7125389-03:00,23625,24131,00,
002686,3106,2026-09-23T17:35:06.6934084-03:00,2026-09-23T17:35:06.6937212-03:00,2026-09-23T17:35:06.7192483-03:00,25527,25840,00,
002687,20683,2026-09-23T17:35:06.6984084-03:00,2026-09-23T17:35:06.69905-03:00,2026-09-23T17:35:06.7677963-03:00,68746,69388,00,
002688,17421,2026-09-23T17:35:06.7034084-03:00,2026-09-23T17:35:06.7039359-03:00,2026-09-23T17:35:06.7301317-03:00,26196,26723,00,
002689,44595,2026-09-23T17:35:06.7084084-03:00,2026-09-23T17:35:06.708935-03:00,2026-09-23T17:35:06.7852252-03:00,76290,76817,00,
002690,17822,2026-09-23T17:35:06.7134084-03:00,2026-09-23T17:35:06.7139617-03:00,2026-09-23T17:35:06.7406904-03:00,26729,27282,00,
002691,42044,2026-09-23T17:35:06.7184084-03:00,2026-09-23T17:35:06.7191371-03:00,2026-09-23T17:35:06.7498848-03:00,30748,31476,00,
002692,18047,2026-09-23T17:35:06.7234084-03:00,2026-09-23T17:35:06.7237806-03:00,2026-09-23T17:35:06.7637912-03:00,40011,40383,00,
002693,34196,2026-09-23T17:35:06.7284084-03:00,2026-09-23T17:35:06.7289099-03:00,2026-09-23T17:35:06.7719991-03:00,43089,43591,00,
002694,22510,2026-09-23T17:35:06.7334084-03:00,2026-09-23T17:35:06.7336975-03:00,2026-09-23T17:35:06.7756184-03:00,41921,42210,00,
002695,257,2026-09-23T17:35:06.7384084-03:00,2026-09-23T17:35:06.7389317-03:00,2026-09-23T17:35:06.7819753-03:00,43044,43567,51,
002696,45699,2026-09-23T17:35:06.7434084-03:00,2026-09-23T17:35:06.7437762-03:00,2026-09-23T17:35:06.7703655-03:00,26589,26957,00,
002697,47389,2026-09-23T17:35:06.7484084-03:00,2026-09-23T17:35:06.7490343-03:00,2026-09-23T17:35:06.7767435-03:00,27709,28335,00,
002698,22647,2026-09-23T17:35:06.7534084-03:00,2026-09-23T17:35:06.7539892-03:00,2026-09-23T17:35:06.7767535-03:00,22764,23345,00,
002699,38087,2026-09-23T17:35:06.7584084-03:00,2026-09-23T17:35:06.7585924-03:00,2026-09-23T17:35:06.7967385-03:00,38146,38330,00,
002700,13226,2026-09-23T17:35:06.7634084-03:00,2026-09-23T17:35:06.7637085-03:00,2026-09-23T17:35:06.797326-03:00,33618,33918,00,
002701,5269,2026-09-23T17:35:06.7684084-03:00,2026-09-23T17:35:06.7686932-03:00,2026-09-23T17:35:06.7935413-03:00,24848,25133,00,
002702,43736,2026-09-23T17:35:06.7734084-03:00,2026-09-23T17:35:06.7739393-03:00,2026-09-23T17:35:06.815166-03:00,41227,41758,00,
002703,13430,2026-09-23T17:35:06.7784084-03:00,2026-09-23T17:35:06.7787981-03:00,2026-09-23T17:35:06.8035259-03:00,24728,25118,00,
002704,22588,2026-09-23T17:35:06.7834084-03:00,2026-09-23T17:35:06.7840316-03:00,2026-09-23T17:35:06.8076713-03:00,23640,24263,00,
002705,443,2026-09-23T17:35:06.7884084-03:00,2026-09-23T17:35:06.7888119-03:00,2026-09-23T17:35:06.8138973-03:00,25085,25489,00,
002706,11056,2026-09-23T17:35:06.7934084-03:00,2026-09-23T17:35:06.7934723-03:00,2026-09-23T17:35:06.8201832-03:00,26711,26775,91,
002707,21038,2026-09-23T17:35:06.7984084-03:00,2026-09-23T17:35:06.7988856-03:00,2026-09-23T17:35:06.8236455-03:00,24760,25237,00,
002708,13349,2026-09-23T17:35:06.8034084-03:00,2026-09-23T17:35:06.8039412-03:00,2026-09-23T17:35:06.8276303-03:00,23689,24222,51,
002709,26673,2026-09-23T17:35:06.8084084-03:00,2026-09-23T17:35:06.80874-03:00,2026-09-23T17:35:06.8412841-03:00,32544,32876,00,
002710,11505,2026-09-23T17:35:06.8134084-03:00,2026-09-23T17:35:06.8134819-03:00,2026-09-23T17:35:06.8687909-03:00,55309,55383,00,
002711,35029,2026-09-23T17:35:06.8184084-03:00,2026-09-23T17:35:06.8190151-03:00,2026-09-23T17:35:06.845034-03:00,26019,26626,00,
002712,39239,2026-09-23T17:35:06.8234084-03:00,2026-09-23T17:35:06.8236738-03:00,2026-09-23T17:35:06.8549117-03:00,31238,31503,00,
002713,19769,2026-09-23T17:35:06.8284084-03:00,2026-09-23T17:35:06.8286788-03:00,2026-09-23T17:35:06.8519312-03:00,23252,23523,00,
002714,8941,2026-09-23T17:35:06.8334084-03:00,2026-09-23T17:35:06.8338324-03:00,2026-09-23T17:35:06.860019-03:00,26187,26611,00,
002715,18051,2026-09-23T17:35:06.8384084-03:00,2026-09-23T17:35:06.8390491-03:00,2026-09-23T17:35:06.8694252-03:00,30376,31017,00,
002716,4015,2026-09-23T17:35:06.8434084-03:00,2026-09-23T17:35:06.8438459-03:00,2026-09-23T17:35:06.8677111-03:00,23865,24303,00,
002717,23433,2026-09-23T17:35:06.8484084-03:00,2026-09-23T17:35:06.8485981-03:00,2026-09-23T17:35:06.8800562-03:00,31458,31648,00,
002718,1859,2026-09-23T17:35:06.8534084-03:00,2026-09-23T17:35:06.8538618-03:00,2026-09-23T17:35:06.8800463-03:00,26185,26638,00,
002719,45449,2026-09-23T17:35:06.8584084-03:00,2026-09-23T17:35:06.8589495-03:00,2026-09-23T17:35:06.8818904-03:00,22941,23482,00,
002720,17626,2026-09-23T17:35:06.8634084-03:00,2026-09-23T17:35:06.8640069-03:00,2026-09-23T17:35:06.8959854-03:00,31979,32577,51,
002721,42612,2026-09-23T17:35:06.8684084-03:00,2026-09-23T17:35:06.8687126-03:00,2026-09-23T17:35:06.8943601-03:00,25648,25952,00,
002722,13926,2026-09-23T17:35:06.8734084-03:00,2026-09-23T17:35:06.8736508-03:00,2026-09-23T17:35:06.9156827-03:00,42032,42274,00,
002723,6704,2026-09-23T17:35:06.8784084-03:00,2026-09-23T17:35:06.8788111-03:00,2026-09-23T17:35:06.9029673-03:00,24156,24559,00,
002724,22718,2026-09-23T17:35:06.8834084-03:00,2026-09-23T17:35:06.8837772-03:00,2026-09-23T17:35:06.9077022-03:00,23925,24294,00,
002725,5924,2026-09-23T17:35:06.8884084-03:00,2026-09-23T17:35:06.8885646-03:00,2026-09-23T17:35:06.9205421-03:00,31978,32134,00,
002726,11015,2026-09-23T17:35:06.8934084-03:00,2026-09-23T17:35:06.8937196-03:00,2026-09-23T17:35:06.9194291-03:00,25710,26021,00,
002727,2940,2026-09-23T17:35:06.8984084-03:00,2026-09-23T17:35:06.8986158-03:00,2026-09-23T17:35:06.9289448-03:00,30329,30536,51,
002728,15134,2026-09-23T17:35:06.9034084-03:00,2026-09-23T17:35:06.9039801-03:00,2026-09-23T17:35:06.928397-03:00,24417,24989,00,
002729,26531,2026-09-23T17:35:06.9084084-03:00,2026-09-23T17:35:06.9087802-03:00,2026-09-23T17:35:06.9301235-03:00,21343,21715,00,
002730,35622,2026-09-23T17:35:06.9134084-03:00,2026-09-23T17:35:06.9139704-03:00,2026-09-23T17:35:06.9430864-03:00,29116,29678,00,
002731,44883,2026-09-23T17:35:06.9184084-03:00,2026-09-23T17:35:06.9188066-03:00,2026-09-23T17:35:06.9450244-03:00,26218,26616,00,
002732,44194,2026-09-23T17:35:06.9234084-03:00,2026-09-23T17:35:06.9236433-03:00,2026-09-23T17:35:06.9462017-03:00,22558,22793,51,
002733,17054,2026-09-23T17:35:06.9284084-03:00,2026-09-23T17:35:06.928885-03:00,2026-09-23T17:35:06.9538075-03:00,24923,25399,00,
002734,5270,2026-09-23T17:35:06.9334084-03:00,2026-09-23T17:35:06.9336612-03:00,2026-09-23T17:35:06.9588955-03:00,25234,25487,00,
002735,49539,2026-09-23T17:35:06.9384084-03:00,2026-09-23T17:35:06.9388716-03:00,2026-09-23T17:35:06.9630997-03:00,24228,24691,00,
002736,32604,2026-09-23T17:35:06.9434084-03:00,2026-09-23T17:35:06.9436067-03:00,2026-09-23T17:35:06.967745-03:00,24138,24337,00,
002737,4488,2026-09-23T17:35:06.9484084-03:00,2026-09-23T17:35:06.9491782-03:00,2026-09-23T17:35:06.9726558-03:00,23478,24247,00,
002738,48508,2026-09-23T17:35:06.9534084-03:00,2026-09-23T17:35:06.9537118-03:00,2026-09-23T17:35:06.9810199-03:00,27308,27612,00,
002739,8023,2026-09-23T17:35:06.9584084-03:00,2026-09-23T17:35:06.9588449-03:00,2026-09-23T17:35:06.9979028-03:00,39058,39494,00,
002740,15026,2026-09-23T17:35:06.9634084-03:00,2026-09-23T17:35:06.9640819-03:00,2026-09-23T17:35:06.9858492-03:00,21767,22441,00,
002741,24008,2026-09-23T17:35:06.9684084-03:00,2026-09-23T17:35:06.9689672-03:00,2026-09-23T17:35:07.0062692-03:00,37302,37861,00,
002742,802,2026-09-23T17:35:06.9734084-03:00,2026-09-23T17:35:06.9736558-03:00,2026-09-23T17:35:07.0062518-03:00,32596,32843,00,
002743,9400,2026-09-23T17:35:06.9784084-03:00,2026-09-23T17:35:06.9788368-03:00,2026-09-23T17:35:07.000641-03:00,21804,22233,00,
002744,26878,2026-09-23T17:35:06.9834084-03:00,2026-09-23T17:35:06.9835924-03:00,2026-09-23T17:35:07.0073921-03:00,23800,23984,00,
002745,36448,2026-09-23T17:35:06.9884084-03:00,2026-09-23T17:35:06.9889357-03:00,2026-09-23T17:35:07.0131605-03:00,24225,24752,00,
002746,7666,2026-09-23T17:35:06.9934084-03:00,2026-09-23T17:35:06.9936073-03:00,2026-09-23T17:35:07.018861-03:00,25254,25453,00,
002747,15934,2026-09-23T17:35:06.9984084-03:00,2026-09-23T17:35:06.9989588-03:00,2026-09-23T17:35:07.037191-03:00,38232,38783,00,
002748,40781,2026-09-23T17:35:07.0034084-03:00,2026-09-23T17:35:07.0038961-03:00,2026-09-23T17:35:07.0301818-03:00,26286,26773,00,
002749,25296,2026-09-23T17:35:07.0084084-03:00,2026-09-23T17:35:07.0089831-03:00,2026-09-23T17:35:07.0489001-03:00,39917,40492,00,
002750,20070,2026-09-23T17:35:07.0134084-03:00,2026-09-23T17:35:07.0135594-03:00,2026-09-23T17:35:07.0404878-03:00,26928,27079,00,
002751,43808,2026-09-23T17:35:07.0184084-03:00,2026-09-23T17:35:07.018639-03:00,2026-09-23T17:35:07.0648715-03:00,46233,46463,00,
002752,46568,2026-09-23T17:35:07.0234084-03:00,2026-09-23T17:35:07.0237851-03:00,2026-09-23T17:35:07.0581489-03:00,34364,34741,00,
002753,31008,2026-09-23T17:35:07.0284084-03:00,2026-09-23T17:35:07.0289487-03:00,2026-09-23T17:35:07.0881183-03:00,59170,59710,00,
002754,10245,2026-09-23T17:35:07.0334084-03:00,2026-09-23T17:35:07.0337793-03:00,2026-09-23T17:35:07.0689969-03:00,35218,35589,00,
002755,33995,2026-09-23T17:35:07.0384084-03:00,2026-09-23T17:35:07.038752-03:00,2026-09-23T17:35:07.0758364-03:00,37084,37428,00,
002756,15813,2026-09-23T17:35:07.0434084-03:00,2026-09-23T17:35:07.04409-03:00,2026-09-23T17:35:07.0843415-03:00,40252,40933,51,
002757,47222,2026-09-23T17:35:07.0484084-03:00,2026-09-23T17:35:07.04881-03:00,2026-09-23T17:35:07.1142151-03:00,65405,65807,00,
002758,40255,2026-09-23T17:35:07.0534084-03:00,2026-09-23T17:35:07.0539618-03:00,2026-09-23T17:35:07.0807176-03:00,26756,27309,00,
002759,39304,2026-09-23T17:35:07.0584084-03:00,2026-09-23T17:35:07.0590832-03:00,2026-09-23T17:35:07.0854774-03:00,26394,27069,00,
002760,18488,2026-09-23T17:35:07.0634084-03:00,2026-09-23T17:35:07.0636548-03:00,2026-09-23T17:35:07.088099-03:00,24444,24691,00,
002761,28556,2026-09-23T17:35:07.0684084-03:00,2026-09-23T17:35:07.0688954-03:00,2026-09-23T17:35:07.097523-03:00,28628,29115,00,
002762,45727,2026-09-23T17:35:07.0734084-03:00,2026-09-23T17:35:07.0735957-03:00,2026-09-23T17:35:07.1002807-03:00,26685,26872,00,
002763,23999,2026-09-23T17:35:07.0784084-03:00,2026-09-23T17:35:07.0789193-03:00,2026-09-23T17:35:07.1205595-03:00,41640,42151,00,
002764,6424,2026-09-23T17:35:07.0834084-03:00,2026-09-23T17:35:07.0837499-03:00,2026-09-23T17:35:07.1070976-03:00,23348,23689,00,
002765,13278,2026-09-23T17:35:07.0884084-03:00,2026-09-23T17:35:07.0890959-03:00,2026-09-23T17:35:07.1126012-03:00,23505,24193,00,
002766,11728,2026-09-23T17:35:07.0934084-03:00,2026-09-23T17:35:07.0937367-03:00,2026-09-23T17:35:07.1162732-03:00,22537,22865,05,
002767,23214,2026-09-23T17:35:07.0984084-03:00,2026-09-23T17:35:07.099093-03:00,2026-09-23T17:35:07.1512566-03:00,52164,52848,00,
002768,3356,2026-09-23T17:35:07.1034084-03:00,2026-09-23T17:35:07.1039018-03:00,2026-09-23T17:35:07.1263748-03:00,22473,22966,00,
002769,21516,2026-09-23T17:35:07.1084084-03:00,2026-09-23T17:35:07.1086489-03:00,2026-09-23T17:35:07.1451352-03:00,36486,36727,00,
002770,24375,2026-09-23T17:35:07.1134084-03:00,2026-09-23T17:35:07.1136343-03:00,2026-09-23T17:35:07.1524348-03:00,38801,39026,00,
002771,19559,2026-09-23T17:35:07.1184084-03:00,2026-09-23T17:35:07.1187991-03:00,2026-09-23T17:35:07.1440462-03:00,25247,25638,00,
002772,8293,2026-09-23T17:35:07.1234084-03:00,2026-09-23T17:35:07.1236426-03:00,2026-09-23T17:35:07.1556634-03:00,32021,32255,00,
002773,12417,2026-09-23T17:35:07.1284084-03:00,2026-09-23T17:35:07.1289889-03:00,2026-09-23T17:35:07.1528912-03:00,23902,24483,05,
002774,21064,2026-09-23T17:35:07.1334084-03:00,2026-09-23T17:35:07.1336482-03:00,2026-09-23T17:35:07.1550963-03:00,21448,21688,00,
002775,27762,2026-09-23T17:35:07.1384084-03:00,2026-09-23T17:35:07.1388491-03:00,2026-09-23T17:35:07.1617571-03:00,22908,23349,00,
002776,6049,2026-09-23T17:35:07.1434084-03:00,2026-09-23T17:35:07.1439578-03:00,2026-09-23T17:35:07.1891897-03:00,45232,45781,00,
002777,38278,2026-09-23T17:35:07.1484084-03:00,2026-09-23T17:35:07.1486258-03:00,2026-09-23T17:35:07.1731089-03:00,24483,24701,00,
002778,40736,2026-09-23T17:35:07.1534084-03:00,2026-09-23T17:35:07.1539178-03:00,2026-09-23T17:35:07.1782167-03:00,24299,24808,00,
002779,2858,2026-09-23T17:35:07.1584084-03:00,2026-09-23T17:35:07.1587159-03:00,2026-09-23T17:35:07.1913699-03:00,32654,32962,00,
002780,34781,2026-09-23T17:35:07.1634084-03:00,2026-09-23T17:35:07.1637615-03:00,2026-09-23T17:35:07.1850487-03:00,21287,21640,00,
002781,19089,2026-09-23T17:35:07.1684084-03:00,2026-09-23T17:35:07.1689046-03:00,2026-09-23T17:35:07.1935203-03:00,24616,25112,00,
002782,18486,2026-09-23T17:35:07.1734084-03:00,2026-09-23T17:35:07.17426-03:00,2026-09-23T17:35:07.196705-03:00,22445,23297,00,
002783,47054,2026-09-23T17:35:07.1784084-03:00,2026-09-23T17:35:07.1787216-03:00,2026-09-23T17:35:07.1999814-03:00,21260,21573,00,
002784,11826,2026-09-23T17:35:07.1834084-03:00,2026-09-23T17:35:07.1838266-03:00,2026-09-23T17:35:07.2078406-03:00,24014,24432,00,
002785,38721,2026-09-23T17:35:07.1884084-03:00,2026-09-23T17:35:07.1890892-03:00,2026-09-23T17:35:07.2151428-03:00,26054,26734,51,
002786,29624,2026-09-23T17:35:07.1934084-03:00,2026-09-23T17:35:07.1935425-03:00,2026-09-23T17:35:07.2218989-03:00,28356,28491,00,
002787,30097,2026-09-23T17:35:07.1984084-03:00,2026-09-23T17:35:07.1987191-03:00,2026-09-23T17:35:07.2333989-03:00,34680,34991,00,
002788,30903,2026-09-23T17:35:07.2034084-03:00,2026-09-23T17:35:07.2041319-03:00,2026-09-23T17:35:07.2286297-03:00,24498,25221,00,
002789,42847,2026-09-23T17:35:07.2084084-03:00,2026-09-23T17:35:07.2088501-03:00,2026-09-23T17:35:07.2333905-03:00,24540,24982,51,
002790,49760,2026-09-23T17:35:07.2134084-03:00,2026-09-23T17:35:07.2134781-03:00,2026-09-23T17:35:07.2487596-03:00,35282,35351,00,
002791,41720,2026-09-23T17:35:07.2184084-03:00,2026-09-23T17:35:07.2186319-03:00,2026-09-23T17:35:07.2434308-03:00,24799,25022,00,
002792,20137,2026-09-23T17:35:07.2234084-03:00,2026-09-23T17:35:07.2239372-03:00,2026-09-23T17:35:07.2455627-03:00,21626,22154,00,
002793,642,2026-09-23T17:35:07.2284084-03:00,2026-09-23T17:35:07.2285521-03:00,2026-09-23T17:35:07.263984-03:00,35432,35576,00,
002794,26547,2026-09-23T17:35:07.2334084-03:00,2026-09-23T17:35:07.2337226-03:00,2026-09-23T17:35:07.2651153-03:00,31393,31707,00,
002795,43517,2026-09-23T17:35:07.2384084-03:00,2026-09-23T17:35:07.2385983-03:00,2026-09-23T17:35:07.2662142-03:00,27616,27806,00,
002796,41933,2026-09-23T17:35:07.2434084-03:00,2026-09-23T17:35:07.2438717-03:00,2026-09-23T17:35:07.2720272-03:00,28156,28619,00,
002797,2660,2026-09-23T17:35:07.2484084-03:00,2026-09-23T17:35:07.2486701-03:00,2026-09-23T17:35:07.2720085-03:00,23338,23600,00,
002798,35674,2026-09-23T17:35:07.2534084-03:00,2026-09-23T17:35:07.2537101-03:00,2026-09-23T17:35:07.2888061-03:00,35096,35398,00,
002799,1958,2026-09-23T17:35:07.2584084-03:00,2026-09-23T17:35:07.2588114-03:00,2026-09-23T17:35:07.290943-03:00,32132,32535,00,
002800,16266,2026-09-23T17:35:07.2634084-03:00,2026-09-23T17:35:07.2639113-03:00,2026-09-23T17:35:07.2883076-03:00,24396,24899,00,
002801,49609,2026-09-23T17:35:07.2684084-03:00,2026-09-23T17:35:07.2687702-03:00,2026-09-23T17:35:07.3073292-03:00,38559,38921,00,
002802,44384,2026-09-23T17:35:07.2734084-03:00,2026-09-23T17:35:07.2736047-03:00,2026-09-23T17:35:07.3033233-03:00,29719,29915,00,
002803,36252,2026-09-23T17:35:07.2784084-03:00,2026-09-23T17:35:07.2787639-03:00,2026-09-23T17:35:07.3093154-03:00,30552,30907,00,
002804,523,2026-09-23T17:35:07.2834084-03:00,2026-09-23T17:35:07.2840638-03:00,2026-09-23T17:35:07.3155113-03:00,31448,32103,00,
002805,19447,2026-09-23T17:35:07.2884084-03:00,2026-09-23T17:35:07.2887379-03:00,2026-09-23T17:35:07.3113841-03:00,22646,22976,00,
002806,1405,2026-09-23T17:35:07.2934084-03:00,2026-09-23T17:35:07.2940263-03:00,2026-09-23T17:35:07.3242283-03:00,30202,30820,00,
002807,8039,2026-09-23T17:35:07.2984084-03:00,2026-09-23T17:35:07.2987333-03:00,2026-09-23T17:35:07.3221207-03:00,23387,23712,00,
002808,27793,2026-09-23T17:35:07.3034084-03:00,2026-09-23T17:35:07.3036864-03:00,2026-09-23T17:35:07.3283611-03:00,24675,24953,00,
002809,20218,2026-09-23T17:35:07.3084084-03:00,2026-09-23T17:35:07.3087459-03:00,2026-09-23T17:35:07.3309676-03:00,22222,22559,51,
002810,42499,2026-09-23T17:35:07.3134084-03:00,2026-09-23T17:35:07.3139243-03:00,2026-09-23T17:35:07.3476417-03:00,33717,34233,14,
002811,34455,2026-09-23T17:35:07.3184084-03:00,2026-09-23T17:35:07.3188955-03:00,2026-09-23T17:35:07.3552451-03:00,36350,36837,00,
002812,21744,2026-09-23T17:35:07.3234084-03:00,2026-09-23T17:35:07.3236675-03:00,2026-09-23T17:35:07.3669394-03:00,43272,43531,00,
002813,40843,2026-09-23T17:35:07.3284084-03:00,2026-09-23T17:35:07.3287633-03:00,2026-09-23T17:35:07.3510138-03:00,22251,22605,00,
002814,38521,2026-09-23T17:35:07.3334084-03:00,2026-09-23T17:35:07.3340548-03:00,2026-09-23T17:35:07.3583686-03:00,24314,24960,00,
002815,45846,2026-09-23T17:35:07.3384084-03:00,2026-09-23T17:35:07.3387283-03:00,2026-09-23T17:35:07.3594523-03:00,20724,21044,51,
002816,43935,2026-09-23T17:35:07.3434084-03:00,2026-09-23T17:35:07.3438831-03:00,2026-09-23T17:35:07.3673992-03:00,23516,23991,00,
002817,13955,2026-09-23T17:35:07.3484084-03:00,2026-09-23T17:35:07.3487248-03:00,2026-09-23T17:35:07.3766691-03:00,27944,28261,00,
002818,8728,2026-09-23T17:35:07.3534084-03:00,2026-09-23T17:35:07.3541168-03:00,2026-09-23T17:35:07.3783232-03:00,24206,24915,00,
002819,24125,2026-09-23T17:35:07.3584084-03:00,2026-09-23T17:35:07.358825-03:00,2026-09-23T17:35:07.3804279-03:00,21603,22020,00,
002820,47859,2026-09-23T17:35:07.3634084-03:00,2026-09-23T17:35:07.3640216-03:00,2026-09-23T17:35:07.4045632-03:00,40542,41155,00,
002821,23150,2026-09-23T17:35:07.3684084-03:00,2026-09-23T17:35:07.3688398-03:00,2026-09-23T17:35:07.3930573-03:00,24218,24649,00,
002822,32648,2026-09-23T17:35:07.3734084-03:00,2026-09-23T17:35:07.3739597-03:00,2026-09-23T17:35:07.3992979-03:00,25338,25890,00,
002823,39042,2026-09-23T17:35:07.3784084-03:00,2026-09-23T17:35:07.3787212-03:00,2026-09-23T17:35:07.4035031-03:00,24782,25095,00,
002824,12967,2026-09-23T17:35:07.3834084-03:00,2026-09-23T17:35:07.3837412-03:00,2026-09-23T17:35:07.4135543-03:00,29813,30146,05,
002825,27079,2026-09-23T17:35:07.3884084-03:00,2026-09-23T17:35:07.3887929-03:00,2026-09-23T17:35:07.4103703-03:00,21577,21962,00,
002826,44570,2026-09-23T17:35:07.3934084-03:00,2026-09-23T17:35:07.3940185-03:00,2026-09-23T17:35:07.4176303-03:00,23612,24222,00,
002827,26230,2026-09-23T17:35:07.3984084-03:00,2026-09-23T17:35:07.3986805-03:00,2026-09-23T17:35:07.4271085-03:00,28428,28700,00,
002828,25305,2026-09-23T17:35:07.4034084-03:00,2026-09-23T17:35:07.4039251-03:00,2026-09-23T17:35:07.429955-03:00,26030,26547,00,
002829,48057,2026-09-23T17:35:07.4084084-03:00,2026-09-23T17:35:07.4086357-03:00,2026-09-23T17:35:07.4315462-03:00,22911,23138,00,
002830,28324,2026-09-23T17:35:07.4134084-03:00,2026-09-23T17:35:07.413574-03:00,2026-09-23T17:35:07.4378427-03:00,24269,24434,05,
002831,38632,2026-09-23T17:35:07.4184084-03:00,2026-09-23T17:35:07.4192169-03:00,2026-09-23T17:35:07.4440661-03:00,24849,25658,00,
002832,34996,2026-09-23T17:35:07.4234084-03:00,2026-09-23T17:35:07.4238539-03:00,2026-09-23T17:35:07.4446428-03:00,20789,21234,00,
002833,37604,2026-09-23T17:35:07.4284084-03:00,2026-09-23T17:35:07.4286827-03:00,2026-09-23T17:35:07.4651817-03:00,36499,36773,00,
002834,45195,2026-09-23T17:35:07.4334084-03:00,2026-09-23T17:35:07.4336306-03:00,2026-09-23T17:35:07.4608198-03:00,27189,27411,00,
002835,4284,2026-09-23T17:35:07.4384084-03:00,2026-09-23T17:35:07.4388868-03:00,2026-09-23T17:35:07.4629937-03:00,24107,24585,00,
002836,41747,2026-09-23T17:35:07.4434084-03:00,2026-09-23T17:35:07.4439961-03:00,2026-09-23T17:35:07.4671841-03:00,23188,23776,00,
002837,42767,2026-09-23T17:35:07.4484084-03:00,2026-09-23T17:35:07.4486867-03:00,2026-09-23T17:35:07.4707396-03:00,22053,22331,00,
002838,35333,2026-09-23T17:35:07.4534084-03:00,2026-09-23T17:35:07.4540051-03:00,2026-09-23T17:35:07.4807937-03:00,26789,27385,00,
002839,29001,2026-09-23T17:35:07.4584084-03:00,2026-09-23T17:35:07.4586271-03:00,2026-09-23T17:35:07.4980572-03:00,39430,39649,00,
002840,36466,2026-09-23T17:35:07.4634084-03:00,2026-09-23T17:35:07.4640363-03:00,2026-09-23T17:35:07.5200647-03:00,56028,56656,00,
002841,216,2026-09-23T17:35:07.4684084-03:00,2026-09-23T17:35:07.4688387-03:00,2026-09-23T17:35:07.4939151-03:00,25076,25507,00,
002842,454,2026-09-23T17:35:07.4734084-03:00,2026-09-23T17:35:07.4740049-03:00,2026-09-23T17:35:07.5019976-03:00,27993,28589,51,
002843,36687,2026-09-23T17:35:07.4784084-03:00,2026-09-23T17:35:07.4786027-03:00,2026-09-23T17:35:07.5039003-03:00,25298,25492,00,
002844,27426,2026-09-23T17:35:07.4834084-03:00,2026-09-23T17:35:07.483992-03:00,2026-09-23T17:35:07.5068691-03:00,22877,23461,00,
002845,19848,2026-09-23T17:35:07.4884084-03:00,2026-09-23T17:35:07.4887376-03:00,2026-09-23T17:35:07.5116097-03:00,22872,23201,00,
002846,37116,2026-09-23T17:35:07.4934084-03:00,2026-09-23T17:35:07.4938389-03:00,2026-09-23T17:35:07.520069-03:00,26230,26661,00,
002847,18283,2026-09-23T17:35:07.4984084-03:00,2026-09-23T17:35:07.4989852-03:00,2026-09-23T17:35:07.5253352-03:00,26350,26927,51,
002848,32722,2026-09-23T17:35:07.5034084-03:00,2026-09-23T17:35:07.5039279-03:00,2026-09-23T17:35:07.5259262-03:00,21998,22518,00,
002849,25989,2026-09-23T17:35:07.5084084-03:00,2026-09-23T17:35:07.508916-03:00,2026-09-23T17:35:07.5556145-03:00,46699,47206,05,
002850,17202,2026-09-23T17:35:07.5134084-03:00,2026-09-23T17:35:07.5136335-03:00,2026-09-23T17:35:07.5429878-03:00,29354,29579,00,
002851,29833,2026-09-23T17:35:07.5184084-03:00,2026-09-23T17:35:07.5187224-03:00,2026-09-23T17:35:07.5429919-03:00,24270,24584,14,
002852,23737,2026-09-23T17:35:07.5234084-03:00,2026-09-23T17:35:07.5235956-03:00,2026-09-23T17:35:07.5745969-03:00,51001,51189,00,
002853,2161,2026-09-23T17:35:07.5284084-03:00,2026-09-23T17:35:07.5289655-03:00,2026-09-23T17:35:07.5508769-03:00,21911,22469,00,
002854,10616,2026-09-23T17:35:07.5334084-03:00,2026-09-23T17:35:07.5337152-03:00,2026-09-23T17:35:07.5556371-03:00,21922,22229,00,
002855,16121,2026-09-23T17:35:07.5384084-03:00,2026-09-23T17:35:07.5387445-03:00,2026-09-23T17:35:07.5941682-03:00,55424,55760,00,
002856,36786,2026-09-23T17:35:07.5434084-03:00,2026-09-23T17:35:07.5439654-03:00,2026-09-23T17:35:07.569816-03:00,25851,26408,00,
002857,705,2026-09-23T17:35:07.5484084-03:00,2026-09-23T17:35:07.5486374-03:00,2026-09-23T17:35:07.5724184-03:00,23781,24010,00,
002858,18996,2026-09-23T17:35:07.5534084-03:00,2026-09-23T17:35:07.5540443-03:00,2026-09-23T17:35:07.5757203-03:00,21676,22312,00,
002859,31223,2026-09-23T17:35:07.5584084-03:00,2026-09-23T17:35:07.5585366-03:00,2026-09-23T17:35:07.5825903-03:00,24054,24182,00,
002860,45729,2026-09-23T17:35:07.5634084-03:00,2026-09-23T17:35:07.5635589-03:00,2026-09-23T17:35:07.584707-03:00,21148,21299,00,
002861,29055,2026-09-23T17:35:07.5684084-03:00,2026-09-23T17:35:07.5686723-03:00,2026-09-23T17:35:07.6610647-03:00,92392,92656,00,
002862,20512,2026-09-23T17:35:07.5734084-03:00,2026-09-23T17:35:07.5734216-03:00,2026-09-23T17:35:07.5986522-03:00,25231,25244,00,
002863,46835,2026-09-23T17:35:07.5784084-03:00,2026-09-23T17:35:07.5789239-03:00,2026-09-23T17:35:07.6073537-03:00,28430,28945,00,
002864,15884,2026-09-23T17:35:07.5834084-03:00,2026-09-23T17:35:07.5841161-03:00,2026-09-23T17:35:07.6084619-03:00,24346,25054,00,
002865,34156,2026-09-23T17:35:07.5884084-03:00,2026-09-23T17:35:07.5888607-03:00,2026-09-23T17:35:07.6171245-03:00,28264,28716,00,
002866,4310,2026-09-23T17:35:07.5934084-03:00,2026-09-23T17:35:07.5939816-03:00,2026-09-23T17:35:07.6187696-03:00,24788,25361,00,
002867,47597,2026-09-23T17:35:07.5984084-03:00,2026-09-23T17:35:07.5986704-03:00,2026-09-23T17:35:07.6281116-03:00,29441,29703,00,
002868,34006,2026-09-23T17:35:07.6034084-03:00,2026-09-23T17:35:07.6036578-03:00,2026-09-23T17:35:07.6264485-03:00,22791,23040,00,
002869,17140,2026-09-23T17:35:07.6084084-03:00,2026-09-23T17:35:07.6088719-03:00,2026-09-23T17:35:07.6322818-03:00,23410,23873,00,
002870,29965,2026-09-23T17:35:07.6134084-03:00,2026-09-23T17:35:07.6139443-03:00,2026-09-23T17:35:07.6381261-03:00,24182,24718,00,
002871,37149,2026-09-23T17:35:07.6184084-03:00,2026-09-23T17:35:07.6186777-03:00,2026-09-23T17:35:07.6432039-03:00,24526,24796,00,
002872,12769,2026-09-23T17:35:07.6234084-03:00,2026-09-23T17:35:07.6236996-03:00,2026-09-23T17:35:07.6561382-03:00,32439,32730,00,
002873,14840,2026-09-23T17:35:07.6284084-03:00,2026-09-23T17:35:07.6290969-03:00,2026-09-23T17:35:07.6530067-03:00,23910,24598,00,
002874,32959,2026-09-23T17:35:07.6334084-03:00,2026-09-23T17:35:07.6338859-03:00,2026-09-23T17:35:07.6599343-03:00,26048,26526,51,
002875,44305,2026-09-23T17:35:07.6384084-03:00,2026-09-23T17:35:07.6390489-03:00,2026-09-23T17:35:07.6665441-03:00,27495,28136,00,
002876,24467,2026-09-23T17:35:07.6434084-03:00,2026-09-23T17:35:07.6436073-03:00,2026-09-23T17:35:07.6702221-03:00,26615,26814,00,
002877,40576,2026-09-23T17:35:07.6484084-03:00,2026-09-23T17:35:07.6487065-03:00,2026-09-23T17:35:07.6706043-03:00,21898,22196,00,
002878,37745,2026-09-23T17:35:07.6534084-03:00,2026-09-23T17:35:07.6539742-03:00,2026-09-23T17:35:07.6815588-03:00,27585,28150,00,
002879,7984,2026-09-23T17:35:07.6584084-03:00,2026-09-23T17:35:07.6587167-03:00,2026-09-23T17:35:07.6918296-03:00,33113,33421,00,
002880,8602,2026-09-23T17:35:07.6634084-03:00,2026-09-23T17:35:07.6636743-03:00,2026-09-23T17:35:07.7052996-03:00,41625,41891,00,
002881,47204,2026-09-23T17:35:07.6684084-03:00,2026-09-23T17:35:07.6690726-03:00,2026-09-23T17:35:07.6955538-03:00,26481,27145,00,
002882,44781,2026-09-23T17:35:07.6734084-03:00,2026-09-23T17:35:07.6737456-03:00,2026-09-23T17:35:07.696652-03:00,22906,23244,00,
002883,11311,2026-09-23T17:35:07.6784084-03:00,2026-09-23T17:35:07.6788448-03:00,2026-09-23T17:35:07.7030246-03:00,24180,24616,51,
002884,225,2026-09-23T17:35:07.6834084-03:00,2026-09-23T17:35:07.6840856-03:00,2026-09-23T17:35:07.712638-03:00,28552,29230,00,
002885,26557,2026-09-23T17:35:07.6884084-03:00,2026-09-23T17:35:07.6891276-03:00,2026-09-23T17:35:07.7199342-03:00,30807,31526,00,
002886,48818,2026-09-23T17:35:07.6934084-03:00,2026-09-23T17:35:07.6938369-03:00,2026-09-23T17:35:07.7227102-03:00,28873,29302,00,
002887,6832,2026-09-23T17:35:07.6984084-03:00,2026-09-23T17:35:07.6987365-03:00,2026-09-23T17:35:07.730536-03:00,31800,32128,00,
002888,23430,2026-09-23T17:35:07.7034084-03:00,2026-09-23T17:35:07.7040898-03:00,2026-09-23T17:35:07.7336973-03:00,29608,30289,00,
002889,2602,2026-09-23T17:35:07.7084084-03:00,2026-09-23T17:35:07.708882-03:00,2026-09-23T17:35:07.7331844-03:00,24302,24776,00,
002890,26336,2026-09-23T17:35:07.7134084-03:00,2026-09-23T17:35:07.7137173-03:00,2026-09-23T17:35:07.7433026-03:00,29585,29894,00,
002891,18872,2026-09-23T17:35:07.7184084-03:00,2026-09-23T17:35:07.7191946-03:00,2026-09-23T17:35:07.7475867-03:00,28392,29178,00,
002892,2616,2026-09-23T17:35:07.7234084-03:00,2026-09-23T17:35:07.723765-03:00,2026-09-23T17:35:07.7464354-03:00,22670,23027,05,
002893,27710,2026-09-23T17:35:07.7284084-03:00,2026-09-23T17:35:07.7288493-03:00,2026-09-23T17:35:07.7566824-03:00,27833,28274,00,
002894,39265,2026-09-23T17:35:07.7334084-03:00,2026-09-23T17:35:07.7336127-03:00,2026-09-23T17:35:07.774189-03:00,40576,40781,91,
002895,38966,2026-09-23T17:35:07.7384084-03:00,2026-09-23T17:35:07.73883-03:00,2026-09-23T17:35:07.7973529-03:00,58523,58945,00,
002896,20817,2026-09-23T17:35:07.7434084-03:00,2026-09-23T17:35:07.743716-03:00,2026-09-23T17:35:07.7712541-03:00,27538,27846,00,
002897,24299,2026-09-23T17:35:07.7484084-03:00,2026-09-23T17:35:07.7486653-03:00,2026-09-23T17:35:07.7712541-03:00,22589,22846,00,
002898,1418,2026-09-23T17:35:07.7534084-03:00,2026-09-23T17:35:07.7539481-03:00,2026-09-23T17:35:07.7839058-03:00,29958,30497,00,
002899,48481,2026-09-23T17:35:07.7584084-03:00,2026-09-23T17:35:07.758758-03:00,2026-09-23T17:35:07.8010751-03:00,42317,42667,00,
002900,12111,2026-09-23T17:35:07.7634084-03:00,2026-09-23T17:35:07.7639289-03:00,2026-09-23T17:35:07.8145299-03:00,50601,51122,00,
002901,23481,2026-09-23T17:35:07.7684084-03:00,2026-09-23T17:35:07.7686639-03:00,2026-09-23T17:35:07.8033537-03:00,34690,34945,00,
002902,20339,2026-09-23T17:35:07.7734084-03:00,2026-09-23T17:35:07.773934-03:00,2026-09-23T17:35:07.8208856-03:00,46952,47477,00,
002903,8113,2026-09-23T17:35:07.7784084-03:00,2026-09-23T17:35:07.7790797-03:00,2026-09-23T17:35:07.80222-03:00,23140,23812,91,
002904,27283,2026-09-23T17:35:07.7834084-03:00,2026-09-23T17:35:07.783934-03:00,2026-09-23T17:35:07.808422-03:00,24488,25014,00,
002905,23282,2026-09-23T17:35:07.7884084-03:00,2026-09-23T17:35:07.7887109-03:00,2026-09-23T17:35:07.8145299-03:00,25819,26122,00,
002906,46481,2026-09-23T17:35:07.7934084-03:00,2026-09-23T17:35:07.7935951-03:00,2026-09-23T17:35:07.8208936-03:00,27299,27485,00,
002907,26757,2026-09-23T17:35:07.7984084-03:00,2026-09-23T17:35:07.7989109-03:00,2026-09-23T17:35:07.8298134-03:00,30903,31405,00,
002908,9667,2026-09-23T17:35:07.8034084-03:00,2026-09-23T17:35:07.8037439-03:00,2026-09-23T17:35:07.8346995-03:00,30956,31291,00,
002909,2944,2026-09-23T17:35:07.8084084-03:00,2026-09-23T17:35:07.8087975-03:00,2026-09-23T17:35:07.8314865-03:00,22689,23078,00,
002910,19014,2026-09-23T17:35:07.8134084-03:00,2026-09-23T17:35:07.8138848-03:00,2026-09-23T17:35:07.8393584-03:00,25474,25950,00,
002911,49927,2026-09-23T17:35:07.8184084-03:00,2026-09-23T17:35:07.8186321-03:00,2026-09-23T17:35:07.8431385-03:00,24506,24730,51,
002912,37511,2026-09-23T17:35:07.8234084-03:00,2026-09-23T17:35:07.8239286-03:00,2026-09-23T17:35:07.8460552-03:00,22127,22647,00,
002913,11252,2026-09-23T17:35:07.8284084-03:00,2026-09-23T17:35:07.8285964-03:00,2026-09-23T17:35:07.8518253-03:00,23229,23417,00,
002914,21368,2026-09-23T17:35:07.8334084-03:00,2026-09-23T17:35:07.8340925-03:00,2026-09-23T17:35:07.8577215-03:00,23629,24313,51,
002915,29383,2026-09-23T17:35:07.8384084-03:00,2026-09-23T17:35:07.8387045-03:00,2026-09-23T17:35:07.8712728-03:00,32568,32864,00,
002916,49816,2026-09-23T17:35:07.8434084-03:00,2026-09-23T17:35:07.8437973-03:00,2026-09-23T17:35:07.890169-03:00,46372,46761,51,
002917,48639,2026-09-23T17:35:07.8484084-03:00,2026-09-23T17:35:07.8491213-03:00,2026-09-23T17:35:07.8701278-03:00,21007,21719,00,
002918,9543,2026-09-23T17:35:07.8534084-03:00,2026-09-23T17:35:07.8539486-03:00,2026-09-23T17:35:07.8792788-03:00,25330,25870,00,
002919,23837,2026-09-23T17:35:07.8584084-03:00,2026-09-23T17:35:07.8588642-03:00,2026-09-23T17:35:07.8827031-03:00,23839,24295,00,
002920,14352,2026-09-23T17:35:07.8634084-03:00,2026-09-23T17:35:07.8635292-03:00,2026-09-23T17:35:07.8907445-03:00,27215,27336,00,
002921,32402,2026-09-23T17:35:07.8684084-03:00,2026-09-23T17:35:07.8687524-03:00,2026-09-23T17:35:07.9023195-03:00,33567,33911,00,
002922,7664,2026-09-23T17:35:07.8734084-03:00,2026-09-23T17:35:07.8739549-03:00,2026-09-23T17:35:07.9218924-03:00,47938,48484,00,
002923,35797,2026-09-23T17:35:07.8784084-03:00,2026-09-23T17:35:07.8790463-03:00,2026-09-23T17:35:07.9017195-03:00,22673,23311,00,
002924,48419,2026-09-23T17:35:07.8834084-03:00,2026-09-23T17:35:07.8838074-03:00,2026-09-23T17:35:07.9142231-03:00,30416,30815,05,
002925,32530,2026-09-23T17:35:07.8884084-03:00,2026-09-23T17:35:07.888863-03:00,2026-09-23T17:35:07.9142423-03:00,25379,25834,14,
002926,2495,2026-09-23T17:35:07.8934084-03:00,2026-09-23T17:35:07.8937925-03:00,2026-09-23T17:35:07.9164187-03:00,22626,23010,00,
002927,12040,2026-09-23T17:35:07.8984084-03:00,2026-09-23T17:35:07.898969-03:00,2026-09-23T17:35:07.9229729-03:00,24004,24565,00,
002928,38144,2026-09-23T17:35:07.9034084-03:00,2026-09-23T17:35:07.9037904-03:00,2026-09-23T17:35:07.9358672-03:00,32077,32459,00,
002929,37500,2026-09-23T17:35:07.9084084-03:00,2026-09-23T17:35:07.9087949-03:00,2026-09-23T17:35:07.9360471-03:00,27252,27639,00,
002930,10922,2026-09-23T17:35:07.9134084-03:00,2026-09-23T17:35:07.9141105-03:00,2026-09-23T17:35:07.957726-03:00,43616,44318,00,
002931,25470,2026-09-23T17:35:07.9184084-03:00,2026-09-23T17:35:07.9189932-03:00,2026-09-23T17:35:07.9417671-03:00,22774,23359,00,
002932,25648,2026-09-23T17:35:07.9234084-03:00,2026-09-23T17:35:07.9240876-03:00,2026-09-23T17:35:07.9474215-03:00,23334,24013,14,
002933,25831,2026-09-23T17:35:07.9284084-03:00,2026-09-23T17:35:07.9287042-03:00,2026-09-23T17:35:07.953134-03:00,24430,24726,00,
002934,1458,2026-09-23T17:35:07.9334084-03:00,2026-09-23T17:35:07.9338474-03:00,2026-09-23T17:35:07.9588057-03:00,24958,25397,00,
002935,41031,2026-09-23T17:35:07.9384084-03:00,2026-09-23T17:35:07.9390504-03:00,2026-09-23T17:35:07.9764324-03:00,37382,38024,00,
002936,38974,2026-09-23T17:35:07.9434084-03:00,2026-09-23T17:35:07.9437129-03:00,2026-09-23T17:35:07.9675659-03:00,23853,24158,00,
002937,25024,2026-09-23T17:35:07.9484084-03:00,2026-09-23T17:35:07.9488702-03:00,2026-09-23T17:35:07.9769963-03:00,28126,28588,00,
002938,7946,2026-09-23T17:35:07.9534084-03:00,2026-09-23T17:35:07.954086-03:00,2026-09-23T17:35:07.9785612-03:00,24475,25153,00,
002939,6221,2026-09-23T17:35:07.9584084-03:00,2026-09-23T17:35:07.958779-03:00,2026-09-23T17:35:07.9805824-03:00,21803,22174,14,
002940,32127,2026-09-23T17:35:07.9634084-03:00,2026-09-23T17:35:07.963854-03:00,2026-09-23T17:35:07.9990431-03:00,35189,35635,00,
002941,30885,2026-09-23T17:35:07.9684084-03:00,2026-09-23T17:35:07.9691531-03:00,2026-09-23T17:35:07.9939904-03:00,24837,25582,00,
002942,42370,2026-09-23T17:35:07.9734084-03:00,2026-09-23T17:35:07.9737465-03:00,2026-09-23T17:35:08.0019905-03:00,28244,28582,00,
002943,43278,2026-09-23T17:35:07.9784084-03:00,2026-09-23T17:35:07.9785826-03:00,2026-09-23T17:35:08.021888-03:00,43305,43480,00,
002944,3903,2026-09-23T17:35:07.9834084-03:00,2026-09-23T17:35:07.9836312-03:00,2026-09-23T17:35:08.0092275-03:00,25596,25819,00,
002945,20133,2026-09-23T17:35:07.9884084-03:00,2026-09-23T17:35:07.9885576-03:00,2026-09-23T17:35:08.0178262-03:00,29269,29418,00,
002946,25690,2026-09-23T17:35:07.9934084-03:00,2026-09-23T17:35:07.9937404-03:00,2026-09-23T17:35:08.0185353-03:00,24795,25127,00,
002947,9180,2026-09-23T17:35:07.9984084-03:00,2026-09-23T17:35:07.9989505-03:00,2026-09-23T17:35:08.021859-03:00,22909,23451,00,
002948,8571,2026-09-23T17:35:08.0034084-03:00,2026-09-23T17:35:08.004015-03:00,2026-09-23T17:35:08.0303728-03:00,26358,26964,00,
002949,36062,2026-09-23T17:35:08.0084084-03:00,2026-09-23T17:35:08.0088888-03:00,2026-09-23T17:35:08.0342304-03:00,25342,25822,00,
002950,30313,2026-09-23T17:35:08.0134084-03:00,2026-09-23T17:35:08.0139997-03:00,2026-09-23T17:35:08.0374142-03:00,23415,24006,00,
002951,16735,2026-09-23T17:35:08.0184084-03:00,2026-09-23T17:35:08.0192005-03:00,2026-09-23T17:35:08.0465611-03:00,27361,28153,51,
002952,49000,2026-09-23T17:35:08.0234084-03:00,2026-09-23T17:35:08.024048-03:00,2026-09-23T17:35:08.0475732-03:00,23525,24165,14,
002953,37777,2026-09-23T17:35:08.0284084-03:00,2026-09-23T17:35:08.028691-03:00,2026-09-23T17:35:08.0560774-03:00,27386,27669,00,
002954,39058,2026-09-23T17:35:08.0334084-03:00,2026-09-23T17:35:08.0342572-03:00,2026-09-23T17:35:08.0593446-03:00,25087,25936,00,
002955,20371,2026-09-23T17:35:08.0384084-03:00,2026-09-23T17:35:08.0384795-03:00,2026-09-23T17:35:08.0655592-03:00,27080,27151,00,
002956,33765,2026-09-23T17:35:08.0434084-03:00,2026-09-23T17:35:08.0436453-03:00,2026-09-23T17:35:08.0655591-03:00,21914,22151,00,
002957,15902,2026-09-23T17:35:08.0484084-03:00,2026-09-23T17:35:08.0490855-03:00,2026-09-23T17:35:08.088097-03:00,39012,39689,51,
002958,5840,2026-09-23T17:35:08.0534084-03:00,2026-09-23T17:35:08.0537537-03:00,2026-09-23T17:35:08.0880972-03:00,34344,34689,00,
002959,5737,2026-09-23T17:35:08.0584084-03:00,2026-09-23T17:35:08.0587576-03:00,2026-09-23T17:35:08.1103561-03:00,51599,51948,00,
002960,18237,2026-09-23T17:35:08.0634084-03:00,2026-09-23T17:35:08.0637357-03:00,2026-09-23T17:35:08.1103411-03:00,46605,46933,00,
002961,17911,2026-09-23T17:35:08.0684084-03:00,2026-09-23T17:35:08.0688412-03:00,2026-09-23T17:35:08.103088-03:00,34247,34680,00,
002962,18372,2026-09-23T17:35:08.0734084-03:00,2026-09-23T17:35:08.0737111-03:00,2026-09-23T17:35:08.0982627-03:00,24552,24854,00,
002963,45096,2026-09-23T17:35:08.0784084-03:00,2026-09-23T17:35:08.0789478-03:00,2026-09-23T17:35:08.1015289-03:00,22581,23121,00,
002964,8216,2026-09-23T17:35:08.0834084-03:00,2026-09-23T17:35:08.0835755-03:00,2026-09-23T17:35:08.110341-03:00,26766,26933,00,
002965,31698,2026-09-23T17:35:08.0884084-03:00,2026-09-23T17:35:08.0889655-03:00,2026-09-23T17:35:08.1171375-03:00,28172,28729,00,
002966,12223,2026-09-23T17:35:08.0934084-03:00,2026-09-23T17:35:08.0935705-03:00,2026-09-23T17:35:08.1203656-03:00,26795,26957,00,
002967,15561,2026-09-23T17:35:08.0984084-03:00,2026-09-23T17:35:08.0986601-03:00,2026-09-23T17:35:08.1311975-03:00,32537,32789,00,
002968,34502,2026-09-23T17:35:08.1034084-03:00,2026-09-23T17:35:08.1035949-03:00,2026-09-23T17:35:08.1265262-03:00,22931,23118,51,
002969,47500,2026-09-23T17:35:08.1084084-03:00,2026-09-23T17:35:08.1086374-03:00,2026-09-23T17:35:08.1368356-03:00,28198,28427,00,
002970,45996,2026-09-23T17:35:08.1134084-03:00,2026-09-23T17:35:08.1138548-03:00,2026-09-23T17:35:08.1431257-03:00,29271,29717,00,
002971,42198,2026-09-23T17:35:08.1184084-03:00,2026-09-23T17:35:08.1191012-03:00,2026-09-23T17:35:08.1436052-03:00,24504,25197,00,
002972,2594,2026-09-23T17:35:08.1234084-03:00,2026-09-23T17:35:08.1238755-03:00,2026-09-23T17:35:08.1488138-03:00,24938,25405,51,
002973,16920,2026-09-23T17:35:08.1284084-03:00,2026-09-23T17:35:08.129041-03:00,2026-09-23T17:35:08.1517954-03:00,22754,23387,51,
002974,23136,2026-09-23T17:35:08.1334084-03:00,2026-09-23T17:35:08.1337504-03:00,2026-09-23T17:35:08.1722706-03:00,38520,38862,00,
002975,4505,2026-09-23T17:35:08.1384084-03:00,2026-09-23T17:35:08.1389242-03:00,2026-09-23T17:35:08.1906287-03:00,51705,52220,00,
002976,207,2026-09-23T17:35:08.1434084-03:00,2026-09-23T17:35:08.1436258-03:00,2026-09-23T17:35:08.1659156-03:00,22290,22507,00,
002977,43533,2026-09-23T17:35:08.1484084-03:00,2026-09-23T17:35:08.1486989-03:00,2026-09-23T17:35:08.1799045-03:00,31206,31496,00,
002978,13096,2026-09-23T17:35:08.1534084-03:00,2026-09-23T17:35:08.1539315-03:00,2026-09-23T17:35:08.1787956-03:00,24864,25387,00,
002979,44197,2026-09-23T17:35:08.1584084-03:00,2026-09-23T17:35:08.1585486-03:00,2026-09-23T17:35:08.2234408-03:00,64892,65032,00,
002980,18952,2026-09-23T17:35:08.1634084-03:00,2026-09-23T17:35:08.1636974-03:00,2026-09-23T17:35:08.1976759-03:00,33979,34268,00,
002981,18620,2026-09-23T17:35:08.1684084-03:00,2026-09-23T17:35:08.1694565-03:00,2026-09-23T17:35:08.2063142-03:00,36858,37906,00,
002982,7202,2026-09-23T17:35:08.1734084-03:00,2026-09-23T17:35:08.1736907-03:00,2026-09-23T17:35:08.2124566-03:00,38766,39048,51,
002983,19467,2026-09-23T17:35:08.1784084-03:00,2026-09-23T17:35:08.1787266-03:00,2026-09-23T17:35:08.2057519-03:00,27025,27344,00,
002984,38840,2026-09-23T17:35:08.1834084-03:00,2026-09-23T17:35:08.1839293-03:00,2026-09-23T17:35:08.2062928-03:00,22364,22884,00,
002985,45071,2026-09-23T17:35:08.1884084-03:00,2026-09-23T17:35:08.1888411-03:00,2026-09-23T17:35:08.2124685-03:00,23627,24060,00,
002986,49989,2026-09-23T17:35:08.1934084-03:00,2026-09-23T17:35:08.1939388-03:00,2026-09-23T17:35:08.2203529-03:00,26414,26945,00,
002987,14040,2026-09-23T17:35:08.1984084-03:00,2026-09-23T17:35:08.1986852-03:00,2026-09-23T17:35:08.2829593-03:00,84274,84551,00,
002988,1160,2026-09-23T17:35:08.2034084-03:00,2026-09-23T17:35:08.2035487-03:00,2026-09-23T17:35:08.2562169-03:00,52668,52809,00,
002989,33006,2026-09-23T17:35:08.2084084-03:00,2026-09-23T17:35:08.2087852-03:00,2026-09-23T17:35:08.233559-03:00,24774,25151,00,
002990,19277,2026-09-23T17:35:08.2134084-03:00,2026-09-23T17:35:08.2135112-03:00,2026-09-23T17:35:08.2412284-03:00,27717,27820,00,
002991,22106,2026-09-23T17:35:08.2184084-03:00,2026-09-23T17:35:08.2186064-03:00,2026-09-23T17:35:08.2406431-03:00,22037,22235,00,
002992,17645,2026-09-23T17:35:08.2234084-03:00,2026-09-23T17:35:08.2234653-03:00,2026-09-23T17:35:08.2508462-03:00,27381,27438,00,
002993,28748,2026-09-23T17:35:08.2284084-03:00,2026-09-23T17:35:08.228381-03:00,2026-09-23T17:35:08.256205-03:00,27824,27797,00,
002994,12046,2026-09-23T17:35:08.2334084-03:00,2026-09-23T17:35:08.2335778-03:00,2026-09-23T17:35:08.2579047-03:00,24327,24496,00,
002995,43073,2026-09-23T17:35:08.2384084-03:00,2026-09-23T17:35:08.2388842-03:00,2026-09-23T17:35:08.2713511-03:00,32467,32943,00,
002996,32876,2026-09-23T17:35:08.2434084-03:00,2026-09-23T17:35:08.2438343-03:00,2026-09-23T17:35:08.2702074-03:00,26373,26799,00,
002997,42352,2026-09-23T17:35:08.2484084-03:00,2026-09-23T17:35:08.2485075-03:00,2026-09-23T17:35:08.2761317-03:00,27624,27723,00,
002998,48794,2026-09-23T17:35:08.2534084-03:00,2026-09-23T17:35:08.2539678-03:00,2026-09-23T17:35:08.2857659-03:00,31798,32358,00,
002999,23208,2026-09-23T17:35:08.2584084-03:00,2026-09-23T17:35:08.2590157-03:00,2026-09-23T17:35:08.2841398-03:00,25124,25731,00,
003000,5662,2026-09-23T17:35:08.2634084-03:00,2026-09-23T17:35:08.263655-03:00,2026-09-23T17:35:08.3091579-03:00,45503,45750,00,
003001,44200,2026-09-23T17:35:08.2684084-03:00,2026-09-23T17:35:08.2685335-03:00,2026-09-23T17:35:08.2941885-03:00,25655,25780,00,
003002,29294,2026-09-23T17:35:08.2734084-03:00,2026-09-23T17:35:08.2739259-03:00,2026-09-23T17:35:08.2987823-03:00,24856,25374,00,
003003,17294,2026-09-23T17:35:08.2784084-03:00,2026-09-23T17:35:08.2787095-03:00,2026-09-23T17:35:08.3034246-03:00,24715,25016,00,
003004,35821,2026-09-23T17:35:08.2834084-03:00,2026-09-23T17:35:08.2840535-03:00,2026-09-23T17:35:08.3249834-03:00,40930,41575,00,
003005,30974,2026-09-23T17:35:08.2884084-03:00,2026-09-23T17:35:08.2889623-03:00,2026-09-23T17:35:08.3105721-03:00,21610,22164,00,
003006,21780,2026-09-23T17:35:08.2934084-03:00,2026-09-23T17:35:08.2935862-03:00,2026-09-23T17:35:08.3184214-03:00,24835,25013,00,
003007,42889,2026-09-23T17:35:08.2984084-03:00,2026-09-23T17:35:08.2987016-03:00,2026-09-23T17:35:08.3238633-03:00,25162,25455,05,
003008,27175,2026-09-23T17:35:08.3034084-03:00,2026-09-23T17:35:08.3038528-03:00,2026-09-23T17:35:08.3311449-03:00,27292,27737,00,
003009,36095,2026-09-23T17:35:08.3084084-03:00,2026-09-23T17:35:08.3089482-03:00,2026-09-23T17:35:08.3327387-03:00,23791,24330,00,
003010,26278,2026-09-23T17:35:08.3134084-03:00,2026-09-23T17:35:08.3136795-03:00,2026-09-23T17:35:08.3584011-03:00,44722,44993,00,
003011,6107,2026-09-23T17:35:08.3184084-03:00,2026-09-23T17:35:08.3188289-03:00,2026-09-23T17:35:08.3440263-03:00,25197,25618,00,
003012,30061,2026-09-23T17:35:08.3234084-03:00,2026-09-23T17:35:08.3237687-03:00,2026-09-23T17:35:08.3764682-03:00,52700,53060,00,
003013,21272,2026-09-23T17:35:08.3284084-03:00,2026-09-23T17:35:08.328527-03:00,2026-09-23T17:35:08.3519635-03:00,23437,23555,00,
003014,32805,2026-09-23T17:35:08.3334084-03:00,2026-09-23T17:35:08.3338407-03:00,2026-09-23T17:35:08.3562454-03:00,22405,22837,00,
003015,46627,2026-09-23T17:35:08.3384084-03:00,2026-09-23T17:35:08.338792-03:00,2026-09-23T17:35:08.3611184-03:00,22326,22710,00,
003016,23988,2026-09-23T17:35:08.3434084-03:00,2026-09-23T17:35:08.3439448-03:00,2026-09-23T17:35:08.3700173-03:00,26073,26609,00,
003017,1581,2026-09-23T17:35:08.3484084-03:00,2026-09-23T17:35:08.3486502-03:00,2026-09-23T17:35:08.3937922-03:00,45142,45384,00,
003018,12517,2026-09-23T17:35:08.3534084-03:00,2026-09-23T17:35:08.3539704-03:00,2026-09-23T17:35:08.3802464-03:00,26276,26838,00,
003019,30001,2026-09-23T17:35:08.3584084-03:00,2026-09-23T17:35:08.3589046-03:00,2026-09-23T17:35:08.3814066-03:00,22502,22998,00,
003020,31726,2026-09-23T17:35:08.3634084-03:00,2026-09-23T17:35:08.3637093-03:00,2026-09-23T17:35:08.4063935-03:00,42684,42985,51,
003021,16069,2026-09-23T17:35:08.3684084-03:00,2026-09-23T17:35:08.3689269-03:00,2026-09-23T17:35:08.3922027-03:00,23276,23794,00,
003022,16885,2026-09-23T17:35:08.3734084-03:00,2026-09-23T17:35:08.373698-03:00,2026-09-23T17:35:08.3999156-03:00,26218,26507,00,
003023,17048,2026-09-23T17:35:08.3784084-03:00,2026-09-23T17:35:08.3790452-03:00,2026-09-23T17:35:08.4039186-03:00,24873,25510,00,
003024,40435,2026-09-23T17:35:08.3834084-03:00,2026-09-23T17:35:08.3839632-03:00,2026-09-23T17:35:08.4052093-03:00,21246,21801,00,
003025,12886,2026-09-23T17:35:08.3884084-03:00,2026-09-23T17:35:08.3890196-03:00,2026-09-23T17:35:08.4112181-03:00,22199,22810,00,
003026,11020,2026-09-23T17:35:08.3934084-03:00,2026-09-23T17:35:08.3937343-03:00,2026-09-23T17:35:08.4229451-03:00,29211,29537,00,
003027,30870,2026-09-23T17:35:08.3984084-03:00,2026-09-23T17:35:08.3987424-03:00,2026-09-23T17:35:08.4229353-03:00,24193,24527,00,
003028,29957,2026-09-23T17:35:08.4034084-03:00,2026-09-23T17:35:08.4037438-03:00,2026-09-23T17:35:08.4380151-03:00,34271,34607,00,
003029,889,2026-09-23T17:35:08.4084084-03:00,2026-09-23T17:35:08.4089777-03:00,2026-09-23T17:35:08.4379913-03:00,29014,29583,51,
003030,26427,2026-09-23T17:35:08.4134084-03:00,2026-09-23T17:35:08.4137931-03:00,2026-09-23T17:35:08.4409684-03:00,27175,27560,00,
003031,21615,2026-09-23T17:35:08.4184084-03:00,2026-09-23T17:35:08.4191239-03:00,2026-09-23T17:35:08.440319-03:00,21195,21911,00,
003032,12251,2026-09-23T17:35:08.4234084-03:00,2026-09-23T17:35:08.4239823-03:00,2026-09-23T17:35:08.4467133-03:00,22731,23305,00,
003033,45412,2026-09-23T17:35:08.4284084-03:00,2026-09-23T17:35:08.428618-03:00,2026-09-23T17:35:08.4552347-03:00,26617,26826,51,
003034,34846,2026-09-23T17:35:08.4334084-03:00,2026-09-23T17:35:08.4338091-03:00,2026-09-23T17:35:08.456851-03:00,23042,23443,00,
003035,47253,2026-09-23T17:35:08.4384084-03:00,2026-09-23T17:35:08.4385981-03:00,2026-09-23T17:35:08.4961656-03:00,57568,57757,00,
003036,7651,2026-09-23T17:35:08.4434084-03:00,2026-09-23T17:35:08.4439943-03:00,2026-09-23T17:35:08.4698981-03:00,25904,26490,00,
003037,21132,2026-09-23T17:35:08.4484084-03:00,2026-09-23T17:35:08.448808-03:00,2026-09-23T17:35:08.4715288-03:00,22721,23120,00,
003038,21934,2026-09-23T17:35:08.4534084-03:00,2026-09-23T17:35:08.4540144-03:00,2026-09-23T17:35:08.4841813-03:00,30167,30773,00,
003039,49065,2026-09-23T17:35:08.4584084-03:00,2026-09-23T17:35:08.458951-03:00,2026-09-23T17:35:08.4882613-03:00,29310,29853,00,
003040,49997,2026-09-23T17:35:08.4634084-03:00,2026-09-23T17:35:08.4636126-03:00,2026-09-23T17:35:08.4882612-03:00,24649,24853,00,
003041,7668,2026-09-23T17:35:08.4684084-03:00,2026-09-23T17:35:08.4689891-03:00,2026-09-23T17:35:08.4923737-03:00,23385,23965,00,
003042,44248,2026-09-23T17:35:08.4734084-03:00,2026-09-23T17:35:08.4736181-03:00,2026-09-23T17:35:08.5005954-03:00,26977,27187,00,
003043,12682,2026-09-23T17:35:08.4784084-03:00,2026-09-23T17:35:08.4787897-03:00,2026-09-23T17:35:08.5041933-03:00,25404,25785,00,
003044,33606,2026-09-23T17:35:08.4834084-03:00,2026-09-23T17:35:08.4840878-03:00,2026-09-23T17:35:08.5063881-03:00,22300,22980,00,
003045,41519,2026-09-23T17:35:08.4884084-03:00,2026-09-23T17:35:08.4886355-03:00,2026-09-23T17:35:08.5350738-03:00,46438,46665,00,
003046,22680,2026-09-23T17:35:08.4934084-03:00,2026-09-23T17:35:08.493961-03:00,2026-09-23T17:35:08.5735146-03:00,79554,80106,00,
003047,31571,2026-09-23T17:35:08.4984084-03:00,2026-09-23T17:35:08.4987686-03:00,2026-09-23T17:35:08.5372079-03:00,38439,38800,00,
003048,27528,2026-09-23T17:35:08.5034084-03:00,2026-09-23T17:35:08.5040947-03:00,2026-09-23T17:35:08.5307076-03:00,26613,27299,00,
003049,13844,2026-09-23T17:35:08.5084084-03:00,2026-09-23T17:35:08.5089692-03:00,2026-09-23T17:35:08.5322233-03:00,23254,23815,00,
003050,16650,2026-09-23T17:35:08.5134084-03:00,2026-09-23T17:35:08.5136426-03:00,2026-09-23T17:35:08.5512037-03:00,37561,37795,00,
003051,14943,2026-09-23T17:35:08.5184084-03:00,2026-09-23T17:35:08.5188585-03:00,2026-09-23T17:35:08.5517895-03:00,32931,33381,00,
003052,22704,2026-09-23T17:35:08.5234084-03:00,2026-09-23T17:35:08.5236822-03:00,2026-09-23T17:35:08.5792031-03:00,55521,55795,00,
003053,41282,2026-09-23T17:35:08.5284084-03:00,2026-09-23T17:35:08.528859-03:00,2026-09-23T17:35:08.5633489-03:00,34490,34941,91,
003054,35831,2026-09-23T17:35:08.5334084-03:00,2026-09-23T17:35:08.5338409-03:00,2026-09-23T17:35:08.5559431-03:00,22102,22535,51,
003055,35088,2026-09-23T17:35:08.5384084-03:00,2026-09-23T17:35:08.5388135-03:00,2026-09-23T17:35:08.5691658-03:00,30352,30757,00,
003056,15370,2026-09-23T17:35:08.5434084-03:00,2026-09-23T17:35:08.5439967-03:00,2026-09-23T17:35:08.5696245-03:00,25628,26216,05,
003057,29632,2026-09-23T17:35:08.5484084-03:00,2026-09-23T17:35:08.548938-03:00,2026-09-23T17:35:08.5781383-03:00,29200,29730,00,
003058,28485,2026-09-23T17:35:08.5534084-03:00,2026-09-23T17:35:08.553711-03:00,2026-09-23T17:35:08.5840809-03:00,30370,30673,00,
003059,40990,2026-09-23T17:35:08.5584084-03:00,2026-09-23T17:35:08.5590275-03:00,2026-09-23T17:35:08.588015-03:00,28988,29607,00,
003060,14100,2026-09-23T17:35:08.5634084-03:00,2026-09-23T17:35:08.5638187-03:00,2026-09-23T17:35:08.5857559-03:00,21937,22348,00,
003061,12036,2026-09-23T17:35:08.5684084-03:00,2026-09-23T17:35:08.5689683-03:00,2026-09-23T17:35:08.5939949-03:00,25027,25587,00,
003062,31007,2026-09-23T17:35:08.5734084-03:00,2026-09-23T17:35:08.573889-03:00,2026-09-23T17:35:08.6086062-03:00,34717,35198,00,
003063,39581,2026-09-23T17:35:08.5784084-03:00,2026-09-23T17:35:08.5791136-03:00,2026-09-23T17:35:08.607441-03:00,28327,29033,00,
003064,14317,2026-09-23T17:35:08.5834084-03:00,2026-09-23T17:35:08.5839975-03:00,2026-09-23T17:35:08.6165937-03:00,32596,33185,00,
003065,8801,2026-09-23T17:35:08.5884084-03:00,2026-09-23T17:35:08.5885158-03:00,2026-09-23T17:35:08.6113049-03:00,22789,22897,00,
003066,5711,2026-09-23T17:35:08.5934084-03:00,2026-09-23T17:35:08.59379-03:00,2026-09-23T17:35:08.620384-03:00,26594,26976,00,
003067,23679,2026-09-23T17:35:08.5984084-03:00,2026-09-23T17:35:08.5990025-03:00,2026-09-23T17:35:08.6209538-03:00,21951,22545,00,
003068,31263,2026-09-23T17:35:08.6034084-03:00,2026-09-23T17:35:08.603661-03:00,2026-09-23T17:35:08.6307497-03:00,27089,27341,00,
003069,34078,2026-09-23T17:35:08.6084084-03:00,2026-09-23T17:35:08.6086261-03:00,2026-09-23T17:35:08.6410155-03:00,32389,32607,00,
003070,49881,2026-09-23T17:35:08.6134084-03:00,2026-09-23T17:35:08.6138663-03:00,2026-09-23T17:35:08.6466312-03:00,32765,33223,00,
003071,29235,2026-09-23T17:35:08.6184084-03:00,2026-09-23T17:35:08.6186744-03:00,2026-09-23T17:35:08.6410049-03:00,22331,22597,00,
003072,45340,2026-09-23T17:35:08.6234084-03:00,2026-09-23T17:35:08.6240227-03:00,2026-09-23T17:35:08.6456525-03:00,21630,22244,00,
003073,7056,2026-09-23T17:35:08.6284084-03:00,2026-09-23T17:35:08.6289803-03:00,2026-09-23T17:35:08.6696775-03:00,40697,41269,00,
003074,48282,2026-09-23T17:35:08.6334084-03:00,2026-09-23T17:35:08.6338217-03:00,2026-09-23T17:35:08.6620141-03:00,28192,28606,00,
003075,48197,2026-09-23T17:35:08.6384084-03:00,2026-09-23T17:35:08.6388974-03:00,2026-09-23T17:35:08.6604749-03:00,21578,22067,00,
003076,23819,2026-09-23T17:35:08.6434084-03:00,2026-09-23T17:35:08.6435446-03:00,2026-09-23T17:35:08.6723272-03:00,28783,28919,00,
003077,29258,2026-09-23T17:35:08.6484084-03:00,2026-09-23T17:35:08.6485797-03:00,2026-09-23T17:35:08.6893986-03:00,40819,40990,14,
003078,15089,2026-09-23T17:35:08.6534084-03:00,2026-09-23T17:35:08.6540439-03:00,2026-09-23T17:35:08.7108189-03:00,56775,57411,05,
003079,11948,2026-09-23T17:35:08.6584084-03:00,2026-09-23T17:35:08.6586816-03:00,2026-09-23T17:35:08.6882868-03:00,29605,29878,00,
003080,24995,2026-09-23T17:35:08.6634084-03:00,2026-09-23T17:35:08.6639529-03:00,2026-09-23T17:35:08.6882803-03:00,24327,24872,00,
003081,44324,2026-09-23T17:35:08.6684084-03:00,2026-09-23T17:35:08.6686156-03:00,2026-09-23T17:35:08.695307-03:00,26691,26899,00,
003082,34408,2026-09-23T17:35:08.6734084-03:00,2026-09-23T17:35:08.6737432-03:00,2026-09-23T17:35:08.6989753-03:00,25232,25567,00,
003083,521,2026-09-23T17:35:08.6784084-03:00,2026-09-23T17:35:08.6788784-03:00,2026-09-23T17:35:08.7091559-03:00,30278,30748,00,
003084,23153,2026-09-23T17:35:08.6834084-03:00,2026-09-23T17:35:08.683524-03:00,2026-09-23T17:35:08.7214412-03:00,37917,38033,00,
003085,30318,2026-09-23T17:35:08.6884084-03:00,2026-09-23T17:35:08.689221-03:00,2026-09-23T17:35:08.7113959-03:00,22175,22988,51,
003086,10078,2026-09-23T17:35:08.6934084-03:00,2026-09-23T17:35:08.6940356-03:00,2026-09-23T17:35:08.7389015-03:00,44866,45493,00,
003087,41120,2026-09-23T17:35:08.6984084-03:00,2026-09-23T17:35:08.698861-03:00,2026-09-23T17:35:08.7450976-03:00,46237,46689,00,
003088,2490,2026-09-23T17:35:08.7034084-03:00,2026-09-23T17:35:08.7035713-03:00,2026-09-23T17:35:08.7298638-03:00,26293,26455,00,
003089,6723,2026-09-23T17:35:08.7084084-03:00,2026-09-23T17:35:08.7085216-03:00,2026-09-23T17:35:08.7330545-03:00,24533,24646,14,
003090,22827,2026-09-23T17:35:08.7134084-03:00,2026-09-23T17:35:08.7139422-03:00,2026-09-23T17:35:08.7411507-03:00,27209,27742,00,
003091,504,2026-09-23T17:35:08.7184084-03:00,2026-09-23T17:35:08.7187181-03:00,2026-09-23T17:35:08.7530078-03:00,34290,34599,00,
003092,2280,2026-09-23T17:35:08.7234084-03:00,2026-09-23T17:35:08.7240067-03:00,2026-09-23T17:35:08.7487604-03:00,24754,25352,00,
003093,38873,2026-09-23T17:35:08.7284084-03:00,2026-09-23T17:35:08.7286502-03:00,2026-09-23T17:35:08.7536306-03:00,24980,25222,00,
003094,48373,2026-09-23T17:35:08.7334084-03:00,2026-09-23T17:35:08.7336056-03:00,2026-09-23T17:35:08.7588253-03:00,25220,25417,00,
003095,29518,2026-09-23T17:35:08.7384084-03:00,2026-09-23T17:35:08.7387335-03:00,2026-09-23T17:35:08.767196-03:00,28463,28788,00,
003096,18777,2026-09-23T17:35:08.7434084-03:00,2026-09-23T17:35:08.7437781-03:00,2026-09-23T17:35:08.770322-03:00,26544,26914,00,
003097,14664,2026-09-23T17:35:08.7484084-03:00,2026-09-23T17:35:08.7486762-03:00,2026-09-23T17:35:08.7813071-03:00,32631,32899,00,
003098,5173,2026-09-23T17:35:08.7534084-03:00,2026-09-23T17:35:08.7536595-03:00,2026-09-23T17:35:08.8879648-03:00,134305,134556,51,
003099,13754,2026-09-23T17:35:08.7584084-03:00,2026-09-23T17:35:08.7587368-03:00,2026-09-23T17:35:08.7801858-03:00,21449,21777,00,
003100,37805,2026-09-23T17:35:08.7634084-03:00,2026-09-23T17:35:08.7638866-03:00,2026-09-23T17:35:08.7877435-03:00,23857,24335,00,
003101,10807,2026-09-23T17:35:08.7684084-03:00,2026-09-23T17:35:08.7687142-03:00,2026-09-23T17:35:08.7915028-03:00,22789,23094,00,
003102,15648,2026-09-23T17:35:08.7734084-03:00,2026-09-23T17:35:08.7739124-03:00,2026-09-23T17:35:08.8202751-03:00,46363,46867,00,
003103,27059,2026-09-23T17:35:08.7784084-03:00,2026-09-23T17:35:08.7784944-03:00,2026-09-23T17:35:08.8054815-03:00,26987,27073,00,
003104,15287,2026-09-23T17:35:08.7834084-03:00,2026-09-23T17:35:08.7839332-03:00,2026-09-23T17:35:08.8154762-03:00,31543,32068,00,
003105,39151,2026-09-23T17:35:08.7884084-03:00,2026-09-23T17:35:08.7887758-03:00,2026-09-23T17:35:08.8192403-03:00,30465,30832,00,
003106,11981,2026-09-23T17:35:08.7934084-03:00,2026-09-23T17:35:08.7940788-03:00,2026-09-23T17:35:08.8160606-03:00,21982,22652,00,
003107,14710,2026-09-23T17:35:08.7984084-03:00,2026-09-23T17:35:08.7987397-03:00,2026-09-23T17:35:08.82392-03:00,25180,25512,00,
003108,4579,2026-09-23T17:35:08.8034084-03:00,2026-09-23T17:35:08.8040681-03:00,2026-09-23T17:35:08.84345-03:00,39382,40042,00,
003109,4857,2026-09-23T17:35:08.8084084-03:00,2026-09-23T17:35:08.8085725-03:00,2026-09-23T17:35:08.8331552-03:00,24583,24747,00,
003110,42367,2026-09-23T17:35:08.8134084-03:00,2026-09-23T17:35:08.8137403-03:00,2026-09-23T17:35:08.8434687-03:00,29728,30060,00,
003111,11782,2026-09-23T17:35:08.8184084-03:00,2026-09-23T17:35:08.8191354-03:00,2026-09-23T17:35:08.846637-03:00,27502,28229,00,
003112,3843,2026-09-23T17:35:08.8234084-03:00,2026-09-23T17:35:08.8238286-03:00,2026-09-23T17:35:08.858961-03:00,35132,35553,00,
003113,42966,2026-09-23T17:35:08.8284084-03:00,2026-09-23T17:35:08.8289586-03:00,2026-09-23T17:35:08.8532628-03:00,24304,24854,14,
003114,23117,2026-09-23T17:35:08.8334084-03:00,2026-09-23T17:35:08.8340751-03:00,2026-09-23T17:35:08.8558599-03:00,21785,22452,00,
003115,32548,2026-09-23T17:35:08.8384084-03:00,2026-09-23T17:35:08.8387187-03:00,2026-09-23T17:35:08.8803878-03:00,41669,41979,00,
003116,23905,2026-09-23T17:35:08.8434084-03:00,2026-09-23T17:35:08.8439394-03:00,2026-09-23T17:35:08.8712399-03:00,27301,27832,00,
003117,13608,2026-09-23T17:35:08.8484084-03:00,2026-09-23T17:35:08.8487124-03:00,2026-09-23T17:35:08.8770721-03:00,28360,28664,00,
003118,30539,2026-09-23T17:35:08.8534084-03:00,2026-09-23T17:35:08.8536837-03:00,2026-09-23T17:35:08.8787113-03:00,25028,25303,51,
003119,22361,2026-09-23T17:35:08.8584084-03:00,2026-09-23T17:35:08.8588922-03:00,2026-09-23T17:35:08.8916919-03:00,32800,33284,00,
003120,35456,2026-09-23T17:35:08.8634084-03:00,2026-09-23T17:35:08.8640201-03:00,2026-09-23T17:35:08.8927942-03:00,28774,29386,00,
003121,18383,2026-09-23T17:35:08.8684084-03:00,2026-09-23T17:35:08.8688965-03:00,2026-09-23T17:35:08.8934066-03:00,24510,24998,00,
003122,43270,2026-09-23T17:35:08.8734084-03:00,2026-09-23T17:35:08.8738302-03:00,2026-09-23T17:35:08.9017054-03:00,27875,28297,00,
003123,26197,2026-09-23T17:35:08.8784084-03:00,2026-09-23T17:35:08.8786421-03:00,2026-09-23T17:35:08.9033574-03:00,24715,24949,00,
003124,13453,2026-09-23T17:35:08.8834084-03:00,2026-09-23T17:35:08.8840097-03:00,2026-09-23T17:35:08.9267454-03:00,42736,43337,00,
003125,1586,2026-09-23T17:35:08.8884084-03:00,2026-09-23T17:35:08.8890164-03:00,2026-09-23T17:35:08.9267619-03:00,37746,38354,05,
003126,25747,2026-09-23T17:35:08.8934084-03:00,2026-09-23T17:35:08.8938959-03:00,2026-09-23T17:35:08.9497629-03:00,55867,56355,00,
003127,13892,2026-09-23T17:35:08.8984084-03:00,2026-09-23T17:35:08.8984861-03:00,2026-09-23T17:35:08.9514465-03:00,52960,53038,00,
003128,14372,2026-09-23T17:35:08.9034084-03:00,2026-09-23T17:35:08.9036686-03:00,2026-09-23T17:35:08.9333435-03:00,29675,29935,00,
003129,27885,2026-09-23T17:35:08.9084084-03:00,2026-09-23T17:35:08.9090641-03:00,2026-09-23T17:35:08.9333315-03:00,24267,24923,00,
003130,11657,2026-09-23T17:35:08.9134084-03:00,2026-09-23T17:35:08.9137155-03:00,2026-09-23T17:35:08.9393224-03:00,25607,25914,00,
003131,21952,2026-09-23T17:35:08.9184084-03:00,2026-09-23T17:35:08.9188463-03:00,2026-09-23T17:35:08.9434241-03:00,24578,25016,00,
003132,8408,2026-09-23T17:35:08.9234084-03:00,2026-09-23T17:35:08.9240603-03:00,2026-09-23T17:35:08.9750106-03:00,50950,51602,00,
003133,35610,2026-09-23T17:35:08.9284084-03:00,2026-09-23T17:35:08.9288234-03:00,2026-09-23T17:35:08.9776371-03:00,48814,49229,00,
003134,19513,2026-09-23T17:35:08.9334084-03:00,2026-09-23T17:35:08.9339706-03:00,2026-09-23T17:35:09.0213596-03:00,87389,87951,00,
003135,30884,2026-09-23T17:35:08.9384084-03:00,2026-09-23T17:35:08.9387274-03:00,2026-09-23T17:35:08.9605264-03:00,21799,22118,00,
003136,1551,2026-09-23T17:35:08.9434084-03:00,2026-09-23T17:35:08.9438935-03:00,2026-09-23T17:35:08.9699051-03:00,26012,26497,00,
003137,7667,2026-09-23T17:35:08.9484084-03:00,2026-09-23T17:35:08.9485272-03:00,2026-09-23T17:35:08.9699231-03:00,21396,21515,51,
003138,40695,2026-09-23T17:35:08.9534084-03:00,2026-09-23T17:35:08.9540513-03:00,2026-09-23T17:35:08.9814391-03:00,27388,28031,00,
003139,26354,2026-09-23T17:35:08.9584084-03:00,2026-09-23T17:35:08.9587803-03:00,2026-09-23T17:35:08.9843271-03:00,25547,25919,51,
003140,751,2026-09-23T17:35:08.9634084-03:00,2026-09-23T17:35:08.9636094-03:00,2026-09-23T17:35:08.9981037-03:00,34494,34695,00,
003141,20289,2026-09-23T17:35:08.9684084-03:00,2026-09-23T17:35:08.9687003-03:00,2026-09-23T17:35:08.9928074-03:00,24107,24399,14,
003142,40739,2026-09-23T17:35:08.9734084-03:00,2026-09-23T17:35:08.9737818-03:00,2026-09-23T17:35:09.0013117-03:00,27530,27903,00,
003143,11413,2026-09-23T17:35:08.9784084-03:00,2026-09-23T17:35:08.9787241-03:00,2026-09-23T17:35:09.0018751-03:00,23151,23467,00,
003144,9701,2026-09-23T17:35:08.9834084-03:00,2026-09-23T17:35:08.9837328-03:00,2026-09-23T17:35:09.023419-03:00,39686,40011,00,
003145,31503,2026-09-23T17:35:08.9884084-03:00,2026-09-23T17:35:08.9885448-03:00,2026-09-23T17:35:09.0162067-03:00,27662,27798,14,
003146,1150,2026-09-23T17:35:08.9934084-03:00,2026-09-23T17:35:08.9938564-03:00,2026-09-23T17:35:09.0172025-03:00,23346,23794,00,
003147,25933,2026-09-23T17:35:08.9984084-03:00,2026-09-23T17:35:08.9985853-03:00,2026-09-23T17:35:09.0286255-03:00,30040,30217,00,
003148,18524,2026-09-23T17:35:09.0034084-03:00,2026-09-23T17:35:09.003781-03:00,2026-09-23T17:35:09.0286231-03:00,24842,25215,05,
003149,39915,2026-09-23T17:35:09.0084084-03:00,2026-09-23T17:35:09.0090842-03:00,2026-09-23T17:35:09.0379662-03:00,28882,29558,00,
003150,37984,2026-09-23T17:35:09.0134084-03:00,2026-09-23T17:35:09.0136397-03:00,2026-09-23T17:35:09.0353324-03:00,21693,21924,91,
003151,33821,2026-09-23T17:35:09.0184084-03:00,2026-09-23T17:35:09.0187465-03:00,2026-09-23T17:35:09.0406615-03:00,21915,22253,00,
003152,31569,2026-09-23T17:35:09.0234084-03:00,2026-09-23T17:35:09.0239-03:00,2026-09-23T17:35:09.0620178-03:00,38118,38609,00,
003153,8071,2026-09-23T17:35:09.0284084-03:00,2026-09-23T17:35:09.0284912-03:00,2026-09-23T17:35:09.0505194-03:00,22028,22111,00,
003154,38127,2026-09-23T17:35:09.0334084-03:00,2026-09-23T17:35:09.033613-03:00,2026-09-23T17:35:09.0588664-03:00,25253,25458,00,
003155,32269,2026-09-23T17:35:09.0384084-03:00,2026-09-23T17:35:09.0389695-03:00,2026-09-23T17:35:09.064826-03:00,25857,26418,00,
003156,10226,2026-09-23T17:35:09.0434084-03:00,2026-09-23T17:35:09.043727-03:00,2026-09-23T17:35:09.0686589-03:00,24932,25251,00,
003157,42072,2026-09-23T17:35:09.0484084-03:00,2026-09-23T17:35:09.0488408-03:00,2026-09-23T17:35:09.075672-03:00,26831,27264,05,
003158,29944,2026-09-23T17:35:09.0534084-03:00,2026-09-23T17:35:09.0537154-03:00,2026-09-23T17:35:09.1049475-03:00,51232,51539,00,
003159,45960,2026-09-23T17:35:09.0584084-03:00,2026-09-23T17:35:09.0587507-03:00,2026-09-23T17:35:09.0898184-03:00,31068,31410,00,
003160,49463,2026-09-23T17:35:09.0634084-03:00,2026-09-23T17:35:09.0635982-03:00,2026-09-23T17:35:09.0876952-03:00,24097,24287,51,
003161,43665,2026-09-23T17:35:09.0684084-03:00,2026-09-23T17:35:09.0684655-03:00,2026-09-23T17:35:09.1309496-03:00,62484,62541,00,
003162,18008,2026-09-23T17:35:09.0734084-03:00,2026-09-23T17:35:09.0739182-03:00,2026-09-23T17:35:09.1049265-03:00,31008,31518,00,
003163,31518,2026-09-23T17:35:09.0784084-03:00,2026-09-23T17:35:09.0787679-03:00,2026-09-23T17:35:09.1532797-03:00,74512,74871,00,
003164,36110,2026-09-23T17:35:09.0834084-03:00,2026-09-23T17:35:09.0839909-03:00,2026-09-23T17:35:09.1151557-03:00,31165,31747,51,
003165,44569,2026-09-23T17:35:09.0884084-03:00,2026-09-23T17:35:09.0887399-03:00,2026-09-23T17:35:09.1187924-03:00,30053,30384,14,
003166,27758,2026-09-23T17:35:09.0934084-03:00,2026-09-23T17:35:09.0938209-03:00,2026-09-23T17:35:09.1374835-03:00,43663,44075,00,
003167,35329,2026-09-23T17:35:09.0984084-03:00,2026-09-23T17:35:09.0989215-03:00,2026-09-23T17:35:09.1224763-03:00,23555,24068,05,
003168,13602,2026-09-23T17:35:09.1034084-03:00,2026-09-23T17:35:09.1041424-03:00,2026-09-23T17:35:09.1261943-03:00,22052,22786,00,
003169,13108,2026-09-23T17:35:09.1084084-03:00,2026-09-23T17:35:09.1092341-03:00,2026-09-23T17:35:09.1593597-03:00,50126,50951,00,
003170,32658,2026-09-23T17:35:09.1134084-03:00,2026-09-23T17:35:09.113938-03:00,2026-09-23T17:35:09.1381213-03:00,24183,24713,00,
003171,25401,2026-09-23T17:35:09.1184084-03:00,2026-09-23T17:35:09.1187247-03:00,2026-09-23T17:35:09.1448902-03:00,26166,26482,00,
003172,110,2026-09-23T17:35:09.1234084-03:00,2026-09-23T17:35:09.1240149-03:00,2026-09-23T17:35:09.1593624-03:00,35348,35954,00,
003173,28466,2026-09-23T17:35:09.1284084-03:00,2026-09-23T17:35:09.1287602-03:00,2026-09-23T17:35:09.1582775-03:00,29517,29869,00,
003174,32903,2026-09-23T17:35:09.1334084-03:00,2026-09-23T17:35:09.1340606-03:00,2026-09-23T17:35:09.1723837-03:00,38323,38975,00,
003175,15159,2026-09-23T17:35:09.1384084-03:00,2026-09-23T17:35:09.1391153-03:00,2026-09-23T17:35:09.1634948-03:00,24380,25086,00,
003176,25213,2026-09-23T17:35:09.1434084-03:00,2026-09-23T17:35:09.1437037-03:00,2026-09-23T17:35:09.185033-03:00,41329,41625,00,
003177,37586,2026-09-23T17:35:09.1484084-03:00,2026-09-23T17:35:09.1490136-03:00,2026-09-23T17:35:09.173981-03:00,24967,25573,00,
003178,30173,2026-09-23T17:35:09.1534084-03:00,2026-09-23T17:35:09.1537672-03:00,2026-09-23T17:35:09.1766171-03:00,22850,23209,00,
003179,44402,2026-09-23T17:35:09.1584084-03:00,2026-09-23T17:35:09.1587218-03:00,2026-09-23T17:35:09.1808373-03:00,22116,22429,00,
003180,47193,2026-09-23T17:35:09.1634084-03:00,2026-09-23T17:35:09.1639574-03:00,2026-09-23T17:35:09.1866545-03:00,22697,23246,00,
003181,13519,2026-09-23T17:35:09.1684084-03:00,2026-09-23T17:35:09.1686584-03:00,2026-09-23T17:35:09.2604108-03:00,91752,92002,00,
003182,38445,2026-09-23T17:35:09.1734084-03:00,2026-09-23T17:35:09.1739221-03:00,2026-09-23T17:35:09.2229117-03:00,48990,49503,00,
003183,39875,2026-09-23T17:35:09.1784084-03:00,2026-09-23T17:35:09.1786638-03:00,2026-09-23T17:35:09.202975-03:00,24311,24567,00,
003184,41847,2026-09-23T17:35:09.1834084-03:00,2026-09-23T17:35:09.1838883-03:00,2026-09-23T17:35:09.2062497-03:00,22361,22841,00,
003185,23144,2026-09-23T17:35:09.1884084-03:00,2026-09-23T17:35:09.1887212-03:00,2026-09-23T17:35:09.2884588-03:00,99738,100050,00,
003186,44553,2026-09-23T17:35:09.1934084-03:00,2026-09-23T17:35:09.1938805-03:00,2026-09-23T17:35:09.2234533-03:00,29573,30045,00,
003187,12995,2026-09-23T17:35:09.1984084-03:00,2026-09-23T17:35:09.198549-03:00,2026-09-23T17:35:09.2651232-03:00,66574,66715,00,
003188,33740,2026-09-23T17:35:09.2034084-03:00,2026-09-23T17:35:09.2039903-03:00,2026-09-23T17:35:09.2410016-03:00,37011,37593,00,
003189,11471,2026-09-23T17:35:09.2084084-03:00,2026-09-23T17:35:09.2087976-03:00,2026-09-23T17:35:09.234041-03:00,25243,25633,00,
003190,32617,2026-09-23T17:35:09.2134084-03:00,2026-09-23T17:35:09.213927-03:00,2026-09-23T17:35:09.2409897-03:00,27063,27581,00,
003191,22787,2026-09-23T17:35:09.2184084-03:00,2026-09-23T17:35:09.2185515-03:00,2026-09-23T17:35:09.2620087-03:00,43457,43600,00,
003192,19100,2026-09-23T17:35:09.2234084-03:00,2026-09-23T17:35:09.2239524-03:00,2026-09-23T17:35:09.2614518-03:00,37499,38043,00,
003193,9363,2026-09-23T17:35:09.2284084-03:00,2026-09-23T17:35:09.2285618-03:00,2026-09-23T17:35:09.2698203-03:00,41259,41412,00,
003194,42948,2026-09-23T17:35:09.2334084-03:00,2026-09-23T17:35:09.2337649-03:00,2026-09-23T17:35:09.259843-03:00,26078,26435,00,
003195,24252,2026-09-23T17:35:09.2384084-03:00,2026-09-23T17:35:09.2408841-03:00,2026-09-23T17:35:09.2620149-03:00,21131,23607,05,
003196,28300,2026-09-23T17:35:09.2434084-03:00,2026-09-23T17:35:09.2436629-03:00,2026-09-23T17:35:09.2656507-03:00,21988,22242,00,
003197,26824,2026-09-23T17:35:09.2484084-03:00,2026-09-23T17:35:09.2488288-03:00,2026-09-23T17:35:09.2884772-03:00,39648,40069,00,
003198,3647,2026-09-23T17:35:09.2534084-03:00,2026-09-23T17:35:09.2539681-03:00,2026-09-23T17:35:09.2760957-03:00,22128,22687,00,
003199,35513,2026-09-23T17:35:09.2584084-03:00,2026-09-23T17:35:09.2586676-03:00,2026-09-23T17:35:09.2904577-03:00,31790,32049,00,
003200,42149,2026-09-23T17:35:09.2634084-03:00,2026-09-23T17:35:09.264029-03:00,2026-09-23T17:35:09.3089094-03:00,44880,45501,00,
003201,38571,2026-09-23T17:35:09.2684084-03:00,2026-09-23T17:35:09.2686642-03:00,2026-09-23T17:35:09.3035355-03:00,34871,35127,00,
003202,22752,2026-09-23T17:35:09.2734084-03:00,2026-09-23T17:35:09.2739443-03:00,2026-09-23T17:35:09.3018411-03:00,27897,28433,51,
003203,11986,2026-09-23T17:35:09.2784084-03:00,2026-09-23T17:35:09.278665-03:00,2026-09-23T17:35:09.3029609-03:00,24296,24553,00,
003204,40338,2026-09-23T17:35:09.2834084-03:00,2026-09-23T17:35:09.2836871-03:00,2026-09-23T17:35:09.3101206-03:00,26434,26712,05,
003205,43483,2026-09-23T17:35:09.2884084-03:00,2026-09-23T17:35:09.2888102-03:00,2026-09-23T17:35:09.323643-03:00,34833,35235,00,
003206,25636,2026-09-23T17:35:09.2934084-03:00,2026-09-23T17:35:09.2940053-03:00,2026-09-23T17:35:09.33389-03:00,39885,40482,00,
003207,20020,2026-09-23T17:35:09.2984084-03:00,2026-09-23T17:35:09.2986357-03:00,2026-09-23T17:35:09.3248352-03:00,26200,26427,00,
003208,32670,2026-09-23T17:35:09.3034084-03:00,2026-09-23T17:35:09.3035564-03:00,2026-09-23T17:35:09.3386571-03:00,35101,35249,00,
003209,28260,2026-09-23T17:35:09.3084084-03:00,2026-09-23T17:35:09.3086947-03:00,2026-09-23T17:35:09.3355391-03:00,26844,27131,00,
003210,40921,2026-09-23T17:35:09.3134084-03:00,2026-09-23T17:35:09.3140945-03:00,2026-09-23T17:35:09.3601299-03:00,46035,46722,00,
003211,16645,2026-09-23T17:35:09.3184084-03:00,2026-09-23T17:35:09.3186661-03:00,2026-09-23T17:35:09.3518896-03:00,33224,33481,00,
003212,34727,2026-09-23T17:35:09.3234084-03:00,2026-09-23T17:35:09.323537-03:00,2026-09-23T17:35:09.354459-03:00,30922,31051,00,
003213,26210,2026-09-23T17:35:09.3284084-03:00,2026-09-23T17:35:09.328679-03:00,2026-09-23T17:35:09.3519092-03:00,23230,23501,00,
003214,29705,2026-09-23T17:35:09.3334084-03:00,2026-09-23T17:35:09.333811-03:00,2026-09-23T17:35:09.3591928-03:00,25382,25784,00,
003215,48549,2026-09-23T17:35:09.3384084-03:00,2026-09-23T17:35:09.338569-03:00,2026-09-23T17:35:09.3623124-03:00,23743,23904,00,
003216,35377,2026-09-23T17:35:09.3434084-03:00,2026-09-23T17:35:09.3440189-03:00,2026-09-23T17:35:09.3665556-03:00,22537,23147,00,
003217,20561,2026-09-23T17:35:09.3484084-03:00,2026-09-23T17:35:09.3487147-03:00,2026-09-23T17:35:09.372929-03:00,24214,24521,00,
003218,14010,2026-09-23T17:35:09.3534084-03:00,2026-09-23T17:35:09.3539587-03:00,2026-09-23T17:35:09.3881045-03:00,34146,34696,00,
003219,49209,2026-09-23T17:35:09.3584084-03:00,2026-09-23T17:35:09.3589667-03:00,2026-09-23T17:35:09.3928053-03:00,33839,34397,00,
003220,49735,2026-09-23T17:35:09.3634084-03:00,2026-09-23T17:35:09.3638715-03:00,2026-09-23T17:35:09.3881295-03:00,24258,24721,00,
003221,14165,2026-09-23T17:35:09.3684084-03:00,2026-09-23T17:35:09.3690418-03:00,2026-09-23T17:35:09.390742-03:00,21700,22334,00,
003222,9509,2026-09-23T17:35:09.3734084-03:00,2026-09-23T17:35:09.3739792-03:00,2026-09-23T17:35:09.3981876-03:00,24208,24779,00,
003223,21480,2026-09-23T17:35:09.3784084-03:00,2026-09-23T17:35:09.3785914-03:00,2026-09-23T17:35:09.4379485-03:00,59357,59540,00,
003224,38208,2026-09-23T17:35:09.3834084-03:00,2026-09-23T17:35:09.3837034-03:00,2026-09-23T17:35:09.4070418-03:00,23338,23633,00,
003225,28305,2026-09-23T17:35:09.3884084-03:00,2026-09-23T17:35:09.3890358-03:00,2026-09-23T17:35:09.4346271-03:00,45591,46219,00,
003226,17347,2026-09-23T17:35:09.3934084-03:00,2026-09-23T17:35:09.3938738-03:00,2026-09-23T17:35:09.4206293-03:00,26756,27221,00,
003227,1540,2026-09-23T17:35:09.3984084-03:00,2026-09-23T17:35:09.3986119-03:00,2026-09-23T17:35:09.4206505-03:00,22039,22242,00,
003228,9671,2026-09-23T17:35:09.4034084-03:00,2026-09-23T17:35:09.4038109-03:00,2026-09-23T17:35:09.4309032-03:00,27092,27495,00,
003229,5179,2026-09-23T17:35:09.4084084-03:00,2026-09-23T17:35:09.4090743-03:00,2026-09-23T17:35:09.4314591-03:00,22385,23051,00,
003230,44955,2026-09-23T17:35:09.4134084-03:00,2026-09-23T17:35:09.4136911-03:00,2026-09-23T17:35:09.4395823-03:00,25891,26174,00,
003231,28461,2026-09-23T17:35:09.4184084-03:00,2026-09-23T17:35:09.4188756-03:00,2026-09-23T17:35:09.5035118-03:00,84636,85103,00,
003232,19175,2026-09-23T17:35:09.4234084-03:00,2026-09-23T17:35:09.4239927-03:00,2026-09-23T17:35:09.4462607-03:00,22268,22852,91,
003233,19498,2026-09-23T17:35:09.4284084-03:00,2026-09-23T17:35:09.4286503-03:00,2026-09-23T17:35:09.4538791-03:00,25229,25471,00,
003234,41812,2026-09-23T17:35:09.4334084-03:00,2026-09-23T17:35:09.4340013-03:00,2026-09-23T17:35:09.4580804-03:00,24079,24672,00,
003235,3948,2026-09-23T17:35:09.4384084-03:00,2026-09-23T17:35:09.4390042-03:00,2026-09-23T17:35:09.4662119-03:00,27208,27804,00,
003236,15185,2026-09-23T17:35:09.4434084-03:00,2026-09-23T17:35:09.4440616-03:00,2026-09-23T17:35:09.476428-03:00,32366,33020,00,
003237,46756,2026-09-23T17:35:09.4484084-03:00,2026-09-23T17:35:09.4487841-03:00,2026-09-23T17:35:09.4750939-03:00,26310,26686,00,
003238,41004,2026-09-23T17:35:09.4534084-03:00,2026-09-23T17:35:09.4537962-03:00,2026-09-23T17:35:09.476428-03:00,22632,23020,00,
003239,29542,2026-09-23T17:35:09.4584084-03:00,2026-09-23T17:35:09.4589585-03:00,2026-09-23T17:35:09.579729-03:00,120771,121321,00,
003240,44346,2026-09-23T17:35:09.4634084-03:00,2026-09-23T17:35:09.4635281-03:00,2026-09-23T17:35:09.4872883-03:00,23760,23880,00,
003241,28760,2026-09-23T17:35:09.4684084-03:00,2026-09-23T17:35:09.4693876-03:00,2026-09-23T17:35:09.5073443-03:00,37957,38936,00,
003242,4441,2026-09-23T17:35:09.4734084-03:00,2026-09-23T17:35:09.4751367-03:00,2026-09-23T17:35:09.5073523-03:00,32216,33944,00,
003243,6684,2026-09-23T17:35:09.4784084-03:00,2026-09-23T17:35:09.4783318-03:00,2026-09-23T17:35:09.5135771-03:00,35245,35169,00,
003244,15431,2026-09-23T17:35:09.4834084-03:00,2026-09-23T17:35:09.4836011-03:00,2026-09-23T17:35:09.5250599-03:00,41459,41652,00,
003245,34495,2026-09-23T17:35:09.4884084-03:00,2026-09-23T17:35:09.4889955-03:00,2026-09-23T17:35:09.5233634-03:00,34368,34955,00,
003246,35867,2026-09-23T17:35:09.4934084-03:00,2026-09-23T17:35:09.4935995-03:00,2026-09-23T17:35:09.522843-03:00,29244,29435,05,
003247,36019,2026-09-23T17:35:09.4984084-03:00,2026-09-23T17:35:09.498603-03:00,2026-09-23T17:35:09.5277278-03:00,29125,29319,51,
003248,7430,2026-09-23T17:35:09.5034084-03:00,2026-09-23T17:35:09.5037311-03:00,2026-09-23T17:35:09.5325615-03:00,28830,29153,91,
003249,46736,2026-09-23T17:35:09.5084084-03:00,2026-09-23T17:35:09.5089001-03:00,2026-09-23T17:35:09.5387392-03:00,29839,30331,00,
003250,45873,2026-09-23T17:35:09.5134084-03:00,2026-09-23T17:35:09.5135941-03:00,2026-09-23T17:35:09.5364893-03:00,22895,23081,00,
003251,741,2026-09-23T17:35:09.5184084-03:00,2026-09-23T17:35:09.5185336-03:00,2026-09-23T17:35:09.5418108-03:00,23277,23402,00,
003252,27187,2026-09-23T17:35:09.5234084-03:00,2026-09-23T17:35:09.5238554-03:00,2026-09-23T17:35:09.5543977-03:00,30542,30989,00,
003253,4967,2026-09-23T17:35:09.5284084-03:00,2026-09-23T17:35:09.528812-03:00,2026-09-23T17:35:09.5634433-03:00,34631,35035,00,
003254,45364,2026-09-23T17:35:09.5334084-03:00,2026-09-23T17:35:09.5336656-03:00,2026-09-23T17:35:09.5607595-03:00,27094,27351,00,
003255,14430,2026-09-23T17:35:09.5384084-03:00,2026-09-23T17:35:09.5386233-03:00,2026-09-23T17:35:09.5613293-03:00,22706,22921,00,
003256,26028,2026-09-23T17:35:09.5434084-03:00,2026-09-23T17:35:09.5438907-03:00,2026-09-23T17:35:09.5786382-03:00,34748,35230,00,
003257,24463,2026-09-23T17:35:09.5484084-03:00,2026-09-23T17:35:09.5485563-03:00,2026-09-23T17:35:09.6126101-03:00,64054,64202,00,
003258,41429,2026-09-23T17:35:09.5534084-03:00,2026-09-23T17:35:09.5537488-03:00,2026-09-23T17:35:09.5769803-03:00,23232,23572,00,
003259,24446,2026-09-23T17:35:09.5584084-03:00,2026-09-23T17:35:09.558998-03:00,2026-09-23T17:35:09.5818604-03:00,22862,23452,00,
003260,2122,2026-09-23T17:35:09.5634084-03:00,2026-09-23T17:35:09.5639184-03:00,2026-09-23T17:35:09.6161048-03:00,52186,52696,05,
003261,40773,2026-09-23T17:35:09.5684084-03:00,2026-09-23T17:35:09.5685544-03:00,2026-09-23T17:35:09.6079559-03:00,39402,39548,00,
003262,719,2026-09-23T17:35:09.5734084-03:00,2026-09-23T17:35:09.5737504-03:00,2026-09-23T17:35:09.5984753-03:00,24725,25067,05,
003263,1545,2026-09-23T17:35:09.5784084-03:00,2026-09-23T17:35:09.5785565-03:00,2026-09-23T17:35:09.6131727-03:00,34616,34764,00,
003264,2796,2026-09-23T17:35:09.5834084-03:00,2026-09-23T17:35:09.5839419-03:00,2026-09-23T17:35:09.6161281-03:00,32186,32720,00,
003265,43363,2026-09-23T17:35:09.5884084-03:00,2026-09-23T17:35:09.5892125-03:00,2026-09-23T17:35:09.6131769-03:00,23964,24769,00,
003266,17784,2026-09-23T17:35:09.5934084-03:00,2026-09-23T17:35:09.5942254-03:00,2026-09-23T17:35:09.6252294-03:00,31004,31821,00,
003267,44948,2026-09-23T17:35:09.5984084-03:00,2026-09-23T17:35:09.5989756-03:00,2026-09-23T17:35:09.6267683-03:00,27793,28360,00,
003268,39647,2026-09-23T17:35:09.6034084-03:00,2026-09-23T17:35:09.6036132-03:00,2026-09-23T17:35:09.6273635-03:00,23750,23955,00,
003269,29307,2026-09-23T17:35:09.6084084-03:00,2026-09-23T17:35:09.6088963-03:00,2026-09-23T17:35:09.6314945-03:00,22598,23086,00,
003270,25175,2026-09-23T17:35:09.6134084-03:00,2026-09-23T17:35:09.6136344-03:00,2026-09-23T17:35:09.6428821-03:00,29248,29474,00,
003271,21098,2026-09-23T17:35:09.6184084-03:00,2026-09-23T17:35:09.6190438-03:00,2026-09-23T17:35:09.6474782-03:00,28434,29070,00,
003272,7243,2026-09-23T17:35:09.6234084-03:00,2026-09-23T17:35:09.6235631-03:00,2026-09-23T17:35:09.6490749-03:00,25512,25667,00,
003273,24011,2026-09-23T17:35:09.6284084-03:00,2026-09-23T17:35:09.6288507-03:00,2026-09-23T17:35:09.6622883-03:00,33438,33880,00,
003274,41767,2026-09-23T17:35:09.6334084-03:00,2026-09-23T17:35:09.6339271-03:00,2026-09-23T17:35:09.6710515-03:00,37124,37643,00,
003275,38470,2026-09-23T17:35:09.6384084-03:00,2026-09-23T17:35:09.6385563-03:00,2026-09-23T17:35:09.6656018-03:00,27046,27193,00,
003276,13160,2026-09-23T17:35:09.6434084-03:00,2026-09-23T17:35:09.6438783-03:00,2026-09-23T17:35:09.7086971-03:00,64819,65289,00,
003277,1335,2026-09-23T17:35:09.6484084-03:00,2026-09-23T17:35:09.6490047-03:00,2026-09-23T17:35:09.6806853-03:00,31681,32277,00,
003278,30056,2026-09-23T17:35:09.6534084-03:00,2026-09-23T17:35:09.6536199-03:00,2026-09-23T17:35:09.6753836-03:00,21764,21975,00,
003279,3054,2026-09-23T17:35:09.6584084-03:00,2026-09-23T17:35:09.6590444-03:00,2026-09-23T17:35:09.6890927-03:00,30048,30684,00,
003280,46629,2026-09-23T17:35:09.6634084-03:00,2026-09-23T17:35:09.6638692-03:00,2026-09-23T17:35:09.6950646-03:00,31195,31656,00,
003281,5316,2026-09-23T17:35:09.6684084-03:00,2026-09-23T17:35:09.6687056-03:00,2026-09-23T17:35:09.692763-03:00,24057,24355,51,
003282,24028,2026-09-23T17:35:09.6734084-03:00,2026-09-23T17:35:09.6740987-03:00,2026-09-23T17:35:09.7328099-03:00,58711,59402,51,
003283,49255,2026-09-23T17:35:09.6784084-03:00,2026-09-23T17:35:09.6789463-03:00,2026-09-23T17:35:09.7322327-03:00,53286,53824,00,
003284,30365,2026-09-23T17:35:09.6834084-03:00,2026-09-23T17:35:09.6837895-03:00,2026-09-23T17:35:09.7065624-03:00,22773,23154,51,
003285,8212,2026-09-23T17:35:09.6884084-03:00,2026-09-23T17:35:09.6889983-03:00,2026-09-23T17:35:09.7150276-03:00,26029,26619,00,
003286,21596,2026-09-23T17:35:09.6934084-03:00,2026-09-23T17:35:09.693839-03:00,2026-09-23T17:35:09.718527-03:00,24688,25119,51,
003287,16183,2026-09-23T17:35:09.6984084-03:00,2026-09-23T17:35:09.6986257-03:00,2026-09-23T17:35:09.7263452-03:00,27720,27937,00,
003288,26702,2026-09-23T17:35:09.7034084-03:00,2026-09-23T17:35:09.7038228-03:00,2026-09-23T17:35:09.7274445-03:00,23622,24036,00,
003289,2067,2026-09-23T17:35:09.7084084-03:00,2026-09-23T17:35:09.7086107-03:00,2026-09-23T17:35:09.7344776-03:00,25867,26069,51,
003290,26482,2026-09-23T17:35:09.7134084-03:00,2026-09-23T17:35:09.7137959-03:00,2026-09-23T17:35:09.7366192-03:00,22823,23211,00,
003291,22338,2026-09-23T17:35:09.7184084-03:00,2026-09-23T17:35:09.7189205-03:00,2026-09-23T17:35:09.7472223-03:00,28302,28814,00,
003292,6322,2026-09-23T17:35:09.7234084-03:00,2026-09-23T17:35:09.7236934-03:00,2026-09-23T17:35:09.7461782-03:00,22485,22770,00,
003293,391,2026-09-23T17:35:09.7284084-03:00,2026-09-23T17:35:09.7290128-03:00,2026-09-23T17:35:09.7543992-03:00,25386,25991,00,
003294,36840,2026-09-23T17:35:09.7334084-03:00,2026-09-23T17:35:09.7338532-03:00,2026-09-23T17:35:09.7602107-03:00,26358,26802,00,
003295,45148,2026-09-23T17:35:09.7384084-03:00,2026-09-23T17:35:09.7393385-03:00,2026-09-23T17:35:09.7701943-03:00,30856,31786,00,
003296,21910,2026-09-23T17:35:09.7434084-03:00,2026-09-23T17:35:09.7439324-03:00,2026-09-23T17:35:09.7783855-03:00,34453,34977,00,
003297,25141,2026-09-23T17:35:09.7484084-03:00,2026-09-23T17:35:09.7487055-03:00,2026-09-23T17:35:09.7809052-03:00,32200,32497,51,
003298,32168,2026-09-23T17:35:09.7534084-03:00,2026-09-23T17:35:09.7538383-03:00,2026-09-23T17:35:09.7784043-03:00,24566,24996,00,
003299,8242,2026-09-23T17:35:09.7584084-03:00,2026-09-23T17:35:09.7589768-03:00,2026-09-23T17:35:09.7809222-03:00,21945,22514,00,
003300,28575,2026-09-23T17:35:09.7634084-03:00,2026-09-23T17:35:09.7638087-03:00,2026-09-23T17:35:09.7886622-03:00,24854,25254,00,
003301,35980,2026-09-23T17:35:09.7684084-03:00,2026-09-23T17:35:09.7690321-03:00,2026-09-23T17:35:09.8167875-03:00,47755,48379,00,
003302,8391,2026-09-23T17:35:09.7734084-03:00,2026-09-23T17:35:09.7737158-03:00,2026-09-23T17:35:09.8003389-03:00,26623,26931,00,
003303,31989,2026-09-23T17:35:09.7784084-03:00,2026-09-23T17:35:09.7788131-03:00,2026-09-23T17:35:09.8020091-03:00,23196,23601,00,
003304,4050,2026-09-23T17:35:09.7834084-03:00,2026-09-23T17:35:09.783923-03:00,2026-09-23T17:35:09.8104307-03:00,26508,27022,05,
003305,39567,2026-09-23T17:35:09.7884084-03:00,2026-09-23T17:35:09.788542-03:00,2026-09-23T17:35:09.8131387-03:00,24597,24730,00,
003306,38676,2026-09-23T17:35:09.7934084-03:00,2026-09-23T17:35:09.7939051-03:00,2026-09-23T17:35:09.8233409-03:00,29436,29933,00,
003307,26143,2026-09-23T17:35:09.7984084-03:00,2026-09-23T17:35:09.7985927-03:00,2026-09-23T17:35:09.8464837-03:00,47891,48075,00,
003308,40469,2026-09-23T17:35:09.8034084-03:00,2026-09-23T17:35:09.8040997-03:00,2026-09-23T17:35:09.8421817-03:00,38082,38773,00,
003309,31427,2026-09-23T17:35:09.8084084-03:00,2026-09-23T17:35:09.8086109-03:00,2026-09-23T17:35:09.8490921-03:00,40481,40684,00,
003310,23565,2026-09-23T17:35:09.8134084-03:00,2026-09-23T17:35:09.8141246-03:00,2026-09-23T17:35:09.8511522-03:00,37028,37744,00,
003311,3443,2026-09-23T17:35:09.8184084-03:00,2026-09-23T17:35:09.8189927-03:00,2026-09-23T17:35:09.8427685-03:00,23776,24360,00,
003312,17862,2026-09-23T17:35:09.8234084-03:00,2026-09-23T17:35:09.8250176-03:00,2026-09-23T17:35:09.8490973-03:00,24080,25689,00,
003313,10183,2026-09-23T17:35:09.8284084-03:00,2026-09-23T17:35:09.8287999-03:00,2026-09-23T17:35:09.8511631-03:00,22363,22755,00,
003314,10428,2026-09-23T17:35:09.8334084-03:00,2026-09-23T17:35:09.8336171-03:00,2026-09-23T17:35:09.8716814-03:00,38064,38273,00,
003315,4336,2026-09-23T17:35:09.8384084-03:00,2026-09-23T17:35:09.8389104-03:00,2026-09-23T17:35:09.8685634-03:00,29653,30155,00,
003316,42545,2026-09-23T17:35:09.8434084-03:00,2026-09-23T17:35:09.8437825-03:00,2026-09-23T17:35:09.8748824-03:00,31100,31474,00,
003317,25083,2026-09-23T17:35:09.8484084-03:00,2026-09-23T17:35:09.8489999-03:00,2026-09-23T17:35:09.8711677-03:00,22168,22759,00,
003318,16007,2026-09-23T17:35:09.8534084-03:00,2026-09-23T17:35:09.8536734-03:00,2026-09-23T17:35:09.8837964-03:00,30123,30388,00,
003319,6065,2026-09-23T17:35:09.8584084-03:00,2026-09-23T17:35:09.8586896-03:00,2026-09-23T17:35:09.8816543-03:00,22965,23246,00,
003320,12726,2026-09-23T17:35:09.8634084-03:00,2026-09-23T17:35:09.8638497-03:00,2026-09-23T17:35:09.8899609-03:00,26111,26553,00,
003321,39808,2026-09-23T17:35:09.8684084-03:00,2026-09-23T17:35:09.8684833-03:00,2026-09-23T17:35:09.8963024-03:00,27819,27894,00,
003322,22897,2026-09-23T17:35:09.8734084-03:00,2026-09-23T17:35:09.8737463-03:00,2026-09-23T17:35:09.8957353-03:00,21989,22327,14,
003323,23002,2026-09-23T17:35:09.8784084-03:00,2026-09-23T17:35:09.8789261-03:00,2026-09-23T17:35:09.9123698-03:00,33444,33961,00,
003324,2973,2026-09-23T17:35:09.8834084-03:00,2026-09-23T17:35:09.8837297-03:00,2026-09-23T17:35:09.9062214-03:00,22492,22813,00,
003325,40640,2026-09-23T17:35:09.8884084-03:00,2026-09-23T17:35:09.8886609-03:00,2026-09-23T17:35:09.9233705-03:00,34710,34962,00,
003326,33014,2026-09-23T17:35:09.8934084-03:00,2026-09-23T17:35:09.8939993-03:00,2026-09-23T17:35:09.9233697-03:00,29370,29961,00,
003327,41043,2026-09-23T17:35:09.8984084-03:00,2026-09-23T17:35:09.8988631-03:00,2026-09-23T17:35:09.9248795-03:00,26016,26471,00,
003328,20475,2026-09-23T17:35:09.9034084-03:00,2026-09-23T17:35:09.9035535-03:00,2026-09-23T17:35:09.9368094-03:00,33256,33401,00,
003329,20202,2026-09-23T17:35:09.9084084-03:00,2026-09-23T17:35:09.9087289-03:00,2026-09-23T17:35:09.9310537-03:00,22325,22645,00,
003330,31966,2026-09-23T17:35:09.9134084-03:00,2026-09-23T17:35:09.9139049-03:00,2026-09-23T17:35:09.9363548-03:00,22450,22946,00,
003331,46204,2026-09-23T17:35:09.9184084-03:00,2026-09-23T17:35:09.918481-03:00,2026-09-23T17:35:09.9557534-03:00,37272,37345,00,
003332,8670,2026-09-23T17:35:09.9234084-03:00,2026-09-23T17:35:09.9237692-03:00,2026-09-23T17:35:09.9574492-03:00,33680,34041,00,
003333,36272,2026-09-23T17:35:09.9284084-03:00,2026-09-23T17:35:09.9289247-03:00,2026-09-23T17:35:09.953227-03:00,24302,24819,00,
003334,7266,2026-09-23T17:35:09.9334084-03:00,2026-09-23T17:35:09.9335688-03:00,2026-09-23T17:35:09.9612913-03:00,27723,27883,14,
003335,38012,2026-09-23T17:35:09.9384084-03:00,2026-09-23T17:35:09.9388457-03:00,2026-09-23T17:35:09.9618672-03:00,23022,23459,00,
003336,48183,2026-09-23T17:35:09.9434084-03:00,2026-09-23T17:35:09.9440402-03:00,2026-09-23T17:35:09.9672779-03:00,23238,23870,00,
003337,20899,2026-09-23T17:35:09.9484084-03:00,2026-09-23T17:35:09.948698-03:00,2026-09-23T17:35:09.9755253-03:00,26827,27117,00,
003338,9412,2026-09-23T17:35:09.9534084-03:00,2026-09-23T17:35:09.9541581-03:00,2026-09-23T17:35:09.9818132-03:00,27655,28405,00,
003339,6655,2026-09-23T17:35:09.9584084-03:00,2026-09-23T17:35:09.9590449-03:00,2026-09-23T17:35:09.9867044-03:00,27660,28296,00,
003340,34941,2026-09-23T17:35:09.9634084-03:00,2026-09-23T17:35:09.9639185-03:00,2026-09-23T17:35:09.989904-03:00,25986,26496,00,
003341,8198,2026-09-23T17:35:09.9684084-03:00,2026-09-23T17:35:09.9692192-03:00,2026-09-23T17:35:09.9950731-03:00,25854,26665,00,
003342,23963,2026-09-23T17:35:09.9734084-03:00,2026-09-23T17:35:09.9738304-03:00,2026-09-23T17:35:09.9962311-03:00,22401,22823,00,
003343,3328,2026-09-23T17:35:09.9784084-03:00,2026-09-23T17:35:09.9786103-03:00,2026-09-23T17:35:10.0072978-03:00,28688,28889,51,
003344,34761,2026-09-23T17:35:09.9834084-03:00,2026-09-23T17:35:09.9839003-03:00,2026-09-23T17:35:10.0115805-03:00,27680,28172,00,
003345,32651,2026-09-23T17:35:09.9884084-03:00,2026-09-23T17:35:09.9887119-03:00,2026-09-23T17:35:10.0115708-03:00,22859,23162,00,
003346,11880,2026-09-23T17:35:09.9934084-03:00,2026-09-23T17:35:09.9938871-03:00,2026-09-23T17:35:10.022069-03:00,28182,28661,00,
003347,18866,2026-09-23T17:35:09.9984084-03:00,2026-09-23T17:35:09.9988051-03:00,2026-09-23T17:35:10.0209497-03:00,22145,22541,00,
003348,2170,2026-09-23T17:35:10.0034084-03:00,2026-09-23T17:35:10.0039673-03:00,2026-09-23T17:35:10.0263802-03:00,22413,22972,00,
003349,41338,2026-09-23T17:35:10.0084084-03:00,2026-09-23T17:35:10.0088224-03:00,2026-09-23T17:35:10.0317363-03:00,22914,23328,00,
003350,30460,2026-09-23T17:35:10.0134084-03:00,2026-09-23T17:35:10.013679-03:00,2026-09-23T17:35:10.0359904-03:00,22311,22582,00,
003351,17217,2026-09-23T17:35:10.0184084-03:00,2026-09-23T17:35:10.0187511-03:00,2026-09-23T17:35:10.0412798-03:00,22529,22871,51,
003352,23475,2026-09-23T17:35:10.0234084-03:00,2026-09-23T17:35:10.0236282-03:00,2026-09-23T17:35:10.0530081-03:00,29380,29600,51,
003353,7955,2026-09-23T17:35:10.0284084-03:00,2026-09-23T17:35:10.0289744-03:00,2026-09-23T17:35:10.0556386-03:00,26664,27230,00,
003354,37550,2026-09-23T17:35:10.0334084-03:00,2026-09-23T17:35:10.0337954-03:00,2026-09-23T17:35:10.0614843-03:00,27689,28076,00,
003355,36790,2026-09-23T17:35:10.0384084-03:00,2026-09-23T17:35:10.0390289-03:00,2026-09-23T17:35:10.072154-03:00,33125,33746,00,
003356,42946,2026-09-23T17:35:10.0434084-03:00,2026-09-23T17:35:10.0438564-03:00,2026-09-23T17:35:10.0662794-03:00,22423,22871,00,
003357,24783,2026-09-23T17:35:10.0484084-03:00,2026-09-23T17:35:10.0487322-03:00,2026-09-23T17:35:10.0764393-03:00,27707,28031,51,
003358,27886,2026-09-23T17:35:10.0534084-03:00,2026-09-23T17:35:10.0539772-03:00,2026-09-23T17:35:10.0806662-03:00,26689,27258,00,
003359,15034,2026-09-23T17:35:10.0584084-03:00,2026-09-23T17:35:10.0587154-03:00,2026-09-23T17:35:10.0849454-03:00,26230,26537,00,
003360,14041,2026-09-23T17:35:10.0634084-03:00,2026-09-23T17:35:10.0639728-03:00,2026-09-23T17:35:10.0981514-03:00,34179,34743,00,
003361,34297,2026-09-23T17:35:10.0684084-03:00,2026-09-23T17:35:10.0687909-03:00,2026-09-23T17:35:10.2134222-03:00,144631,145014,00,
003362,18465,2026-09-23T17:35:10.0734084-03:00,2026-09-23T17:35:10.0741876-03:00,2026-09-23T17:35:10.096075-03:00,21887,22667,00,
003363,33947,2026-09-23T17:35:10.0784084-03:00,2026-09-23T17:35:10.0790105-03:00,2026-09-23T17:35:10.1079945-03:00,28984,29586,00,
003364,43049,2026-09-23T17:35:10.0834084-03:00,2026-09-23T17:35:10.0837123-03:00,2026-09-23T17:35:10.1267498-03:00,43038,43341,00,
003365,42625,2026-09-23T17:35:10.0884084-03:00,2026-09-23T17:35:10.0887741-03:00,2026-09-23T17:35:10.1130018-03:00,24228,24593,00,
003366,44280,2026-09-23T17:35:10.0934084-03:00,2026-09-23T17:35:10.0933903-03:00,2026-09-23T17:35:10.1261841-03:00,32794,32776,00,
003367,19660,2026-09-23T17:35:10.0984084-03:00,2026-09-23T17:35:10.099123-03:00,2026-09-23T17:35:10.1283088-03:00,29186,29900,00,
003368,32085,2026-09-23T17:35:10.1034084-03:00,2026-09-23T17:35:10.1037848-03:00,2026-09-23T17:35:10.133372-03:00,29587,29964,00,
003369,34864,2026-09-23T17:35:10.1084084-03:00,2026-09-23T17:35:10.1090717-03:00,2026-09-23T17:35:10.1443384-03:00,35267,35930,00,
003370,11258,2026-09-23T17:35:10.1134084-03:00,2026-09-23T17:35:10.1139724-03:00,2026-09-23T17:35:10.1437254-03:00,29753,30317,91,
003371,24112,2026-09-23T17:35:10.1184084-03:00,2026-09-23T17:35:10.1186075-03:00,2026-09-23T17:35:10.1415672-03:00,22960,23159,00,
003372,36785,2026-09-23T17:35:10.1234084-03:00,2026-09-23T17:35:10.1239991-03:00,2026-09-23T17:35:10.1622676-03:00,38269,38859,00,
003373,35812,2026-09-23T17:35:10.1284084-03:00,2026-09-23T17:35:10.1287088-03:00,2026-09-23T17:35:10.1599501-03:00,31241,31542,00,
003374,5429,2026-09-23T17:35:10.1334084-03:00,2026-09-23T17:35:10.1337675-03:00,2026-09-23T17:35:10.161089-03:00,27322,27681,00,
003375,43650,2026-09-23T17:35:10.1384084-03:00,2026-09-23T17:35:10.1388523-03:00,2026-09-23T17:35:10.1751918-03:00,36340,36783,00,
003376,36576,2026-09-23T17:35:10.1434084-03:00,2026-09-23T17:35:10.143631-03:00,2026-09-23T17:35:10.1762681-03:00,32637,32860,00,
003377,12552,2026-09-23T17:35:10.1484084-03:00,2026-09-23T17:35:10.1488749-03:00,2026-09-23T17:35:10.1729536-03:00,24079,24545,00,
003378,13817,2026-09-23T17:35:10.1534084-03:00,2026-09-23T17:35:10.1536078-03:00,2026-09-23T17:35:10.191626-03:00,38018,38218,00,
003379,47291,2026-09-23T17:35:10.1584084-03:00,2026-09-23T17:35:10.1587326-03:00,2026-09-23T17:35:10.1820753-03:00,23343,23667,00,
003380,49857,2026-09-23T17:35:10.1634084-03:00,2026-09-23T17:35:10.1638488-03:00,2026-09-23T17:35:10.2082213-03:00,44373,44813,00,
003381,3026,2026-09-23T17:35:10.1684084-03:00,2026-09-23T17:35:10.1685126-03:00,2026-09-23T17:35:10.1940729-03:00,25560,25665,00,
003382,27164,2026-09-23T17:35:10.1734084-03:00,2026-09-23T17:35:10.1739445-03:00,2026-09-23T17:35:10.2063851-03:00,32441,32977,14,
003383,39643,2026-09-23T17:35:10.1784084-03:00,2026-09-23T17:35:10.1788136-03:00,2026-09-23T17:35:10.2118443-03:00,33031,33436,00,
003384,38982,2026-09-23T17:35:10.1834084-03:00,2026-09-23T17:35:10.1836605-03:00,2026-09-23T17:35:10.2071413-03:00,23481,23733,00,
003385,26107,2026-09-23T17:35:10.1884084-03:00,2026-09-23T17:35:10.1888826-03:00,2026-09-23T17:35:10.2118092-03:00,22927,23401,00,
003386,21939,2026-09-23T17:35:10.1934084-03:00,2026-09-23T17:35:10.1940183-03:00,2026-09-23T17:35:10.2285137-03:00,34495,35105,00,
003387,12945,2026-09-23T17:35:10.1984084-03:00,2026-09-23T17:35:10.1986802-03:00,2026-09-23T17:35:10.224781-03:00,26101,26373,00,
003388,43856,2026-09-23T17:35:10.2034084-03:00,2026-09-23T17:35:10.2038215-03:00,2026-09-23T17:35:10.2342083-03:00,30387,30800,00,
003389,40233,2026-09-23T17:35:10.2084084-03:00,2026-09-23T17:35:10.2086834-03:00,2026-09-23T17:35:10.2423473-03:00,33664,33939,00,
003390,18175,2026-09-23T17:35:10.2134084-03:00,2026-09-23T17:35:10.2138133-03:00,2026-09-23T17:35:10.2417196-03:00,27906,28311,00,
003391,1010,2026-09-23T17:35:10.2184084-03:00,2026-09-23T17:35:10.218891-03:00,2026-09-23T17:35:10.2449484-03:00,26057,26540,00,
003392,27349,2026-09-23T17:35:10.2234084-03:00,2026-09-23T17:35:10.2236599-03:00,2026-09-23T17:35:10.2460278-03:00,22368,22619,00,
003393,35635,2026-09-23T17:35:10.2284084-03:00,2026-09-23T17:35:10.2285428-03:00,2026-09-23T17:35:10.2508418-03:00,22299,22433,00,
003394,10481,2026-09-23T17:35:10.2334084-03:00,2026-09-23T17:35:10.2340948-03:00,2026-09-23T17:35:10.2627587-03:00,28664,29350,00,
003395,7519,2026-09-23T17:35:10.2384084-03:00,2026-09-23T17:35:10.2381847-03:00,2026-09-23T17:35:10.2759035-03:00,37719,37495,00,
003396,44964,2026-09-23T17:35:10.2434084-03:00,2026-09-23T17:35:10.2438065-03:00,2026-09-23T17:35:10.2681092-03:00,24303,24701,00,
003397,34424,2026-09-23T17:35:10.2484084-03:00,2026-09-23T17:35:10.2491048-03:00,2026-09-23T17:35:10.2715714-03:00,22467,23163,00,
003398,48286,2026-09-23T17:35:10.2534084-03:00,2026-09-23T17:35:10.2541043-03:00,2026-09-23T17:35:10.278558-03:00,24454,25150,00,
003399,29713,2026-09-23T17:35:10.2584084-03:00,2026-09-23T17:35:10.2589313-03:00,2026-09-23T17:35:10.3058068-03:00,46876,47398,00,
003400,6447,2026-09-23T17:35:10.2634084-03:00,2026-09-23T17:35:10.2636861-03:00,2026-09-23T17:35:10.3000314-03:00,36345,36623,00,
003401,11916,2026-09-23T17:35:10.2684084-03:00,2026-09-23T17:35:10.2690604-03:00,2026-09-23T17:35:10.2999458-03:00,30885,31537,00,
003402,1045,2026-09-23T17:35:10.2734084-03:00,2026-09-23T17:35:10.2742107-03:00,2026-09-23T17:35:10.2999826-03:00,25772,26574,00,
003403,9840,2026-09-23T17:35:10.2784084-03:00,2026-09-23T17:35:10.2785902-03:00,2026-09-23T17:35:10.3058068-03:00,27217,27398,00,
003404,41726,2026-09-23T17:35:10.2834084-03:00,2026-09-23T17:35:10.2837038-03:00,2026-09-23T17:35:10.3091923-03:00,25489,25784,91,
003405,26050,2026-09-23T17:35:10.2884084-03:00,2026-09-23T17:35:10.2890198-03:00,2026-09-23T17:35:10.3114994-03:00,22480,23091,00,
003406,4714,2026-09-23T17:35:10.2934084-03:00,2026-09-23T17:35:10.2939314-03:00,2026-09-23T17:35:10.3176429-03:00,23712,24235,00,
003407,20919,2026-09-23T17:35:10.2984084-03:00,2026-09-23T17:35:10.2985484-03:00,2026-09-23T17:35:10.3300659-03:00,31518,31658,51,
003408,49130,2026-09-23T17:35:10.3034084-03:00,2026-09-23T17:35:10.3039852-03:00,2026-09-23T17:35:10.3295244-03:00,25539,26116,00,
003409,46790,2026-09-23T17:35:10.3084084-03:00,2026-09-23T17:35:10.3089386-03:00,2026-09-23T17:35:10.3367524-03:00,27814,28344,00,
003410,21698,2026-09-23T17:35:10.3134084-03:00,2026-09-23T17:35:10.3139085-03:00,2026-09-23T17:35:10.3367633-03:00,22855,23355,00,
003411,10853,2026-09-23T17:35:10.3184084-03:00,2026-09-23T17:35:10.3190336-03:00,2026-09-23T17:35:10.3417606-03:00,22727,23352,00,
003412,31342,2026-09-23T17:35:10.3234084-03:00,2026-09-23T17:35:10.3238044-03:00,2026-09-23T17:35:10.365503-03:00,41699,42095,00,
003413,37953,2026-09-23T17:35:10.3284084-03:00,2026-09-23T17:35:10.3289541-03:00,2026-09-23T17:35:10.3700526-03:00,41099,41644,00,
003414,34946,2026-09-23T17:35:10.3334084-03:00,2026-09-23T17:35:10.3335487-03:00,2026-09-23T17:35:10.3552877-03:00,21739,21879,00,
003415,21468,2026-09-23T17:35:10.3384084-03:00,2026-09-23T17:35:10.3389319-03:00,2026-09-23T17:35:10.3937156-03:00,54784,55307,00,
003416,28604,2026-09-23T17:35:10.3434084-03:00,2026-09-23T17:35:10.3437809-03:00,2026-09-23T17:35:10.3744126-03:00,30632,31004,00,
003417,1974,2026-09-23T17:35:10.3484084-03:00,2026-09-23T17:35:10.3488723-03:00,2026-09-23T17:35:10.3701259-03:00,21254,21718,00,
003418,249,2026-09-23T17:35:10.3534084-03:00,2026-09-23T17:35:10.3539728-03:00,2026-09-23T17:35:10.3785099-03:00,24537,25102,00,
003419,20184,2026-09-23T17:35:10.3584084-03:00,2026-09-23T17:35:10.3587825-03:00,2026-09-23T17:35:10.3806309-03:00,21848,22223,00,
003420,36700,2026-09-23T17:35:10.3634084-03:00,2026-09-23T17:35:10.3638336-03:00,2026-09-23T17:35:10.3939208-03:00,30087,30512,00,
003421,12559,2026-09-23T17:35:10.3684084-03:00,2026-09-23T17:35:10.3689031-03:00,2026-09-23T17:35:10.3936973-03:00,24794,25289,00,
003422,3402,2026-09-23T17:35:10.3734084-03:00,2026-09-23T17:35:10.373796-03:00,2026-09-23T17:35:10.4037764-03:00,29980,30368,00,
003423,25623,2026-09-23T17:35:10.3784084-03:00,2026-09-23T17:35:10.3789388-03:00,2026-09-23T17:35:10.4032484-03:00,24310,24840,00,
003424,39606,2026-09-23T17:35:10.3834084-03:00,2026-09-23T17:35:10.3837245-03:00,2026-09-23T17:35:10.4094429-03:00,25718,26035,05,
003425,11814,2026-09-23T17:35:10.3884084-03:00,2026-09-23T17:35:10.3899259-03:00,2026-09-23T17:35:10.4151243-03:00,25198,26716,00,
003426,6520,2026-09-23T17:35:10.3934084-03:00,2026-09-23T17:35:10.3937366-03:00,2026-09-23T17:35:10.417272-03:00,23535,23864,00,
003427,19697,2026-09-23T17:35:10.3984084-03:00,2026-09-23T17:35:10.3989772-03:00,2026-09-23T17:35:10.4214668-03:00,22490,23058,00,
003428,1678,2026-09-23T17:35:10.4034084-03:00,2026-09-23T17:35:10.4037028-03:00,2026-09-23T17:35:10.4318433-03:00,28141,28435,00,
003429,12962,2026-09-23T17:35:10.4084084-03:00,2026-09-23T17:35:10.4088549-03:00,2026-09-23T17:35:10.4381402-03:00,29285,29732,00,
003430,40149,2026-09-23T17:35:10.4134084-03:00,2026-09-23T17:35:10.4139346-03:00,2026-09-23T17:35:10.4385804-03:00,24646,25172,00,
003431,310,2026-09-23T17:35:10.4184084-03:00,2026-09-23T17:35:10.4188322-03:00,2026-09-23T17:35:10.4458251-03:00,26993,27417,00,
003432,40691,2026-09-23T17:35:10.4234084-03:00,2026-09-23T17:35:10.4239372-03:00,2026-09-23T17:35:10.4458065-03:00,21869,22398,00,
003433,3126,2026-09-23T17:35:10.4284084-03:00,2026-09-23T17:35:10.4291543-03:00,2026-09-23T17:35:10.4640026-03:00,34848,35594,00,
003434,20293,2026-09-23T17:35:10.4334084-03:00,2026-09-23T17:35:10.4339099-03:00,2026-09-23T17:35:10.4574504-03:00,23541,24042,00,
003435,1667,2026-09-23T17:35:10.4384084-03:00,2026-09-23T17:35:10.4385968-03:00,2026-09-23T17:35:10.465649-03:00,27052,27241,00,
003436,14053,2026-09-23T17:35:10.4434084-03:00,2026-09-23T17:35:10.4436702-03:00,2026-09-23T17:35:10.4650967-03:00,21427,21688,51,
003437,46832,2026-09-23T17:35:10.4484084-03:00,2026-09-23T17:35:10.4488296-03:00,2026-09-23T17:35:10.4731331-03:00,24304,24725,51,
003438,7961,2026-09-23T17:35:10.4534084-03:00,2026-09-23T17:35:10.4539727-03:00,2026-09-23T17:35:10.4793407-03:00,25368,25932,00,
003439,10769,2026-09-23T17:35:10.4584084-03:00,2026-09-23T17:35:10.4589223-03:00,2026-09-23T17:35:10.5092504-03:00,50328,50842,00,
003440,11907,2026-09-23T17:35:10.4634084-03:00,2026-09-23T17:35:10.4639353-03:00,2026-09-23T17:35:10.506229-03:00,42294,42821,51,
003441,48263,2026-09-23T17:35:10.4684084-03:00,2026-09-23T17:35:10.468618-03:00,2026-09-23T17:35:10.5285277-03:00,59910,60119,00,
003442,6652,2026-09-23T17:35:10.4734084-03:00,2026-09-23T17:35:10.4739646-03:00,2026-09-23T17:35:10.4968314-03:00,22867,23423,00,
003443,45366,2026-09-23T17:35:10.4784084-03:00,2026-09-23T17:35:10.4787395-03:00,2026-09-23T17:35:10.5062493-03:00,27510,27841,05,
003444,6138,2026-09-23T17:35:10.4834084-03:00,2026-09-23T17:35:10.4837987-03:00,2026-09-23T17:35:10.5103629-03:00,26564,26955,00,
003445,25372,2026-09-23T17:35:10.4884084-03:00,2026-09-23T17:35:10.4889163-03:00,2026-09-23T17:35:10.5160751-03:00,27159,27667,00,
003446,47988,2026-09-23T17:35:10.4934084-03:00,2026-09-23T17:35:10.493736-03:00,2026-09-23T17:35:10.5172433-03:00,23507,23835,00,
003447,34263,2026-09-23T17:35:10.4984084-03:00,2026-09-23T17:35:10.498867-03:00,2026-09-23T17:35:10.5285281-03:00,29661,30120,00,
003448,16169,2026-09-23T17:35:10.5034084-03:00,2026-09-23T17:35:10.5039706-03:00,2026-09-23T17:35:10.5290479-03:00,25077,25640,00,
003449,14537,2026-09-23T17:35:10.5084084-03:00,2026-09-23T17:35:10.5091386-03:00,2026-09-23T17:35:10.5306414-03:00,21503,22233,00,
003450,3636,2026-09-23T17:35:10.5134084-03:00,2026-09-23T17:35:10.5138847-03:00,2026-09-23T17:35:10.5445362-03:00,30652,31128,00,
003451,10509,2026-09-23T17:35:10.5184084-03:00,2026-09-23T17:35:10.5188153-03:00,2026-09-23T17:35:10.5431746-03:00,24359,24766,00,
003452,20993,2026-09-23T17:35:10.5234084-03:00,2026-09-23T17:35:10.524006-03:00,2026-09-23T17:35:10.5658561-03:00,41850,42448,05,
003453,18305,2026-09-23T17:35:10.5284084-03:00,2026-09-23T17:35:10.528527-03:00,2026-09-23T17:35:10.56745-03:00,38923,39042,00,
003454,40204,2026-09-23T17:35:10.5334084-03:00,2026-09-23T17:35:10.5337343-03:00,2026-09-23T17:35:10.6073772-03:00,73643,73969,00,
003455,15031,2026-09-23T17:35:10.5384084-03:00,2026-09-23T17:35:10.5392493-03:00,2026-09-23T17:35:10.5621785-03:00,22929,23770,00,
003456,10234,2026-09-23T17:35:10.5434084-03:00,2026-09-23T17:35:10.5438837-03:00,2026-09-23T17:35:10.5653005-03:00,21417,21892,00,
003457,23251,2026-09-23T17:35:10.5484084-03:00,2026-09-23T17:35:10.549051-03:00,2026-09-23T17:35:10.5717453-03:00,22694,23337,00,
003458,1605,2026-09-23T17:35:10.5534084-03:00,2026-09-23T17:35:10.5536267-03:00,2026-09-23T17:35:10.5815299-03:00,27903,28122,51,
003459,26537,2026-09-23T17:35:10.5584084-03:00,2026-09-23T17:35:10.5585355-03:00,2026-09-23T17:35:10.5848212-03:00,26286,26413,00,
003460,47700,2026-09-23T17:35:10.5634084-03:00,2026-09-23T17:35:10.56364-03:00,2026-09-23T17:35:10.5842809-03:00,20641,20873,91,
003461,8561,2026-09-23T17:35:10.5684084-03:00,2026-09-23T17:35:10.5689615-03:00,2026-09-23T17:35:10.5949598-03:00,25998,26551,00,
003462,37779,2026-09-23T17:35:10.5734084-03:00,2026-09-23T17:35:10.5741793-03:00,2026-09-23T17:35:10.5959351-03:00,21756,22527,00,
003463,5917,2026-09-23T17:35:10.5784084-03:00,2026-09-23T17:35:10.5788773-03:00,2026-09-23T17:35:10.6151858-03:00,36309,36777,00,
003464,26491,2026-09-23T17:35:10.5834084-03:00,2026-09-23T17:35:10.5835638-03:00,2026-09-23T17:35:10.6190829-03:00,35519,35675,00,
003465,32551,2026-09-23T17:35:10.5884084-03:00,2026-09-23T17:35:10.5888249-03:00,2026-09-23T17:35:10.6178343-03:00,29009,29426,00,
003466,32179,2026-09-23T17:35:10.5934084-03:00,2026-09-23T17:35:10.5938631-03:00,2026-09-23T17:35:10.615769-03:00,21906,22361,00,
003467,36557,2026-09-23T17:35:10.5984084-03:00,2026-09-23T17:35:10.598868-03:00,2026-09-23T17:35:10.6205231-03:00,21655,22115,00,
003468,41895,2026-09-23T17:35:10.6034084-03:00,2026-09-23T17:35:10.6039617-03:00,2026-09-23T17:35:10.6302435-03:00,26282,26835,00,
003469,8141,2026-09-23T17:35:10.6084084-03:00,2026-09-23T17:35:10.6088799-03:00,2026-09-23T17:35:10.640598-03:00,31718,32190,00,
003470,25347,2026-09-23T17:35:10.6134084-03:00,2026-09-23T17:35:10.6139962-03:00,2026-09-23T17:35:10.6381251-03:00,24129,24717,00,
003471,5434,2026-09-23T17:35:10.6184084-03:00,2026-09-23T17:35:10.6189079-03:00,2026-09-23T17:35:10.6442321-03:00,25324,25824,00,
003472,45015,2026-09-23T17:35:10.6234084-03:00,2026-09-23T17:35:10.624025-03:00,2026-09-23T17:35:10.6507341-03:00,26709,27326,00,
003473,17573,2026-09-23T17:35:10.6284084-03:00,2026-09-23T17:35:10.6290119-03:00,2026-09-23T17:35:10.6536211-03:00,24609,25213,00,
003474,17045,2026-09-23T17:35:10.6334084-03:00,2026-09-23T17:35:10.6337958-03:00,2026-09-23T17:35:10.6597999-03:00,26004,26392,14,
003475,43305,2026-09-23T17:35:10.6384084-03:00,2026-09-23T17:35:10.6390532-03:00,2026-09-23T17:35:10.6655024-03:00,26449,27094,51,
003476,47036,2026-09-23T17:35:10.6434084-03:00,2026-09-23T17:35:10.6441526-03:00,2026-09-23T17:35:10.667014-03:00,22861,23606,00,
003477,737,2026-09-23T17:35:10.6484084-03:00,2026-09-23T17:35:10.6486491-03:00,2026-09-23T17:35:10.681273-03:00,32624,32865,00,
003478,45885,2026-09-23T17:35:10.6534084-03:00,2026-09-23T17:35:10.6543096-03:00,2026-09-23T17:35:10.6791229-03:00,24813,25715,51,
003479,34974,2026-09-23T17:35:10.6584084-03:00,2026-09-23T17:35:10.658735-03:00,2026-09-23T17:35:10.6844347-03:00,25700,26026,00,
003480,13378,2026-09-23T17:35:10.6634084-03:00,2026-09-23T17:35:10.6638122-03:00,2026-09-23T17:35:10.7031503-03:00,39338,39742,05,
003481,12731,2026-09-23T17:35:10.6684084-03:00,2026-09-23T17:35:10.6689559-03:00,2026-09-23T17:35:10.6921192-03:00,23163,23711,00,
003482,16794,2026-09-23T17:35:10.6734084-03:00,2026-09-23T17:35:10.6737026-03:00,2026-09-23T17:35:10.7285784-03:00,54876,55170,00,
003483,7372,2026-09-23T17:35:10.6784084-03:00,2026-09-23T17:35:10.6790071-03:00,2026-09-23T17:35:10.7327308-03:00,53724,54322,91,
003484,26231,2026-09-23T17:35:10.6834084-03:00,2026-09-23T17:35:10.683842-03:00,2026-09-23T17:35:10.7397139-03:00,55872,56306,00,
003485,43347,2026-09-23T17:35:10.6884084-03:00,2026-09-23T17:35:10.6890461-03:00,2026-09-23T17:35:10.7154077-03:00,26362,26999,00,
003486,8074,2026-09-23T17:35:10.6934084-03:00,2026-09-23T17:35:10.6940145-03:00,2026-09-23T17:35:10.7154067-03:00,21392,21998,00,
003487,6825,2026-09-23T17:35:10.6984084-03:00,2026-09-23T17:35:10.6985623-03:00,2026-09-23T17:35:10.7215059-03:00,22944,23098,00,
003488,31697,2026-09-23T17:35:10.7034084-03:00,2026-09-23T17:35:10.7036076-03:00,2026-09-23T17:35:10.7285774-03:00,24970,25169,00,
003489,37644,2026-09-23T17:35:10.7084084-03:00,2026-09-23T17:35:10.7087684-03:00,2026-09-23T17:35:10.7327343-03:00,23966,24326,00,
003490,30143,2026-09-23T17:35:10.7134084-03:00,2026-09-23T17:35:10.7137304-03:00,2026-09-23T17:35:10.7437489-03:00,30019,30341,00,
003491,24792,2026-09-23T17:35:10.7184084-03:00,2026-09-23T17:35:10.7188002-03:00,2026-09-23T17:35:10.7474651-03:00,28665,29057,00,
003492,8358,2026-09-23T17:35:10.7234084-03:00,2026-09-23T17:35:10.7238941-03:00,2026-09-23T17:35:10.7551622-03:00,31268,31754,00,
003493,12755,2026-09-23T17:35:10.7284084-03:00,2026-09-23T17:35:10.7285709-03:00,2026-09-23T17:35:10.760497-03:00,31926,32089,00,
003494,12840,2026-09-23T17:35:10.7334084-03:00,2026-09-23T17:35:10.7337343-03:00,2026-09-23T17:35:10.7834185-03:00,49684,50010,00,
003495,19368,2026-09-23T17:35:10.7384084-03:00,2026-09-23T17:35:10.738855-03:00,2026-09-23T17:35:10.7656391-03:00,26784,27231,00,
003496,29137,2026-09-23T17:35:10.7434084-03:00,2026-09-23T17:35:10.7435806-03:00,2026-09-23T17:35:10.7721914-03:00,28611,28783,51,
003497,2760,2026-09-23T17:35:10.7484084-03:00,2026-09-23T17:35:10.7489123-03:00,2026-09-23T17:35:10.7755724-03:00,26660,27164,00,
003498,49353,2026-09-23T17:35:10.7534084-03:00,2026-09-23T17:35:10.7534931-03:00,2026-09-23T17:35:10.833726-03:00,80233,80318,00,
003499,5470,2026-09-23T17:35:10.7584084-03:00,2026-09-23T17:35:10.7588408-03:00,2026-09-23T17:35:10.7822607-03:00,23420,23852,00,
003500,23460,2026-09-23T17:35:10.7634084-03:00,2026-09-23T17:35:10.7639802-03:00,2026-09-23T17:35:10.7907454-03:00,26765,27337,00,
003501,10948,2026-09-23T17:35:10.7684084-03:00,2026-09-23T17:35:10.7686923-03:00,2026-09-23T17:35:10.7932607-03:00,24568,24852,51,
003502,11852,2026-09-23T17:35:10.7734084-03:00,2026-09-23T17:35:10.7743514-03:00,2026-09-23T17:35:10.8014575-03:00,27106,28049,00,
003503,10494,2026-09-23T17:35:10.7784084-03:00,2026-09-23T17:35:10.7789994-03:00,2026-09-23T17:35:10.8511094-03:00,72110,72701,00,
003504,47452,2026-09-23T17:35:10.7834084-03:00,2026-09-23T17:35:10.7839174-03:00,2026-09-23T17:35:10.8126874-03:00,28770,29279,51,
003505,17991,2026-09-23T17:35:10.7884084-03:00,2026-09-23T17:35:10.7885823-03:00,2026-09-23T17:35:10.838591-03:00,50009,50183,00,
003506,9626,2026-09-23T17:35:10.7934084-03:00,2026-09-23T17:35:10.7936425-03:00,2026-09-23T17:35:10.8217554-03:00,28113,28347,14,
003507,24960,2026-09-23T17:35:10.7984084-03:00,2026-09-23T17:35:10.7987801-03:00,2026-09-23T17:35:10.8227071-03:00,23927,24299,00,
003508,33990,2026-09-23T17:35:10.8034084-03:00,2026-09-23T17:35:10.8038976-03:00,2026-09-23T17:35:10.8269579-03:00,23060,23550,00,
003509,33035,2026-09-23T17:35:10.8084084-03:00,2026-09-23T17:35:10.8089633-03:00,2026-09-23T17:35:10.8423059-03:00,33343,33898,00,
003510,47083,2026-09-23T17:35:10.8134084-03:00,2026-09-23T17:35:10.8136908-03:00,2026-09-23T17:35:10.8380481-03:00,24357,24640,00,
003511,27952,2026-09-23T17:35:10.8184084-03:00,2026-09-23T17:35:10.818862-03:00,2026-09-23T17:35:10.842314-03:00,23452,23906,00,
003512,40503,2026-09-23T17:35:10.8234084-03:00,2026-09-23T17:35:10.8244099-03:00,2026-09-23T17:35:10.859107-03:00,34697,35699,00,
003513,43887,2026-09-23T17:35:10.8284084-03:00,2026-09-23T17:35:10.8290365-03:00,2026-09-23T17:35:10.8538691-03:00,24833,25461,00,
003514,20807,2026-09-23T17:35:10.8334084-03:00,2026-09-23T17:35:10.8336433-03:00,2026-09-23T17:35:10.8641414-03:00,30498,30733,00,
003515,9688,2026-09-23T17:35:10.8384084-03:00,2026-09-23T17:35:10.8386112-03:00,2026-09-23T17:35:10.8705091-03:00,31898,32101,00,
003516,45537,2026-09-23T17:35:10.8434084-03:00,2026-09-23T17:35:10.8438015-03:00,2026-09-23T17:35:10.8662768-03:00,22475,22868,51,
003517,17712,2026-09-23T17:35:10.8484084-03:00,2026-09-23T17:35:10.8489187-03:00,2026-09-23T17:35:10.8860576-03:00,37139,37649,00,
003518,22609,2026-09-23T17:35:10.8534084-03:00,2026-09-23T17:35:10.8536796-03:00,2026-09-23T17:35:10.8903276-03:00,36648,36919,05,
003519,42829,2026-09-23T17:35:10.8584084-03:00,2026-09-23T17:35:10.8589907-03:00,2026-09-23T17:35:10.8823246-03:00,23334,23916,00,
003520,1408,2026-09-23T17:35:10.8634084-03:00,2026-09-23T17:35:10.863511-03:00,2026-09-23T17:35:10.8960621-03:00,32551,32654,00,
003521,8617,2026-09-23T17:35:10.8684084-03:00,2026-09-23T17:35:10.868847-03:00,2026-09-23T17:35:10.9034543-03:00,34607,35046,00,
003522,21265,2026-09-23T17:35:10.8734084-03:00,2026-09-23T17:35:10.8740129-03:00,2026-09-23T17:35:10.9008145-03:00,26802,27406,00,
003523,41230,2026-09-23T17:35:10.8784084-03:00,2026-09-23T17:35:10.8791282-03:00,2026-09-23T17:35:10.9081437-03:00,29016,29735,00,
003524,18405,2026-09-23T17:35:10.8834084-03:00,2026-09-23T17:35:10.8838778-03:00,2026-09-23T17:35:10.9117211-03:00,27843,28313,00,
003525,15373,2026-09-23T17:35:10.8884084-03:00,2026-09-23T17:35:10.8886295-03:00,2026-09-23T17:35:10.9174554-03:00,28826,29047,51,
003526,19078,2026-09-23T17:35:10.8934084-03:00,2026-09-23T17:35:10.8938738-03:00,2026-09-23T17:35:10.9174826-03:00,23609,24074,00,
003527,11048,2026-09-23T17:35:10.8984084-03:00,2026-09-23T17:35:10.898615-03:00,2026-09-23T17:35:10.9222688-03:00,23654,23860,00,
003528,17191,2026-09-23T17:35:10.9034084-03:00,2026-09-23T17:35:10.9039473-03:00,2026-09-23T17:35:10.9278721-03:00,23925,24464,00,
003529,24788,2026-09-23T17:35:10.9084084-03:00,2026-09-23T17:35:10.9094343-03:00,2026-09-23T17:35:10.9400363-03:00,30602,31628,00,
003530,42863,2026-09-23T17:35:10.9134084-03:00,2026-09-23T17:35:10.9137402-03:00,2026-09-23T17:35:10.9448375-03:00,31097,31429,00,
003531,5723,2026-09-23T17:35:10.9184084-03:00,2026-09-23T17:35:10.919043-03:00,2026-09-23T17:35:10.9420236-03:00,22981,23615,00,
003532,27070,2026-09-23T17:35:10.9234084-03:00,2026-09-23T17:35:10.9241311-03:00,2026-09-23T17:35:10.9569108-03:00,32780,33502,00,
003533,49333,2026-09-23T17:35:10.9284084-03:00,2026-09-23T17:35:10.9287927-03:00,2026-09-23T17:35:10.9525435-03:00,23751,24135,00,
003534,3790,2026-09-23T17:35:10.9334084-03:00,2026-09-23T17:35:10.9339494-03:00,2026-09-23T17:35:10.9609664-03:00,27017,27558,00,
003535,8133,2026-09-23T17:35:10.9384084-03:00,2026-09-23T17:35:10.9386174-03:00,2026-09-23T17:35:10.9634497-03:00,24832,25041,00,
003536,25267,2026-09-23T17:35:10.9434084-03:00,2026-09-23T17:35:10.9440724-03:00,2026-09-23T17:35:10.9670433-03:00,22971,23635,00,
003537,37747,2026-09-23T17:35:10.9484084-03:00,2026-09-23T17:35:10.9488499-03:00,2026-09-23T17:35:10.9807949-03:00,31945,32387,91,
003538,199,2026-09-23T17:35:10.9534084-03:00,2026-09-23T17:35:10.9539749-03:00,2026-09-23T17:35:10.9856046-03:00,31630,32196,00,
003539,12541,2026-09-23T17:35:10.9584084-03:00,2026-09-23T17:35:10.9592508-03:00,2026-09-23T17:35:10.9965373-03:00,37287,38129,00,
003540,46493,2026-09-23T17:35:10.9634084-03:00,2026-09-23T17:35:10.9638355-03:00,2026-09-23T17:35:10.986182-03:00,22347,22774,00,
003541,41968,2026-09-23T17:35:10.9684084-03:00,2026-09-23T17:35:10.9691257-03:00,2026-09-23T17:35:10.990794-03:00,21668,22386,00,
003542,1401,2026-09-23T17:35:10.9734084-03:00,2026-09-23T17:35:10.973613-03:00,2026-09-23T17:35:11.0017516-03:00,28139,28343,00,
003543,44529,2026-09-23T17:35:10.9784084-03:00,2026-09-23T17:35:10.9790577-03:00,2026-09-23T17:35:11.0142572-03:00,35200,35849,00,
003544,12118,2026-09-23T17:35:10.9834084-03:00,2026-09-23T17:35:10.9838653-03:00,2026-09-23T17:35:11.0166112-03:00,32746,33203,91,
003545,20691,2026-09-23T17:35:10.9884084-03:00,2026-09-23T17:35:10.9887681-03:00,2026-09-23T17:35:11.0145959-03:00,25828,26188,00,
003546,38858,2026-09-23T17:35:10.9934084-03:00,2026-09-23T17:35:10.9940924-03:00,2026-09-23T17:35:11.0321887-03:00,38096,38780,00,
003547,19494,2026-09-23T17:35:10.9984084-03:00,2026-09-23T17:35:10.998484-03:00,2026-09-23T17:35:11.0213564-03:00,22872,22948,00,
003548,6261,2026-09-23T17:35:11.0034084-03:00,2026-09-23T17:35:11.0038518-03:00,2026-09-23T17:35:11.0274562-03:00,23604,24048,00,
003549,48181,2026-09-23T17:35:11.0084084-03:00,2026-09-23T17:35:11.0086697-03:00,2026-09-23T17:35:11.0338392-03:00,25170,25431,00,
003550,23022,2026-09-23T17:35:11.0134084-03:00,2026-09-23T17:35:11.0140157-03:00,2026-09-23T17:35:11.0380594-03:00,24044,24651,00,
003551,49900,2026-09-23T17:35:11.0184084-03:00,2026-09-23T17:35:11.0186695-03:00,2026-09-23T17:35:11.044112-03:00,25443,25704,00,
003552,12359,2026-09-23T17:35:11.0234084-03:00,2026-09-23T17:35:11.0236915-03:00,2026-09-23T17:35:11.0583969-03:00,34705,34989,00,
003553,16478,2026-09-23T17:35:11.0284084-03:00,2026-09-23T17:35:11.0289962-03:00,2026-09-23T17:35:11.05675-03:00,27754,28342,00,
003554,34155,2026-09-23T17:35:11.0334084-03:00,2026-09-23T17:35:11.0337591-03:00,2026-09-23T17:35:11.0560847-03:00,22326,22676,51,
003555,47319,2026-09-23T17:35:11.0384084-03:00,2026-09-23T17:35:11.0389628-03:00,2026-09-23T17:35:11.077267-03:00,38304,38859,00,
003556,45611,2026-09-23T17:35:11.0434084-03:00,2026-09-23T17:35:11.0440001-03:00,2026-09-23T17:35:11.0672412-03:00,23241,23833,00,
003557,32639,2026-09-23T17:35:11.0484084-03:00,2026-09-23T17:35:11.0486808-03:00,2026-09-23T17:35:11.1282747-03:00,79594,79866,00,
003558,32249,2026-09-23T17:35:11.0534084-03:00,2026-09-23T17:35:11.0538053-03:00,2026-09-23T17:35:11.0766855-03:00,22880,23277,91,
003559,21608,2026-09-23T17:35:11.0584084-03:00,2026-09-23T17:35:11.0589267-03:00,2026-09-23T17:35:11.1427423-03:00,83816,84334,00,
003560,30474,2026-09-23T17:35:11.0634084-03:00,2026-09-23T17:35:11.0635466-03:00,2026-09-23T17:35:11.0875913-03:00,24045,24183,00,
003561,7598,2026-09-23T17:35:11.0684084-03:00,2026-09-23T17:35:11.0686717-03:00,2026-09-23T17:35:11.0912188-03:00,22547,22810,00,
003562,5490,2026-09-23T17:35:11.0734084-03:00,2026-09-23T17:35:11.0737161-03:00,2026-09-23T17:35:11.1021695-03:00,28453,28761,00,
003563,91,2026-09-23T17:35:11.0784084-03:00,2026-09-23T17:35:11.0792384-03:00,2026-09-23T17:35:11.1043656-03:00,25127,25957,00,
003564,38760,2026-09-23T17:35:11.0834084-03:00,2026-09-23T17:35:11.0838594-03:00,2026-09-23T17:35:11.1062098-03:00,22350,22801,00,
003565,30688,2026-09-23T17:35:11.0884084-03:00,2026-09-23T17:35:11.0890467-03:00,2026-09-23T17:35:11.1202685-03:00,31222,31860,51,
003566,32587,2026-09-23T17:35:11.0934084-03:00,2026-09-23T17:35:11.0937844-03:00,2026-09-23T17:35:11.1242104-03:00,30426,30802,51,
003567,23937,2026-09-23T17:35:11.0984084-03:00,2026-09-23T17:35:11.0988896-03:00,2026-09-23T17:35:11.1227846-03:00,23895,24376,00,
003568,27756,2026-09-23T17:35:11.1034084-03:00,2026-09-23T17:35:11.1037319-03:00,2026-09-23T17:35:11.1278335-03:00,24102,24425,00,
003569,19458,2026-09-23T17:35:11.1084084-03:00,2026-09-23T17:35:11.1093204-03:00,2026-09-23T17:35:11.1344081-03:00,25088,26000,00,
003570,15962,2026-09-23T17:35:11.1134084-03:00,2026-09-23T17:35:11.1139547-03:00,2026-09-23T17:35:11.1392062-03:00,25252,25798,00,
003571,42940,2026-09-23T17:35:11.1184084-03:00,2026-09-23T17:35:11.1185668-03:00,2026-09-23T17:35:11.1481579-03:00,29591,29750,00,
003572,17130,2026-09-23T17:35:11.1234084-03:00,2026-09-23T17:35:11.1238024-03:00,2026-09-23T17:35:11.1460856-03:00,22283,22677,00,
003573,39691,2026-09-23T17:35:11.1284084-03:00,2026-09-23T17:35:11.1287247-03:00,2026-09-23T17:35:11.1522254-03:00,23501,23817,00,
003574,44350,2026-09-23T17:35:11.1334084-03:00,2026-09-23T17:35:11.1337945-03:00,2026-09-23T17:35:11.1768478-03:00,43053,43439,00,
003575,48868,2026-09-23T17:35:11.1384084-03:00,2026-09-23T17:35:11.1390742-03:00,2026-09-23T17:35:11.1885336-03:00,49459,50125,00,
003576,34171,2026-09-23T17:35:11.1434084-03:00,2026-09-23T17:35:11.1436274-03:00,2026-09-23T17:35:11.1679982-03:00,24371,24590,00,
003577,819,2026-09-23T17:35:11.1484084-03:00,2026-09-23T17:35:11.1490951-03:00,2026-09-23T17:35:11.1885531-03:00,39458,40145,00,
003578,23391,2026-09-23T17:35:11.1534084-03:00,2026-09-23T17:35:11.1537323-03:00,2026-09-23T17:35:11.1856854-03:00,31953,32277,00,
003579,32352,2026-09-23T17:35:11.1584084-03:00,2026-09-23T17:35:11.1588089-03:00,2026-09-23T17:35:11.1856668-03:00,26858,27258,00,
003580,28858,2026-09-23T17:35:11.1634084-03:00,2026-09-23T17:35:11.1638476-03:00,2026-09-23T17:35:11.1913173-03:00,27470,27909,00,
003581,6519,2026-09-23T17:35:11.1684084-03:00,2026-09-23T17:35:11.1689429-03:00,2026-09-23T17:35:11.195461-03:00,26518,27053,00,
003582,3280,2026-09-23T17:35:11.1734084-03:00,2026-09-23T17:35:11.173952-03:00,2026-09-23T17:35:11.2014779-03:00,27526,28070,00,
003583,41654,2026-09-23T17:35:11.1784084-03:00,2026-09-23T17:35:11.1788591-03:00,2026-09-23T17:35:11.2039531-03:00,25094,25545,00,
003584,23032,2026-09-23T17:35:11.1834084-03:00,2026-09-23T17:35:11.1839625-03:00,2026-09-23T17:35:11.2101894-03:00,26227,26781,05,
003585,25984,2026-09-23T17:35:11.1884084-03:00,2026-09-23T17:35:11.1892874-03:00,2026-09-23T17:35:11.2205611-03:00,31274,32153,00,
003586,426,2026-09-23T17:35:11.1934084-03:00,2026-09-23T17:35:11.1937793-03:00,2026-09-23T17:35:11.2174015-03:00,23622,23993,00,
003587,28059,2026-09-23T17:35:11.1984084-03:00,2026-09-23T17:35:11.1988819-03:00,2026-09-23T17:35:11.2256673-03:00,26785,27259,00,
003588,41295,2026-09-23T17:35:11.2034084-03:00,2026-09-23T17:35:11.2038887-03:00,2026-09-23T17:35:11.2324998-03:00,28611,29091,91,
003589,40187,2026-09-23T17:35:11.2084084-03:00,2026-09-23T17:35:11.208942-03:00,2026-09-23T17:35:11.2324822-03:00,23540,24074,00,
003590,4526,2026-09-23T17:35:11.2134084-03:00,2026-09-23T17:35:11.2137465-03:00,2026-09-23T17:35:11.2602303-03:00,46484,46822,00,
003591,43535,2026-09-23T17:35:11.2184084-03:00,2026-09-23T17:35:11.2189236-03:00,2026-09-23T17:35:11.246042-03:00,27118,27634,00,
003592,39218,2026-09-23T17:35:11.2234084-03:00,2026-09-23T17:35:11.2239252-03:00,2026-09-23T17:35:11.2672854-03:00,43360,43877,00,
003593,39167,2026-09-23T17:35:11.2284084-03:00,2026-09-23T17:35:11.2287542-03:00,2026-09-23T17:35:11.2608466-03:00,32092,32438,00,
003594,49956,2026-09-23T17:35:11.2334084-03:00,2026-09-23T17:35:11.2340836-03:00,2026-09-23T17:35:11.2579449-03:00,23861,24537,00,
003595,17703,2026-09-23T17:35:11.2384084-03:00,2026-09-23T17:35:11.2388062-03:00,2026-09-23T17:35:11.2723765-03:00,33570,33968,00,
003596,41383,2026-09-23T17:35:11.2434084-03:00,2026-09-23T17:35:11.2438175-03:00,2026-09-23T17:35:11.2672875-03:00,23470,23879,00,
003597,47881,2026-09-23T17:35:11.2484084-03:00,2026-09-23T17:35:11.2486496-03:00,2026-09-23T17:35:11.2742822-03:00,25633,25874,00,
003598,47985,2026-09-23T17:35:11.2534084-03:00,2026-09-23T17:35:11.2543157-03:00,2026-09-23T17:35:11.2777707-03:00,23455,24362,00,
003599,5936,2026-09-23T17:35:11.2584084-03:00,2026-09-23T17:35:11.2589898-03:00,2026-09-23T17:35:11.2909717-03:00,31982,32563,00,
003600,36954,2026-09-23T17:35:11.2634084-03:00,2026-09-23T17:35:11.2640341-03:00,2026-09-23T17:35:11.2909717-03:00,26938,27563,00,
003601,31370,2026-09-23T17:35:11.2684084-03:00,2026-09-23T17:35:11.2688463-03:00,2026-09-23T17:35:11.2943131-03:00,25467,25905,00,
003602,46848,2026-09-23T17:35:11.2734084-03:00,2026-09-23T17:35:11.2741646-03:00,2026-09-23T17:35:11.3272603-03:00,53096,53852,00,
003603,35259,2026-09-23T17:35:11.2784084-03:00,2026-09-23T17:35:11.278766-03:00,2026-09-23T17:35:11.3009089-03:00,22143,22501,00,
003604,32863,2026-09-23T17:35:11.2834084-03:00,2026-09-23T17:35:11.2839359-03:00,2026-09-23T17:35:11.3394195-03:00,55484,56011,51,
003605,17517,2026-09-23T17:35:11.2884084-03:00,2026-09-23T17:35:11.2885646-03:00,2026-09-23T17:35:11.3216003-03:00,33036,33192,00,
003606,47543,2026-09-23T17:35:11.2934084-03:00,2026-09-23T17:35:11.2940856-03:00,2026-09-23T17:35:11.3163135-03:00,22228,22905,00,
003607,4467,2026-09-23T17:35:11.2984084-03:00,2026-09-23T17:35:11.2991996-03:00,2026-09-23T17:35:11.358329-03:00,59129,59921,00,
003608,18942,2026-09-23T17:35:11.3034084-03:00,2026-09-23T17:35:11.3039652-03:00,2026-09-23T17:35:11.3272646-03:00,23299,23856,00,
003609,18345,2026-09-23T17:35:11.3084084-03:00,2026-09-23T17:35:11.3089844-03:00,2026-09-23T17:35:11.3421444-03:00,33160,33736,00,
003610,9257,2026-09-23T17:35:11.3134084-03:00,2026-09-23T17:35:11.3136074-03:00,2026-09-23T17:35:11.3367517-03:00,23144,23343,00,
003611,40308,2026-09-23T17:35:11.3184084-03:00,2026-09-23T17:35:11.3188841-03:00,2026-09-23T17:35:11.3410262-03:00,22142,22618,00,
003612,44869,2026-09-23T17:35:11.3234084-03:00,2026-09-23T17:35:11.323658-03:00,2026-09-23T17:35:11.357815-03:00,34157,34407,00,
003613,35310,2026-09-23T17:35:11.3284084-03:00,2026-09-23T17:35:11.3288308-03:00,2026-09-23T17:35:11.3514614-03:00,22631,23053,00,
003614,3114,2026-09-23T17:35:11.3334084-03:00,2026-09-23T17:35:11.3339987-03:00,2026-09-23T17:35:11.3605132-03:00,26515,27105,00,
003615,9078,2026-09-23T17:35:11.3384084-03:00,2026-09-23T17:35:11.3388934-03:00,2026-09-23T17:35:11.3789831-03:00,40090,40575,00,
003616,43803,2026-09-23T17:35:11.3434084-03:00,2026-09-23T17:35:11.343647-03:00,2026-09-23T17:35:11.3678646-03:00,24218,24456,00,
003617,35734,2026-09-23T17:35:11.3484084-03:00,2026-09-23T17:35:11.3487652-03:00,2026-09-23T17:35:11.3772907-03:00,28526,28882,00,
003618,42477,2026-09-23T17:35:11.3534084-03:00,2026-09-23T17:35:11.3540523-03:00,2026-09-23T17:35:11.3778789-03:00,23827,24471,00,
003619,27048,2026-09-23T17:35:11.3584084-03:00,2026-09-23T17:35:11.3588177-03:00,2026-09-23T17:35:11.3853231-03:00,26505,26915,00,
003620,3050,2026-09-23T17:35:11.3634084-03:00,2026-09-23T17:35:11.3636138-03:00,2026-09-23T17:35:11.3874202-03:00,23806,24012,00,
003621,10161,2026-09-23T17:35:11.3684084-03:00,2026-09-23T17:35:11.368979-03:00,2026-09-23T17:35:11.3988642-03:00,29885,30456,00,
003622,49924,2026-09-23T17:35:11.3734084-03:00,2026-09-23T17:35:11.3736267-03:00,2026-09-23T17:35:11.4031236-03:00,29497,29715,00,
003623,24453,2026-09-23T17:35:11.3784084-03:00,2026-09-23T17:35:11.3789208-03:00,2026-09-23T17:35:11.4276388-03:00,48718,49230,00,
003624,43692,2026-09-23T17:35:11.3834084-03:00,2026-09-23T17:35:11.384079-03:00,2026-09-23T17:35:11.4890455-03:00,104967,105637,00,
003625,6668,2026-09-23T17:35:11.3884084-03:00,2026-09-23T17:35:11.3889802-03:00,2026-09-23T17:35:11.4121022-03:00,23122,23694,00,
003626,40192,2026-09-23T17:35:11.3934084-03:00,2026-09-23T17:35:11.3940234-03:00,2026-09-23T17:35:11.4169226-03:00,22899,23514,00,
003627,21207,2026-09-23T17:35:11.3984084-03:00,2026-09-23T17:35:11.3986811-03:00,2026-09-23T17:35:11.4304349-03:00,31754,32027,00,
003628,5103,2026-09-23T17:35:11.4034084-03:00,2026-09-23T17:35:11.4036564-03:00,2026-09-23T17:35:11.4343153-03:00,30659,30907,00,
003629,1653,2026-09-23T17:35:11.4084084-03:00,2026-09-23T17:35:11.4088761-03:00,2026-09-23T17:35:11.43106-03:00,22184,22652,00,
003630,46322,2026-09-23T17:35:11.4134084-03:00,2026-09-23T17:35:11.4136557-03:00,2026-09-23T17:35:11.4392729-03:00,25617,25865,00,
003631,35457,2026-09-23T17:35:11.4184084-03:00,2026-09-23T17:35:11.418932-03:00,2026-09-23T17:35:11.4497133-03:00,30781,31305,00,
003632,46455,2026-09-23T17:35:11.4234084-03:00,2026-09-23T17:35:11.4236783-03:00,2026-09-23T17:35:11.4569307-03:00,33252,33522,00,
003633,49777,2026-09-23T17:35:11.4284084-03:00,2026-09-23T17:35:11.4291539-03:00,2026-09-23T17:35:11.4502346-03:00,21081,21826,51,
003634,29934,2026-09-23T17:35:11.4334084-03:00,2026-09-23T17:35:11.4341239-03:00,2026-09-23T17:35:11.4706258-03:00,36502,37217,00,
003635,1282,2026-09-23T17:35:11.4384084-03:00,2026-09-23T17:35:11.4391929-03:00,2026-09-23T17:35:11.4637668-03:00,24574,25358,05,
003636,17902,2026-09-23T17:35:11.4434084-03:00,2026-09-23T17:35:11.4438073-03:00,2026-09-23T17:35:11.4722943-03:00,28487,28886,00,
003637,35830,2026-09-23T17:35:11.4484084-03:00,2026-09-23T17:35:11.4489479-03:00,2026-09-23T17:35:11.477333-03:00,28385,28925,05,
003638,30043,2026-09-23T17:35:11.4534084-03:00,2026-09-23T17:35:11.453757-03:00,2026-09-23T17:35:11.4757377-03:00,21981,22329,00,
003639,9357,2026-09-23T17:35:11.4584084-03:00,2026-09-23T17:35:11.4589908-03:00,2026-09-23T17:35:11.4812246-03:00,22234,22816,05,
003640,48284,2026-09-23T17:35:11.4634084-03:00,2026-09-23T17:35:11.4636695-03:00,2026-09-23T17:35:11.4958846-03:00,32215,32476,00,
003641,18216,2026-09-23T17:35:11.4684084-03:00,2026-09-23T17:35:11.4688696-03:00,2026-09-23T17:35:11.4934727-03:00,24603,25064,00,
003642,31500,2026-09-23T17:35:11.4734084-03:00,2026-09-23T17:35:11.4738402-03:00,2026-09-23T17:35:11.4975281-03:00,23688,24120,00,
003643,33743,2026-09-23T17:35:11.4784084-03:00,2026-09-23T17:35:11.4789242-03:00,2026-09-23T17:35:11.5022991-03:00,23375,23891,00,
003644,8852,2026-09-23T17:35:11.4834084-03:00,2026-09-23T17:35:11.4837661-03:00,2026-09-23T17:35:11.5092733-03:00,25507,25865,00,
003645,45051,2026-09-23T17:35:11.4884084-03:00,2026-09-23T17:35:11.4889474-03:00,2026-09-23T17:35:11.5143656-03:00,25418,25957,00,
003646,48916,2026-09-23T17:35:11.4934084-03:00,2026-09-23T17:35:11.4937474-03:00,2026-09-23T17:35:11.5256805-03:00,31933,32272,00,
003647,43070,2026-09-23T17:35:11.4984084-03:00,2026-09-23T17:35:11.498603-03:00,2026-09-23T17:35:11.5212836-03:00,22681,22875,14,
003648,41936,2026-09-23T17:35:11.5034084-03:00,2026-09-23T17:35:11.5038735-03:00,2026-09-23T17:35:11.5340202-03:00,30147,30612,00,
003649,319,2026-09-23T17:35:11.5084084-03:00,2026-09-23T17:35:11.5091192-03:00,2026-09-23T17:35:11.5329932-03:00,23874,24585,05,
003650,32992,2026-09-23T17:35:11.5134084-03:00,2026-09-23T17:35:11.5141084-03:00,2026-09-23T17:35:11.5351598-03:00,21051,21751,14,
003651,43607,2026-09-23T17:35:11.5184084-03:00,2026-09-23T17:35:11.5190689-03:00,2026-09-23T17:35:11.5424499-03:00,23381,24042,00,
003652,27119,2026-09-23T17:35:11.5234084-03:00,2026-09-23T17:35:11.5238571-03:00,2026-09-23T17:35:11.547051-03:00,23194,23643,00,
003653,25324,2026-09-23T17:35:11.5284084-03:00,2026-09-23T17:35:11.5287342-03:00,2026-09-23T17:35:11.5588587-03:00,30125,30450,00,
003654,18909,2026-09-23T17:35:11.5334084-03:00,2026-09-23T17:35:11.5339513-03:00,2026-09-23T17:35:11.5684089-03:00,34458,35001,05,
003655,16623,2026-09-23T17:35:11.5384084-03:00,2026-09-23T17:35:11.5387313-03:00,2026-09-23T17:35:11.5605807-03:00,21849,22172,00,
003656,46922,2026-09-23T17:35:11.5434084-03:00,2026-09-23T17:35:11.5439686-03:00,2026-09-23T17:35:11.5754088-03:00,31440,32000,00,
003657,48919,2026-09-23T17:35:11.5484084-03:00,2026-09-23T17:35:11.5485951-03:00,2026-09-23T17:35:11.5721505-03:00,23555,23742,00,
003658,33856,2026-09-23T17:35:11.5534084-03:00,2026-09-23T17:35:11.5536033-03:00,2026-09-23T17:35:11.5785409-03:00,24938,25133,00,
003659,42731,2026-09-23T17:35:11.5584084-03:00,2026-09-23T17:35:11.5587768-03:00,2026-09-23T17:35:11.5810731-03:00,22296,22665,00,
003660,20818,2026-09-23T17:35:11.5634084-03:00,2026-09-23T17:35:11.5636731-03:00,2026-09-23T17:35:11.5955554-03:00,31882,32147,00,
003661,31789,2026-09-23T17:35:11.5684084-03:00,2026-09-23T17:35:11.56891-03:00,2026-09-23T17:35:11.5922689-03:00,23359,23861,00,
003662,29770,2026-09-23T17:35:11.5734084-03:00,2026-09-23T17:35:11.5742528-03:00,2026-09-23T17:35:11.5955701-03:00,21317,22162,91,
003663,40246,2026-09-23T17:35:11.5784084-03:00,2026-09-23T17:35:11.5785645-03:00,2026-09-23T17:35:11.6023775-03:00,23813,23969,00,
003664,30360,2026-09-23T17:35:11.5834084-03:00,2026-09-23T17:35:11.5836505-03:00,2026-09-23T17:35:11.6073909-03:00,23740,23983,00,
003665,40792,2026-09-23T17:35:11.5884084-03:00,2026-09-23T17:35:11.5887723-03:00,2026-09-23T17:35:11.6131614-03:00,24389,24753,00,
003666,11661,2026-09-23T17:35:11.5934084-03:00,2026-09-23T17:35:11.5938842-03:00,2026-09-23T17:35:11.6182744-03:00,24390,24866,00,
003667,42891,2026-09-23T17:35:11.5984084-03:00,2026-09-23T17:35:11.5986167-03:00,2026-09-23T17:35:11.6206447-03:00,22028,22236,00,
003668,14129,2026-09-23T17:35:11.6034084-03:00,2026-09-23T17:35:11.6039594-03:00,2026-09-23T17:35:11.6287827-03:00,24823,25374,05,
003669,48066,2026-09-23T17:35:11.6084084-03:00,2026-09-23T17:35:11.6089519-03:00,2026-09-23T17:35:11.659273-03:00,50321,50865,00,
003670,19256,2026-09-23T17:35:11.6134084-03:00,2026-09-23T17:35:11.6135568-03:00,2026-09-23T17:35:11.6468514-03:00,33295,33443,00,
003671,34647,2026-09-23T17:35:11.6184084-03:00,2026-09-23T17:35:11.6186688-03:00,2026-09-23T17:35:11.6522169-03:00,33548,33809,00,
003672,12635,2026-09-23T17:35:11.6234084-03:00,2026-09-23T17:35:11.6240893-03:00,2026-09-23T17:35:11.6468464-03:00,22757,23438,00,
003673,16620,2026-09-23T17:35:11.6284084-03:00,2026-09-23T17:35:11.6288145-03:00,2026-09-23T17:35:11.6570505-03:00,28236,28642,51,
003674,33575,2026-09-23T17:35:11.6334084-03:00,2026-09-23T17:35:11.6337665-03:00,2026-09-23T17:35:11.6693209-03:00,35554,35913,05,
003675,3625,2026-09-23T17:35:11.6384084-03:00,2026-09-23T17:35:11.6385288-03:00,2026-09-23T17:35:11.6670472-03:00,28518,28639,00,
003676,4025,2026-09-23T17:35:11.6434084-03:00,2026-09-23T17:35:11.6435214-03:00,2026-09-23T17:35:11.667625-03:00,24104,24217,14,
003677,37867,2026-09-23T17:35:11.6484084-03:00,2026-09-23T17:35:11.6489415-03:00,2026-09-23T17:35:11.705604-03:00,56663,57196,14,
003678,40107,2026-09-23T17:35:11.6534084-03:00,2026-09-23T17:35:11.6537794-03:00,2026-09-23T17:35:11.6833828-03:00,29603,29974,00,
003679,664,2026-09-23T17:35:11.6584084-03:00,2026-09-23T17:35:11.6591553-03:00,2026-09-23T17:35:11.688656-03:00,29501,30248,00,
003680,31013,2026-09-23T17:35:11.6634084-03:00,2026-09-23T17:35:11.6638215-03:00,2026-09-23T17:35:11.6892357-03:00,25414,25827,00,
003681,4582,2026-09-23T17:35:11.6684084-03:00,2026-09-23T17:35:11.6686686-03:00,2026-09-23T17:35:11.7022948-03:00,33626,33886,00,
003682,7274,2026-09-23T17:35:11.6734084-03:00,2026-09-23T17:35:11.6739555-03:00,2026-09-23T17:35:11.7108915-03:00,36936,37483,00,
003683,11178,2026-09-23T17:35:11.6784084-03:00,2026-09-23T17:35:11.6786033-03:00,2026-09-23T17:35:11.7006377-03:00,22034,22229,00,
003684,31134,2026-09-23T17:35:11.6834084-03:00,2026-09-23T17:35:11.6838284-03:00,2026-09-23T17:35:11.7209981-03:00,37170,37590,00,
003685,27168,2026-09-23T17:35:11.6884084-03:00,2026-09-23T17:35:11.6885572-03:00,2026-09-23T17:35:11.7140354-03:00,25478,25627,00,
003686,45230,2026-09-23T17:35:11.6934084-03:00,2026-09-23T17:35:11.6937136-03:00,2026-09-23T17:35:11.7146467-03:00,20933,21238,00,
003687,7693,2026-09-23T17:35:11.6984084-03:00,2026-09-23T17:35:11.6988837-03:00,2026-09-23T17:35:11.7241757-03:00,25292,25767,00,
003688,13181,2026-09-23T17:35:11.7034084-03:00,2026-09-23T17:35:11.7038766-03:00,2026-09-23T17:35:11.7286255-03:00,24749,25217,00,
003689,8648,2026-09-23T17:35:11.7084084-03:00,2026-09-23T17:35:11.7086469-03:00,2026-09-23T17:35:11.7329051-03:00,24258,24497,05,
003690,39697,2026-09-23T17:35:11.7134084-03:00,2026-09-23T17:35:11.7139689-03:00,2026-09-23T17:35:11.7388729-03:00,24904,25465,51,
003691,49041,2026-09-23T17:35:11.7184084-03:00,2026-09-23T17:35:11.7186502-03:00,2026-09-23T17:35:11.757213-03:00,38563,38805,00,
003692,5253,2026-09-23T17:35:11.7234084-03:00,2026-09-23T17:35:11.7241986-03:00,2026-09-23T17:35:11.746766-03:00,22567,23358,00,
003693,28349,2026-09-23T17:35:11.7284084-03:00,2026-09-23T17:35:11.7284564-03:00,2026-09-23T17:35:11.7507835-03:00,22327,22375,00,
003694,44279,2026-09-23T17:35:11.7334084-03:00,2026-09-23T17:35:11.7339938-03:00,2026-09-23T17:35:11.7590048-03:00,25011,25596,91,
003695,1293,2026-09-23T17:35:11.7384084-03:00,2026-09-23T17:35:11.7385027-03:00,2026-09-23T17:35:11.7623315-03:00,23829,23923,00,
003696,12766,2026-09-23T17:35:11.7434084-03:00,2026-09-23T17:35:11.7439566-03:00,2026-09-23T17:35:11.7881984-03:00,44242,44790,00,
003697,36762,2026-09-23T17:35:11.7484084-03:00,2026-09-23T17:35:11.749046-03:00,2026-09-23T17:35:11.7706703-03:00,21624,22262,00,
003698,4597,2026-09-23T17:35:11.7534084-03:00,2026-09-23T17:35:11.7534673-03:00,2026-09-23T17:35:11.7786559-03:00,25189,25248,00,
003699,4229,2026-09-23T17:35:11.7584084-03:00,2026-09-23T17:35:11.7588531-03:00,2026-09-23T17:35:11.7872284-03:00,28375,28820,00,
003700,12482,2026-09-23T17:35:11.7634084-03:00,2026-09-23T17:35:11.7639069-03:00,2026-09-23T17:35:11.7877216-03:00,23815,24313,00,
003701,43290,2026-09-23T17:35:11.7684084-03:00,2026-09-23T17:35:11.7685085-03:00,2026-09-23T17:35:11.7985554-03:00,30047,30147,00,
003702,30341,2026-09-23T17:35:11.7734084-03:00,2026-09-23T17:35:11.7737564-03:00,2026-09-23T17:35:11.8006387-03:00,26882,27230,00,
003703,26252,2026-09-23T17:35:11.7784084-03:00,2026-09-23T17:35:11.7786796-03:00,2026-09-23T17:35:11.8027085-03:00,24029,24300,05,
003704,15292,2026-09-23T17:35:11.7834084-03:00,2026-09-23T17:35:11.7835136-03:00,2026-09-23T17:35:11.8126777-03:00,29164,29269,00,
003705,45203,2026-09-23T17:35:11.7884084-03:00,2026-09-23T17:35:11.7886528-03:00,2026-09-23T17:35:11.8287663-03:00,40114,40358,00,
003706,4720,2026-09-23T17:35:11.7934084-03:00,2026-09-23T17:35:11.7938441-03:00,2026-09-23T17:35:11.8164765-03:00,22632,23068,00,
003707,36223,2026-09-23T17:35:11.7984084-03:00,2026-09-23T17:35:11.7985731-03:00,2026-09-23T17:35:11.8558125-03:00,57239,57404,00,
003708,6728,2026-09-23T17:35:11.8034084-03:00,2026-09-23T17:35:11.8037697-03:00,2026-09-23T17:35:11.8324144-03:00,28645,29006,00,
003709,36621,2026-09-23T17:35:11.8084084-03:00,2026-09-23T17:35:11.8089018-03:00,2026-09-23T17:35:11.8362226-03:00,27321,27814,00,
003710,5301,2026-09-23T17:35:11.8134084-03:00,2026-09-23T17:35:11.8137436-03:00,2026-09-23T17:35:11.8396033-03:00,25860,26195,00,
003711,2330,2026-09-23T17:35:11.8184084-03:00,2026-09-23T17:35:11.8190666-03:00,2026-09-23T17:35:11.8606301-03:00,41564,42222,00,
003712,35279,2026-09-23T17:35:11.8234084-03:00,2026-09-23T17:35:11.8237485-03:00,2026-09-23T17:35:11.8512959-03:00,27547,27888,51,
003713,10546,2026-09-23T17:35:11.8284084-03:00,2026-09-23T17:35:11.8286276-03:00,2026-09-23T17:35:11.852399-03:00,23771,23991,00,
003714,23891,2026-09-23T17:35:11.8334084-03:00,2026-09-23T17:35:11.8339948-03:00,2026-09-23T17:35:11.8612717-03:00,27277,27863,00,
003715,22336,2026-09-23T17:35:11.8384084-03:00,2026-09-23T17:35:11.8388027-03:00,2026-09-23T17:35:11.8863068-03:00,47504,47898,05,
003716,7884,2026-09-23T17:35:11.8434084-03:00,2026-09-23T17:35:11.8439596-03:00,2026-09-23T17:35:11.8772044-03:00,33245,33796,00,
003717,47117,2026-09-23T17:35:11.8484084-03:00,2026-09-23T17:35:11.8490796-03:00,2026-09-23T17:35:11.9150558-03:00,65976,66647,00,
003718,34012,2026-09-23T17:35:11.8534084-03:00,2026-09-23T17:35:11.8539347-03:00,2026-09-23T17:35:11.8799332-03:00,25999,26525,00,
003719,36565,2026-09-23T17:35:11.8584084-03:00,2026-09-23T17:35:11.8589515-03:00,2026-09-23T17:35:11.8831327-03:00,24181,24724,00,
003720,36915,2026-09-23T17:35:11.8634084-03:00,2026-09-23T17:35:11.8637866-03:00,2026-09-23T17:35:11.8976629-03:00,33876,34255,05,
003721,47962,2026-09-23T17:35:11.8684084-03:00,2026-09-23T17:35:11.8689369-03:00,2026-09-23T17:35:11.8929504-03:00,24014,24542,00,
003722,47132,2026-09-23T17:35:11.8734084-03:00,2026-09-23T17:35:11.8737451-03:00,2026-09-23T17:35:11.9059528-03:00,32208,32544,51,
003723,5259,2026-09-23T17:35:11.8784084-03:00,2026-09-23T17:35:11.8787781-03:00,2026-09-23T17:35:11.9107408-03:00,31963,32332,00,
003724,14462,2026-09-23T17:35:11.8834084-03:00,2026-09-23T17:35:11.8841134-03:00,2026-09-23T17:35:11.934675-03:00,50562,51267,00,
003725,16518,2026-09-23T17:35:11.8884084-03:00,2026-09-23T17:35:11.8888769-03:00,2026-09-23T17:35:11.9357852-03:00,46908,47377,00,
003726,33667,2026-09-23T17:35:11.8934084-03:00,2026-09-23T17:35:11.8940015-03:00,2026-09-23T17:35:11.9176842-03:00,23683,24276,00,
003727,21531,2026-09-23T17:35:11.8984084-03:00,2026-09-23T17:35:11.8990895-03:00,2026-09-23T17:35:11.9266439-03:00,27554,28236,00,
003728,48682,2026-09-23T17:35:11.9034084-03:00,2026-09-23T17:35:11.9036908-03:00,2026-09-23T17:35:11.9299291-03:00,26238,26521,00,
003729,49086,2026-09-23T17:35:11.9084084-03:00,2026-09-23T17:35:11.9089806-03:00,2026-09-23T17:35:11.9357674-03:00,26787,27359,00,
003730,38608,2026-09-23T17:35:11.9134084-03:00,2026-09-23T17:35:11.9138326-03:00,2026-09-23T17:35:11.9407966-03:00,26964,27388,00,
003731,23786,2026-09-23T17:35:11.9184084-03:00,2026-09-23T17:35:11.918747-03:00,2026-09-23T17:35:11.9464321-03:00,27685,28024,00,
003732,41316,2026-09-23T17:35:11.9234084-03:00,2026-09-23T17:35:11.9238885-03:00,2026-09-23T17:35:11.9485537-03:00,24665,25145,00,
003733,22119,2026-09-23T17:35:11.9284084-03:00,2026-09-23T17:35:11.9286982-03:00,2026-09-23T17:35:11.9520656-03:00,23367,23657,00,
003734,3051,2026-09-23T17:35:11.9334084-03:00,2026-09-23T17:35:11.9340292-03:00,2026-09-23T17:35:11.9645452-03:00,30516,31137,51,
003735,44653,2026-09-23T17:35:11.9384084-03:00,2026-09-23T17:35:11.9388819-03:00,2026-09-23T17:35:12.0185191-03:00,79637,80111,00,
003736,15455,2026-09-23T17:35:11.9434084-03:00,2026-09-23T17:35:11.944241-03:00,2026-09-23T17:35:11.9677172-03:00,23476,24309,00,
003737,40870,2026-09-23T17:35:11.9484084-03:00,2026-09-23T17:35:11.9485729-03:00,2026-09-23T17:35:11.9710427-03:00,22470,22634,00,
003738,15460,2026-09-23T17:35:11.9534084-03:00,2026-09-23T17:35:11.9536141-03:00,2026-09-23T17:35:11.9880779-03:00,34464,34670,00,
003739,1965,2026-09-23T17:35:11.9584084-03:00,2026-09-23T17:35:11.9587161-03:00,2026-09-23T17:35:11.9820054-03:00,23289,23597,00,
003740,2223,2026-09-23T17:35:11.9634084-03:00,2026-09-23T17:35:11.9638746-03:00,2026-09-23T17:35:11.9869608-03:00,23086,23552,51,
003741,10881,2026-09-23T17:35:11.9684084-03:00,2026-09-23T17:35:11.9688177-03:00,2026-09-23T17:35:11.9935112-03:00,24694,25103,00,
003742,4184,2026-09-23T17:35:11.9734084-03:00,2026-09-23T17:35:11.9736962-03:00,2026-09-23T17:35:12.0023988-03:00,28703,28990,00,
003743,22260,2026-09-23T17:35:11.9784084-03:00,2026-09-23T17:35:11.9787533-03:00,2026-09-23T17:35:12.0003907-03:00,21637,21982,00,
003744,44628,2026-09-23T17:35:11.9834084-03:00,2026-09-23T17:35:11.9840865-03:00,2026-09-23T17:35:12.0133919-03:00,29305,29984,00,
003745,17692,2026-09-23T17:35:11.9884084-03:00,2026-09-23T17:35:11.9886002-03:00,2026-09-23T17:35:12.0109321-03:00,22332,22524,00,
003746,24281,2026-09-23T17:35:11.9934084-03:00,2026-09-23T17:35:11.9938566-03:00,2026-09-23T17:35:12.0239407-03:00,30084,30532,00,
003747,45683,2026-09-23T17:35:11.9984084-03:00,2026-09-23T17:35:11.9986967-03:00,2026-09-23T17:35:12.0415876-03:00,42891,43179,00,
003748,1358,2026-09-23T17:35:12.0034084-03:00,2026-09-23T17:35:12.003961-03:00,2026-09-23T17:35:12.0320262-03:00,28065,28618,00,
003749,40056,2026-09-23T17:35:12.0084084-03:00,2026-09-23T17:35:12.009071-03:00,2026-09-23T17:35:12.0320357-03:00,22965,23627,51,
003750,24192,2026-09-23T17:35:12.0134084-03:00,2026-09-23T17:35:12.0138494-03:00,2026-09-23T17:35:12.0421736-03:00,28324,28765,00,
003751,28731,2026-09-23T17:35:12.0184084-03:00,2026-09-23T17:35:12.0185386-03:00,2026-09-23T17:35:12.0394305-03:00,20892,21022,00,
003752,40447,2026-09-23T17:35:12.0234084-03:00,2026-09-23T17:35:12.023788-03:00,2026-09-23T17:35:12.0519676-03:00,28180,28559,00,
003753,9859,2026-09-23T17:35:12.0284084-03:00,2026-09-23T17:35:12.0287777-03:00,2026-09-23T17:35:12.0546284-03:00,25851,26220,00,
003754,7128,2026-09-23T17:35:12.0334084-03:00,2026-09-23T17:35:12.0335886-03:00,2026-09-23T17:35:12.0551861-03:00,21598,21778,00,
003755,49950,2026-09-23T17:35:12.0384084-03:00,2026-09-23T17:35:12.0389279-03:00,2026-09-23T17:35:12.0698455-03:00,30918,31437,00,
003756,206,2026-09-23T17:35:12.0434084-03:00,2026-09-23T17:35:12.0436636-03:00,2026-09-23T17:35:12.0661271-03:00,22464,22719,00,
003757,47039,2026-09-23T17:35:12.0484084-03:00,2026-09-23T17:35:12.0487765-03:00,2026-09-23T17:35:12.0703969-03:00,21620,21989,00,
003758,42439,2026-09-23T17:35:12.0534084-03:00,2026-09-23T17:35:12.0540429-03:00,2026-09-23T17:35:12.0802393-03:00,26196,26831,00,
003759,14246,2026-09-23T17:35:12.0584084-03:00,2026-09-23T17:35:12.0587197-03:00,2026-09-23T17:35:12.0850134-03:00,26294,26605,00,
003760,22374,2026-09-23T17:35:12.0634084-03:00,2026-09-23T17:35:12.0639451-03:00,2026-09-23T17:35:12.0940724-03:00,30127,30664,00,
003761,20477,2026-09-23T17:35:12.0684084-03:00,2026-09-23T17:35:12.0686724-03:00,2026-09-23T17:35:12.1080076-03:00,39335,39599,00,
003762,49160,2026-09-23T17:35:12.0734084-03:00,2026-09-23T17:35:12.0738794-03:00,2026-09-23T17:35:12.1045247-03:00,30645,31116,00,
003763,41916,2026-09-23T17:35:12.0784084-03:00,2026-09-23T17:35:12.0789996-03:00,2026-09-23T17:35:12.1049854-03:00,25986,26577,00,
003764,3504,2026-09-23T17:35:12.0834084-03:00,2026-09-23T17:35:12.0837807-03:00,2026-09-23T17:35:12.1159045-03:00,32124,32496,00,
003765,28011,2026-09-23T17:35:12.0884084-03:00,2026-09-23T17:35:12.0887157-03:00,2026-09-23T17:35:12.1226222-03:00,33907,34214,05,
003766,6013,2026-09-23T17:35:12.0934084-03:00,2026-09-23T17:35:12.0938195-03:00,2026-09-23T17:35:12.1158889-03:00,22069,22481,00,
003767,19596,2026-09-23T17:35:12.0984084-03:00,2026-09-23T17:35:12.0988839-03:00,2026-09-23T17:35:12.1303797-03:00,31496,31971,00,
003768,19843,2026-09-23T17:35:12.1034084-03:00,2026-09-23T17:35:12.1041326-03:00,2026-09-23T17:35:12.1292501-03:00,25118,25842,51,
003769,8557,2026-09-23T17:35:12.1084084-03:00,2026-09-23T17:35:12.1084665-03:00,2026-09-23T17:35:12.1382498-03:00,29783,29841,00,
003770,5307,2026-09-23T17:35:12.1134084-03:00,2026-09-23T17:35:12.1136586-03:00,2026-09-23T17:35:12.1398772-03:00,26219,26469,00,
003771,870,2026-09-23T17:35:12.1184084-03:00,2026-09-23T17:35:12.1189928-03:00,2026-09-23T17:35:12.1451737-03:00,26181,26765,00,
003772,15080,2026-09-23T17:35:12.1234084-03:00,2026-09-23T17:35:12.1241662-03:00,2026-09-23T17:35:12.1525149-03:00,28349,29107,00,
003773,35700,2026-09-23T17:35:12.1284084-03:00,2026-09-23T17:35:12.1286251-03:00,2026-09-23T17:35:12.1690765-03:00,40451,40668,00,
003774,10962,2026-09-23T17:35:12.1334084-03:00,2026-09-23T17:35:12.1339338-03:00,2026-09-23T17:35:12.1578143-03:00,23881,24406,00,
003775,23276,2026-09-23T17:35:12.1384084-03:00,2026-09-23T17:35:12.1391667-03:00,2026-09-23T17:35:12.1616854-03:00,22519,23277,05,
003776,18658,2026-09-23T17:35:12.1434084-03:00,2026-09-23T17:35:12.1439426-03:00,2026-09-23T17:35:12.1690343-03:00,25092,25626,00,
003777,8934,2026-09-23T17:35:12.1484084-03:00,2026-09-23T17:35:12.1487285-03:00,2026-09-23T17:35:12.1729026-03:00,24174,24494,51,
003778,46977,2026-09-23T17:35:12.1534084-03:00,2026-09-23T17:35:12.1540382-03:00,2026-09-23T17:35:12.1842926-03:00,30254,30884,00,
003779,11899,2026-09-23T17:35:12.1584084-03:00,2026-09-23T17:35:12.1588065-03:00,2026-09-23T17:35:12.1842863-03:00,25480,25878,00,
003780,13804,2026-09-23T17:35:12.1634084-03:00,2026-09-23T17:35:12.1637559-03:00,2026-09-23T17:35:12.1871328-03:00,23377,23724,00,
003781,14696,2026-09-23T17:35:12.1684084-03:00,2026-09-23T17:35:12.1689253-03:00,2026-09-23T17:35:12.1914097-03:00,22484,23001,00,
003782,46282,2026-09-23T17:35:12.1734084-03:00,2026-09-23T17:35:12.1739392-03:00,2026-09-23T17:35:12.1988737-03:00,24935,25465,00,
003783,25784,2026-09-23T17:35:12.1784084-03:00,2026-09-23T17:35:12.1787814-03:00,2026-09-23T17:35:12.2129188-03:00,34137,34510,00,
003784,1753,2026-09-23T17:35:12.1834084-03:00,2026-09-23T17:35:12.1841716-03:00,2026-09-23T17:35:12.2071154-03:00,22944,23707,00,
003785,44141,2026-09-23T17:35:12.1884084-03:00,2026-09-23T17:35:12.1887049-03:00,2026-09-23T17:35:12.2129231-03:00,24218,24515,00,
003786,20049,2026-09-23T17:35:12.1934084-03:00,2026-09-23T17:35:12.1939913-03:00,2026-09-23T17:35:12.2342391-03:00,40248,40831,00,
003787,8688,2026-09-23T17:35:12.1984084-03:00,2026-09-23T17:35:12.198764-03:00,2026-09-23T17:35:12.2256496-03:00,26886,27241,00,
003788,35638,2026-09-23T17:35:12.2034084-03:00,2026-09-23T17:35:12.2038784-03:00,2026-09-23T17:35:12.2374238-03:00,33545,34015,00,
003789,6422,2026-09-23T17:35:12.2084084-03:00,2026-09-23T17:35:12.2086699-03:00,2026-09-23T17:35:12.2401745-03:00,31505,31766,00,
003790,30823,2026-09-23T17:35:12.2134084-03:00,2026-09-23T17:35:12.2140054-03:00,2026-09-23T17:35:12.2353587-03:00,21353,21950,00,
003791,14181,2026-09-23T17:35:12.2184084-03:00,2026-09-23T17:35:12.2188454-03:00,2026-09-23T17:35:12.2525939-03:00,33749,34186,00,
003792,30439,2026-09-23T17:35:12.2234084-03:00,2026-09-23T17:35:12.223868-03:00,2026-09-23T17:35:12.248964-03:00,25096,25556,00,
003793,37742,2026-09-23T17:35:12.2284084-03:00,2026-09-23T17:35:12.2291202-03:00,2026-09-23T17:35:12.2509824-03:00,21862,22574,00,
003794,11141,2026-09-23T17:35:12.2334084-03:00,2026-09-23T17:35:12.2336957-03:00,2026-09-23T17:35:12.2615145-03:00,27819,28106,00,
003795,48043,2026-09-23T17:35:12.2384084-03:00,2026-09-23T17:35:12.2389666-03:00,2026-09-23T17:35:12.2721344-03:00,33168,33726,00,
003796,32941,2026-09-23T17:35:12.2434084-03:00,2026-09-23T17:35:12.2437804-03:00,2026-09-23T17:35:12.266818-03:00,23038,23410,00,
003797,5342,2026-09-23T17:35:12.2484084-03:00,2026-09-23T17:35:12.2488122-03:00,2026-09-23T17:35:12.2778317-03:00,29020,29423,00,
003798,27131,2026-09-23T17:35:12.2534084-03:00,2026-09-23T17:35:12.2536462-03:00,2026-09-23T17:35:12.2949338-03:00,41288,41525,00,
003799,35990,2026-09-23T17:35:12.2584084-03:00,2026-09-23T17:35:12.2587508-03:00,2026-09-23T17:35:12.2866657-03:00,27915,28257,00,
003800,24212,2026-09-23T17:35:12.2634084-03:00,2026-09-23T17:35:12.2640794-03:00,2026-09-23T17:35:12.2899858-03:00,25906,26577,00,
003801,47619,2026-09-23T17:35:12.2684084-03:00,2026-09-23T17:35:12.2689041-03:00,2026-09-23T17:35:12.294939-03:00,26035,26531,51,
003802,34708,2026-09-23T17:35:12.2734084-03:00,2026-09-23T17:35:12.2737682-03:00,2026-09-23T17:35:12.2975496-03:00,23781,24141,00,
003803,37750,2026-09-23T17:35:12.2784084-03:00,2026-09-23T17:35:12.2788681-03:00,2026-09-23T17:35:12.3003559-03:00,21488,21948,00,
003804,16475,2026-09-23T17:35:12.2834084-03:00,2026-09-23T17:35:12.2839784-03:00,2026-09-23T17:35:12.3077164-03:00,23738,24308,00,
003805,2813,2026-09-23T17:35:12.2884084-03:00,2026-09-23T17:35:12.2887405-03:00,2026-09-23T17:35:12.3199119-03:00,31171,31504,00,
003806,2219,2026-09-23T17:35:12.2934084-03:00,2026-09-23T17:35:12.2940716-03:00,2026-09-23T17:35:12.3221467-03:00,28075,28738,05,
003807,25210,2026-09-23T17:35:12.2984084-03:00,2026-09-23T17:35:12.2986287-03:00,2026-09-23T17:35:12.3288624-03:00,30234,30454,00,
003808,36914,2026-09-23T17:35:12.3034084-03:00,2026-09-23T17:35:12.3039619-03:00,2026-09-23T17:35:12.327706-03:00,23744,24298,00,
003809,49446,2026-09-23T17:35:12.3084084-03:00,2026-09-23T17:35:12.3087343-03:00,2026-09-23T17:35:12.3444309-03:00,35697,36023,00,
003810,19783,2026-09-23T17:35:12.3134084-03:00,2026-09-23T17:35:12.3139169-03:00,2026-09-23T17:35:12.3501455-03:00,36229,36737,51,
003811,30960,2026-09-23T17:35:12.3184084-03:00,2026-09-23T17:35:12.3185615-03:00,2026-09-23T17:35:12.3430272-03:00,24466,24619,00,
003812,29289,2026-09-23T17:35:12.3234084-03:00,2026-09-23T17:35:12.3241265-03:00,2026-09-23T17:35:12.3480679-03:00,23941,24660,00,
003813,37671,2026-09-23T17:35:12.3284084-03:00,2026-09-23T17:35:12.3287953-03:00,2026-09-23T17:35:12.3617895-03:00,32994,33381,00,
003814,5204,2026-09-23T17:35:12.3334084-03:00,2026-09-23T17:35:12.3339962-03:00,2026-09-23T17:35:12.3579028-03:00,23907,24494,05,
003815,27615,2026-09-23T17:35:12.3384084-03:00,2026-09-23T17:35:12.3386958-03:00,2026-09-23T17:35:12.4101451-03:00,71449,71737,00,
003816,5305,2026-09-23T17:35:12.3434084-03:00,2026-09-23T17:35:12.344327-03:00,2026-09-23T17:35:12.3702465-03:00,25920,26838,00,
003817,16854,2026-09-23T17:35:12.3484084-03:00,2026-09-23T17:35:12.3485265-03:00,2026-09-23T17:35:12.3751719-03:00,26645,26764,05,
003818,10085,2026-09-23T17:35:12.3534084-03:00,2026-09-23T17:35:12.3536724-03:00,2026-09-23T17:35:12.3792119-03:00,25540,25804,00,
003819,22150,2026-09-23T17:35:12.3584084-03:00,2026-09-23T17:35:12.3590807-03:00,2026-09-23T17:35:12.4441289-03:00,85048,85721,05,
003820,5318,2026-09-23T17:35:12.3634084-03:00,2026-09-23T17:35:12.3638021-03:00,2026-09-23T17:35:12.3849567-03:00,21155,21548,00,
003821,7119,2026-09-23T17:35:12.3684084-03:00,2026-09-23T17:35:12.3689963-03:00,2026-09-23T17:35:12.3964539-03:00,27458,28046,00,
003822,25696,2026-09-23T17:35:12.3734084-03:00,2026-09-23T17:35:12.3738304-03:00,2026-09-23T17:35:12.3970053-03:00,23175,23597,00,
003823,35925,2026-09-23T17:35:12.3784084-03:00,2026-09-23T17:35:12.3786042-03:00,2026-09-23T17:35:12.4008367-03:00,22233,22428,91,
003824,39310,2026-09-23T17:35:12.3834084-03:00,2026-09-23T17:35:12.3837354-03:00,2026-09-23T17:35:12.4317243-03:00,47989,48316,00,
003825,30747,2026-09-23T17:35:12.3884084-03:00,2026-09-23T17:35:12.3890811-03:00,2026-09-23T17:35:12.4345781-03:00,45497,46170,00,
003826,47579,2026-09-23T17:35:12.3934084-03:00,2026-09-23T17:35:12.3937019-03:00,2026-09-23T17:35:12.4176521-03:00,23950,24244,51,
003827,23589,2026-09-23T17:35:12.3984084-03:00,2026-09-23T17:35:12.3985683-03:00,2026-09-23T17:35:12.4208656-03:00,22297,22457,05,
003828,47613,2026-09-23T17:35:12.4034084-03:00,2026-09-23T17:35:12.4039276-03:00,2026-09-23T17:35:12.4388635-03:00,34936,35455,00,
003829,48689,2026-09-23T17:35:12.4084084-03:00,2026-09-23T17:35:12.4085175-03:00,2026-09-23T17:35:12.4679168-03:00,59399,59508,00,
003830,2452,2026-09-23T17:35:12.4134084-03:00,2026-09-23T17:35:12.4136252-03:00,2026-09-23T17:35:12.4357056-03:00,22080,22297,00,
003831,44743,2026-09-23T17:35:12.4184084-03:00,2026-09-23T17:35:12.4186607-03:00,2026-09-23T17:35:12.4484608-03:00,29800,30052,00,
003832,25723,2026-09-23T17:35:12.4234084-03:00,2026-09-23T17:35:12.4239602-03:00,2026-09-23T17:35:12.4573328-03:00,33373,33924,00,
003833,19662,2026-09-23T17:35:12.4284084-03:00,2026-09-23T17:35:12.4287854-03:00,2026-09-23T17:35:12.464249-03:00,35464,35841,00,
003834,22327,2026-09-23T17:35:12.4334084-03:00,2026-09-23T17:35:12.4337547-03:00,2026-09-23T17:35:12.4612821-03:00,27527,27874,51,
003835,48347,2026-09-23T17:35:12.4384084-03:00,2026-09-23T17:35:12.438892-03:00,2026-09-23T17:35:12.4679168-03:00,29025,29508,51,
003836,8587,2026-09-23T17:35:12.4434084-03:00,2026-09-23T17:35:12.4440181-03:00,2026-09-23T17:35:12.5528803-03:00,108862,109472,00,
003837,5880,2026-09-23T17:35:12.4484084-03:00,2026-09-23T17:35:12.4487596-03:00,2026-09-23T17:35:12.4710217-03:00,22262,22613,00,
003838,34153,2026-09-23T17:35:12.4534084-03:00,2026-09-23T17:35:12.4541478-03:00,2026-09-23T17:35:12.480313-03:00,26165,26905,00,
003839,3733,2026-09-23T17:35:12.4584084-03:00,2026-09-23T17:35:12.4611448-03:00,2026-09-23T17:35:12.4840789-03:00,22934,25671,00,
003840,40777,2026-09-23T17:35:12.4634084-03:00,2026-09-23T17:35:12.4639123-03:00,2026-09-23T17:35:12.486461-03:00,22549,23053,00,
003841,43668,2026-09-23T17:35:12.4684084-03:00,2026-09-23T17:35:12.4692187-03:00,2026-09-23T17:35:12.493405-03:00,24186,24997,00,
003842,32230,2026-09-23T17:35:12.4734084-03:00,2026-09-23T17:35:12.4736633-03:00,2026-09-23T17:35:12.5003445-03:00,26681,26936,00,
003843,45324,2026-09-23T17:35:12.4784084-03:00,2026-09-23T17:35:12.4785539-03:00,2026-09-23T17:35:12.5038024-03:00,25249,25394,00,
003844,45504,2026-09-23T17:35:12.4834084-03:00,2026-09-23T17:35:12.4838617-03:00,2026-09-23T17:35:12.5084284-03:00,24567,25020,00,
003845,48024,2026-09-23T17:35:12.4884084-03:00,2026-09-23T17:35:12.4890768-03:00,2026-09-23T17:35:12.5186389-03:00,29562,30231,00,
003846,18535,2026-09-23T17:35:12.4934084-03:00,2026-09-23T17:35:12.4941328-03:00,2026-09-23T17:35:12.5154606-03:00,21328,22052,00,
003847,12636,2026-09-23T17:35:12.4984084-03:00,2026-09-23T17:35:12.4987358-03:00,2026-09-23T17:35:12.5244004-03:00,25665,25992,00,
003848,22079,2026-09-23T17:35:12.5034084-03:00,2026-09-23T17:35:12.5037413-03:00,2026-09-23T17:35:12.5279996-03:00,24258,24591,00,
003849,32584,2026-09-23T17:35:12.5084084-03:00,2026-09-23T17:35:12.5087359-03:00,2026-09-23T17:35:12.5478605-03:00,39125,39452,00,
003850,22726,2026-09-23T17:35:12.5134084-03:00,2026-09-23T17:35:12.5136092-03:00,2026-09-23T17:35:12.539688-03:00,26079,26280,00,
003851,22988,2026-09-23T17:35:12.5184084-03:00,2026-09-23T17:35:12.5186612-03:00,2026-09-23T17:35:12.5405206-03:00,21859,22112,14,
003852,2021,2026-09-23T17:35:12.5234084-03:00,2026-09-23T17:35:12.5237554-03:00,2026-09-23T17:35:12.5478762-03:00,24121,24468,00,
003853,22978,2026-09-23T17:35:12.5284084-03:00,2026-09-23T17:35:12.5290973-03:00,2026-09-23T17:35:12.5517034-03:00,22606,23295,00,
003854,43505,2026-09-23T17:35:12.5334084-03:00,2026-09-23T17:35:12.5337686-03:00,2026-09-23T17:35:12.6056519-03:00,71883,72244,00,
003855,39969,2026-09-23T17:35:12.5384084-03:00,2026-09-23T17:35:12.5389606-03:00,2026-09-23T17:35:12.5675955-03:00,28635,29187,00,
003856,24715,2026-09-23T17:35:12.5434084-03:00,2026-09-23T17:35:12.5441055-03:00,2026-09-23T17:35:12.5665027-03:00,22397,23094,00,
003857,5116,2026-09-23T17:35:12.5484084-03:00,2026-09-23T17:35:12.548981-03:00,2026-09-23T17:35:12.5715191-03:00,22538,23111,00,
003858,41963,2026-09-23T17:35:12.5534084-03:00,2026-09-23T17:35:12.5539912-03:00,2026-09-23T17:35:12.5856795-03:00,31688,32271,00,
003859,20156,2026-09-23T17:35:12.5584084-03:00,2026-09-23T17:35:12.5586492-03:00,2026-09-23T17:35:12.5862598-03:00,27611,27851,00,
003860,15386,2026-09-23T17:35:12.5634084-03:00,2026-09-23T17:35:12.5637427-03:00,2026-09-23T17:35:12.5884568-03:00,24714,25048,51,
003861,6148,2026-09-23T17:35:12.5684084-03:00,2026-09-23T17:35:12.568638-03:00,2026-09-23T17:35:12.5939668-03:00,25329,25558,00,
003862,20606,2026-09-23T17:35:12.5734084-03:00,2026-09-23T17:35:12.5738905-03:00,2026-09-23T17:35:12.6046064-03:00,30716,31198,00,
003863,34264,2026-09-23T17:35:12.5784084-03:00,2026-09-23T17:35:12.5786839-03:00,2026-09-23T17:35:12.6016213-03:00,22937,23213,00,
003864,26300,2026-09-23T17:35:12.5834084-03:00,2026-09-23T17:35:12.5838548-03:00,2026-09-23T17:35:12.6183333-03:00,34479,34925,00,
003865,9830,2026-09-23T17:35:12.5884084-03:00,2026-09-23T17:35:12.5888562-03:00,2026-09-23T17:35:12.6116066-03:00,22750,23198,00,
003866,30477,2026-09-23T17:35:12.5934084-03:00,2026-09-23T17:35:12.5940252-03:00,2026-09-23T17:35:12.6243176-03:00,30292,30909,00,
003867,32797,2026-09-23T17:35:12.5984084-03:00,2026-09-23T17:35:12.5990297-03:00,2026-09-23T17:35:12.6230615-03:00,24032,24653,00,
003868,26420,2026-09-23T17:35:12.6034084-03:00,2026-09-23T17:35:12.6040204-03:00,2026-09-23T17:35:12.6258935-03:00,21873,22485,00,
003869,33,2026-09-23T17:35:12.6084084-03:00,2026-09-23T17:35:12.6086692-03:00,2026-09-23T17:35:12.6312239-03:00,22555,22816,00,
003870,44849,2026-09-23T17:35:12.6134084-03:00,2026-09-23T17:35:12.6136087-03:00,2026-09-23T17:35:12.6360738-03:00,22465,22665,05,
003871,22611,2026-09-23T17:35:12.6184084-03:00,2026-09-23T17:35:12.6188228-03:00,2026-09-23T17:35:12.6579607-03:00,39138,39552,00,
003872,10087,2026-09-23T17:35:12.6234084-03:00,2026-09-23T17:35:12.6235441-03:00,2026-09-23T17:35:12.6545825-03:00,31038,31174,00,
003873,17075,2026-09-23T17:35:12.6284084-03:00,2026-09-23T17:35:12.6289803-03:00,2026-09-23T17:35:12.6590764-03:00,30096,30668,00,
003874,22578,2026-09-23T17:35:12.6334084-03:00,2026-09-23T17:35:12.6338163-03:00,2026-09-23T17:35:12.655176-03:00,21360,21768,00,
003875,10283,2026-09-23T17:35:12.6384084-03:00,2026-09-23T17:35:12.638611-03:00,2026-09-23T17:35:12.6775299-03:00,38919,39122,00,
003876,44010,2026-09-23T17:35:12.6434084-03:00,2026-09-23T17:35:12.6435938-03:00,2026-09-23T17:35:12.6692051-03:00,25611,25797,00,
003877,38281,2026-09-23T17:35:12.6484084-03:00,2026-09-23T17:35:12.6487647-03:00,2026-09-23T17:35:12.6702279-03:00,21463,21820,00,
003878,30738,2026-09-23T17:35:12.6534084-03:00,2026-09-23T17:35:12.653942-03:00,2026-09-23T17:35:12.6808256-03:00,26884,27417,05,
003879,3613,2026-09-23T17:35:12.6584084-03:00,2026-09-23T17:35:12.6589776-03:00,2026-09-23T17:35:12.7134032-03:00,54426,54995,00,
003880,20688,2026-09-23T17:35:12.6634084-03:00,2026-09-23T17:35:12.6639985-03:00,2026-09-23T17:35:12.6866686-03:00,22670,23260,00,
003881,13124,2026-09-23T17:35:12.6684084-03:00,2026-09-23T17:35:12.6685671-03:00,2026-09-23T17:35:12.693638-03:00,25071,25230,51,
003882,10752,2026-09-23T17:35:12.6734084-03:00,2026-09-23T17:35:12.6737912-03:00,2026-09-23T17:35:12.7160167-03:00,42226,42608,05,
003883,30195,2026-09-23T17:35:12.6784084-03:00,2026-09-23T17:35:12.6790798-03:00,2026-09-23T17:35:12.7075285-03:00,28449,29120,00,
003884,43108,2026-09-23T17:35:12.6834084-03:00,2026-09-23T17:35:12.6839247-03:00,2026-09-23T17:35:12.7268471-03:00,42922,43439,00,
003885,34769,2026-09-23T17:35:12.6884084-03:00,2026-09-23T17:35:12.6887664-03:00,2026-09-23T17:35:12.7134062-03:00,24640,24998,00,
003886,6922,2026-09-23T17:35:12.6934084-03:00,2026-09-23T17:35:12.6939582-03:00,2026-09-23T17:35:12.7583947-03:00,64437,64986,00,
003887,34532,2026-09-23T17:35:12.6984084-03:00,2026-09-23T17:35:12.6990754-03:00,2026-09-23T17:35:12.7203796-03:00,21304,21971,00,
003888,35498,2026-09-23T17:35:12.7034084-03:00,2026-09-23T17:35:12.7037717-03:00,2026-09-23T17:35:12.7341087-03:00,30337,30700,00,
003889,23640,2026-09-23T17:35:12.7084084-03:00,2026-09-23T17:35:12.7090457-03:00,2026-09-23T17:35:12.7330529-03:00,24007,24645,00,
003890,15223,2026-09-23T17:35:12.7134084-03:00,2026-09-23T17:35:12.7138259-03:00,2026-09-23T17:35:12.7397521-03:00,25926,26344,00,
003891,37145,2026-09-23T17:35:12.7184084-03:00,2026-09-23T17:35:12.7186085-03:00,2026-09-23T17:35:12.7596472-03:00,41039,41239,51,
003892,14492,2026-09-23T17:35:12.7234084-03:00,2026-09-23T17:35:12.7237608-03:00,2026-09-23T17:35:12.7520867-03:00,28326,28678,00,
003893,14051,2026-09-23T17:35:12.7284084-03:00,2026-09-23T17:35:12.7288688-03:00,2026-09-23T17:35:12.7532572-03:00,24388,24849,00,
003894,36401,2026-09-23T17:35:12.7334084-03:00,2026-09-23T17:35:12.7340205-03:00,2026-09-23T17:35:12.7601218-03:00,26101,26713,00,
003895,15271,2026-09-23T17:35:12.7384084-03:00,2026-09-23T17:35:12.7385839-03:00,2026-09-23T17:35:12.7705264-03:00,31943,32118,00,
003896,44803,2026-09-23T17:35:12.7434084-03:00,2026-09-23T17:35:12.7439221-03:00,2026-09-23T17:35:12.7775542-03:00,33632,34146,00,
003897,45551,2026-09-23T17:35:12.7484084-03:00,2026-09-23T17:35:12.7488581-03:00,2026-09-23T17:35:12.7737501-03:00,24892,25342,00,
003898,6161,2026-09-23T17:35:12.7534084-03:00,2026-09-23T17:35:12.7537275-03:00,2026-09-23T17:35:12.7771518-03:00,23424,23743,00,
003899,7035,2026-09-23T17:35:12.7584084-03:00,2026-09-23T17:35:12.759535-03:00,2026-09-23T17:35:12.7874904-03:00,27955,29082,00,
003900,28316,2026-09-23T17:35:12.7634084-03:00,2026-09-23T17:35:12.7636476-03:00,2026-09-23T17:35:12.7993068-03:00,35659,35898,00,
003901,28194,2026-09-23T17:35:12.7684084-03:00,2026-09-23T17:35:12.7687944-03:00,2026-09-23T17:35:12.7960661-03:00,27272,27658,00,
003902,45458,2026-09-23T17:35:12.7734084-03:00,2026-09-23T17:35:12.7736333-03:00,2026-09-23T17:35:12.8064287-03:00,32795,33020,00,
003903,12966,2026-09-23T17:35:12.7784084-03:00,2026-09-23T17:35:12.7790356-03:00,2026-09-23T17:35:12.8009881-03:00,21953,22580,00,
003904,793,2026-09-23T17:35:12.7834084-03:00,2026-09-23T17:35:12.7837035-03:00,2026-09-23T17:35:12.8063334-03:00,22630,22925,00,
003905,19708,2026-09-23T17:35:12.7884084-03:00,2026-09-23T17:35:12.789082-03:00,2026-09-23T17:35:12.8247934-03:00,35711,36385,00,
003906,47682,2026-09-23T17:35:12.7934084-03:00,2026-09-23T17:35:12.7938071-03:00,2026-09-23T17:35:12.8476267-03:00,53820,54218,00,
003907,22448,2026-09-23T17:35:12.7984084-03:00,2026-09-23T17:35:12.7986438-03:00,2026-09-23T17:35:12.8200821-03:00,21438,21674,05,
003908,39121,2026-09-23T17:35:12.8034084-03:00,2026-09-23T17:35:12.804086-03:00,2026-09-23T17:35:12.8296175-03:00,25532,26209,00,
003909,9356,2026-09-23T17:35:12.8084084-03:00,2026-09-23T17:35:12.8090654-03:00,2026-09-23T17:35:12.8470347-03:00,37969,38626,51,
003910,2228,2026-09-23T17:35:12.8134084-03:00,2026-09-23T17:35:12.8136399-03:00,2026-09-23T17:35:12.8415975-03:00,27958,28189,05,
003911,9322,2026-09-23T17:35:12.8184084-03:00,2026-09-23T17:35:12.8188159-03:00,2026-09-23T17:35:12.8438211-03:00,25005,25413,14,
003912,34945,2026-09-23T17:35:12.8234084-03:00,2026-09-23T17:35:12.8236737-03:00,2026-09-23T17:35:12.8476091-03:00,23935,24201,51,
003913,7256,2026-09-23T17:35:12.8284084-03:00,2026-09-23T17:35:12.8289682-03:00,2026-09-23T17:35:12.8514259-03:00,22458,23018,00,
003914,14360,2026-09-23T17:35:12.8334084-03:00,2026-09-23T17:35:12.8336787-03:00,2026-09-23T17:35:12.8576111-03:00,23932,24203,00,
003915,12774,2026-09-23T17:35:12.8384084-03:00,2026-09-23T17:35:12.8388904-03:00,2026-09-23T17:35:12.8608771-03:00,21987,22469,00,
003916,8837,2026-09-23T17:35:12.8434084-03:00,2026-09-23T17:35:12.8436886-03:00,2026-09-23T17:35:12.8714946-03:00,27806,28086,00,
003917,8819,2026-09-23T17:35:12.8484084-03:00,2026-09-23T17:35:12.8486826-03:00,2026-09-23T17:35:12.8703223-03:00,21640,21914,51,
003918,3761,2026-09-23T17:35:12.8534084-03:00,2026-09-23T17:35:12.8542692-03:00,2026-09-23T17:35:12.8900984-03:00,35829,36690,00,
003919,16140,2026-09-23T17:35:12.8584084-03:00,2026-09-23T17:35:12.8586166-03:00,2026-09-23T17:35:12.9049639-03:00,46347,46556,00,
003920,33476,2026-09-23T17:35:12.8634084-03:00,2026-09-23T17:35:12.8639477-03:00,2026-09-23T17:35:12.8906957-03:00,26748,27287,00,
003921,27764,2026-09-23T17:35:12.8684084-03:00,2026-09-23T17:35:12.8685917-03:00,2026-09-23T17:35:12.8906733-03:00,22082,22265,00,
003922,23046,2026-09-23T17:35:12.8734084-03:00,2026-09-23T17:35:12.8740917-03:00,2026-09-23T17:35:12.8970211-03:00,22929,23613,00,
003923,46801,2026-09-23T17:35:12.8784084-03:00,2026-09-23T17:35:12.8788193-03:00,2026-09-23T17:35:12.9049639-03:00,26145,26556,00,
003924,46683,2026-09-23T17:35:12.8834084-03:00,2026-09-23T17:35:12.8839924-03:00,2026-09-23T17:35:12.9081322-03:00,24140,24724,05,
003925,46956,2026-09-23T17:35:12.8884084-03:00,2026-09-23T17:35:12.8888398-03:00,2026-09-23T17:35:12.9175394-03:00,28700,29131,05,
003926,42263,2026-09-23T17:35:12.8934084-03:00,2026-09-23T17:35:12.8937771-03:00,2026-09-23T17:35:12.9164172-03:00,22640,23009,14,
003927,48524,2026-09-23T17:35:12.8984084-03:00,2026-09-23T17:35:12.8991035-03:00,2026-09-23T17:35:12.9258837-03:00,26780,27475,00,
003928,43894,2026-09-23T17:35:12.9034084-03:00,2026-09-23T17:35:12.9037271-03:00,2026-09-23T17:35:12.9252992-03:00,21572,21891,00,
003929,28994,2026-09-23T17:35:12.9084084-03:00,2026-09-23T17:35:12.9085368-03:00,2026-09-23T17:35:12.930259-03:00,21722,21851,00,
003930,21184,2026-09-23T17:35:12.9134084-03:00,2026-09-23T17:35:12.9136566-03:00,2026-09-23T17:35:12.9352891-03:00,21633,21881,00,
003931,13612,2026-09-23T17:35:12.9184084-03:00,2026-09-23T17:35:12.91903-03:00,2026-09-23T17:35:12.9478743-03:00,28844,29466,00,
003932,16554,2026-09-23T17:35:12.9234084-03:00,2026-09-23T17:35:12.9236312-03:00,2026-09-23T17:35:12.9506143-03:00,26983,27206,00,
003933,4630,2026-09-23T17:35:12.9284084-03:00,2026-09-23T17:35:12.9290138-03:00,2026-09-23T17:35:12.9517612-03:00,22747,23353,00,
003934,32303,2026-09-23T17:35:12.9334084-03:00,2026-09-23T17:35:12.9338623-03:00,2026-09-23T17:35:12.9576116-03:00,23749,24203,00,
003935,11693,2026-09-23T17:35:12.9384084-03:00,2026-09-23T17:35:12.9388387-03:00,2026-09-23T17:35:12.9981629-03:00,59324,59755,00,
003936,16953,2026-09-23T17:35:12.9434084-03:00,2026-09-23T17:35:12.9443603-03:00,2026-09-23T17:35:12.9833037-03:00,38943,39895,00,
003937,41379,2026-09-23T17:35:12.9484084-03:00,2026-09-23T17:35:12.9489199-03:00,2026-09-23T17:35:12.9781177-03:00,29198,29709,05,
003938,46687,2026-09-23T17:35:12.9534084-03:00,2026-09-23T17:35:12.9537806-03:00,2026-09-23T17:35:12.975571-03:00,21790,22163,00,
003939,46345,2026-09-23T17:35:12.9584084-03:00,2026-09-23T17:35:12.9590556-03:00,2026-09-23T17:35:12.9869965-03:00,27941,28588,00,
003940,14832,2026-09-23T17:35:12.9634084-03:00,2026-09-23T17:35:12.9639706-03:00,2026-09-23T17:35:12.9869766-03:00,23006,23568,00,
003941,32407,2026-09-23T17:35:12.9684084-03:00,2026-09-23T17:35:12.9685965-03:00,2026-09-23T17:35:12.9924987-03:00,23902,24090,00,
003942,38746,2026-09-23T17:35:12.9734084-03:00,2026-09-23T17:35:12.9738866-03:00,2026-09-23T17:35:13.0001773-03:00,26291,26769,00,
003943,38248,2026-09-23T17:35:12.9784084-03:00,2026-09-23T17:35:12.9785726-03:00,2026-09-23T17:35:13.0228519-03:00,44279,44444,51,
003944,14395,2026-09-23T17:35:12.9834084-03:00,2026-09-23T17:35:12.9837862-03:00,2026-09-23T17:35:13.0103438-03:00,26558,26935,05,
003945,42282,2026-09-23T17:35:12.9884084-03:00,2026-09-23T17:35:12.9885948-03:00,2026-09-23T17:35:13.0191567-03:00,30562,30748,00,
003946,29940,2026-09-23T17:35:12.9934084-03:00,2026-09-23T17:35:12.9939737-03:00,2026-09-23T17:35:13.0181538-03:00,24180,24745,14,
003947,27503,2026-09-23T17:35:12.9984084-03:00,2026-09-23T17:35:12.9990784-03:00,2026-09-23T17:35:13.0207209-03:00,21643,22313,00,
003948,5848,2026-09-23T17:35:13.0034084-03:00,2026-09-23T17:35:13.0037372-03:00,2026-09-23T17:35:13.0336972-03:00,29960,30289,00,
003949,10108,2026-09-23T17:35:13.0084084-03:00,2026-09-23T17:35:13.0088589-03:00,2026-09-23T17:35:13.0300127-03:00,21154,21604,00,
003950,36875,2026-09-23T17:35:13.0134084-03:00,2026-09-23T17:35:13.0139288-03:00,2026-09-23T17:35:13.0369221-03:00,22993,23514,00,
003951,31810,2026-09-23T17:35:13.0184084-03:00,2026-09-23T17:35:13.0190817-03:00,2026-09-23T17:35:13.0437348-03:00,24653,25326,00,
003952,37880,2026-09-23T17:35:13.0234084-03:00,2026-09-23T17:35:13.023903-03:00,2026-09-23T17:35:13.0613991-03:00,37496,37991,00,
003953,5672,2026-09-23T17:35:13.0284084-03:00,2026-09-23T17:35:13.0287652-03:00,2026-09-23T17:35:13.0565463-03:00,27781,28138,00,
003954,39092,2026-09-23T17:35:13.0334084-03:00,2026-09-23T17:35:13.0336232-03:00,2026-09-23T17:35:13.0570633-03:00,23440,23655,00,
003955,49115,2026-09-23T17:35:13.0384084-03:00,2026-09-23T17:35:13.0390579-03:00,2026-09-23T17:35:13.0736856-03:00,34628,35277,00,
003956,24521,2026-09-23T17:35:13.0434084-03:00,2026-09-23T17:35:13.0437676-03:00,2026-09-23T17:35:13.0659702-03:00,22203,22562,00,
003957,28539,2026-09-23T17:35:13.0484084-03:00,2026-09-23T17:35:13.0486215-03:00,2026-09-23T17:35:13.0716848-03:00,23063,23276,00,
003958,26615,2026-09-23T17:35:13.0534084-03:00,2026-09-23T17:35:13.0537332-03:00,2026-09-23T17:35:13.0783932-03:00,24660,24985,14,
003959,18840,2026-09-23T17:35:13.0584084-03:00,2026-09-23T17:35:13.0585935-03:00,2026-09-23T17:35:13.0805146-03:00,21921,22106,00,
003960,44827,2026-09-23T17:35:13.0634084-03:00,2026-09-23T17:35:13.0638829-03:00,2026-09-23T17:35:13.1002756-03:00,36393,36867,00,
003961,3702,2026-09-23T17:35:13.0684084-03:00,2026-09-23T17:35:13.0690107-03:00,2026-09-23T17:35:13.0930274-03:00,24017,24619,00,
003962,12613,2026-09-23T17:35:13.0734084-03:00,2026-09-23T17:35:13.0736167-03:00,2026-09-23T17:35:13.0964711-03:00,22854,23063,00,
003963,37527,2026-09-23T17:35:13.0784084-03:00,2026-09-23T17:35:13.0788356-03:00,2026-09-23T17:35:13.099687-03:00,20851,21279,00,
003964,41373,2026-09-23T17:35:13.0834084-03:00,2026-09-23T17:35:13.0835786-03:00,2026-09-23T17:35:13.1073946-03:00,23816,23986,00,
003965,22852,2026-09-23T17:35:13.0884084-03:00,2026-09-23T17:35:13.0887732-03:00,2026-09-23T17:35:13.1263251-03:00,37552,37917,00,
003966,4638,2026-09-23T17:35:13.0934084-03:00,2026-09-23T17:35:13.094245-03:00,2026-09-23T17:35:13.1175544-03:00,23309,24146,51,
003967,48259,2026-09-23T17:35:13.0984084-03:00,2026-09-23T17:35:13.0990511-03:00,2026-09-23T17:35:13.1239012-03:00,24850,25493,00,
003968,19250,2026-09-23T17:35:13.1034084-03:00,2026-09-23T17:35:13.1038451-03:00,2026-09-23T17:35:13.1365473-03:00,32702,33139,05,
003969,1427,2026-09-23T17:35:13.1084084-03:00,2026-09-23T17:35:13.109301-03:00,2026-09-23T17:35:13.1313122-03:00,22011,22904,00,
003970,10439,2026-09-23T17:35:13.1134084-03:00,2026-09-23T17:35:13.113725-03:00,2026-09-23T17:35:13.1371223-03:00,23397,23714,00,
003971,9167,2026-09-23T17:35:13.1184084-03:00,2026-09-23T17:35:13.1186387-03:00,2026-09-23T17:35:13.1432957-03:00,24657,24887,00,
003972,25176,2026-09-23T17:35:13.1234084-03:00,2026-09-23T17:35:13.1238198-03:00,2026-09-23T17:35:13.1449263-03:00,21107,21518,00,
003973,42634,2026-09-23T17:35:13.1284084-03:00,2026-09-23T17:35:13.1287171-03:00,2026-09-23T17:35:13.1512918-03:00,22575,22883,00,
003974,26610,2026-09-23T17:35:13.1334084-03:00,2026-09-23T17:35:13.1338558-03:00,2026-09-23T17:35:13.1561266-03:00,22271,22718,00,
003975,14599,2026-09-23T17:35:13.1384084-03:00,2026-09-23T17:35:13.1390819-03:00,2026-09-23T17:35:13.1620463-03:00,22964,23638,51,
003976,28062,2026-09-23T17:35:13.1434084-03:00,2026-09-23T17:35:13.1437076-03:00,2026-09-23T17:35:13.1715078-03:00,27800,28099,51,
003977,48971,2026-09-23T17:35:13.1484084-03:00,2026-09-23T17:35:13.149044-03:00,2026-09-23T17:35:13.1917834-03:00,42739,43375,51,
003978,8979,2026-09-23T17:35:13.1534084-03:00,2026-09-23T17:35:13.153886-03:00,2026-09-23T17:35:13.1835964-03:00,29710,30188,00,
003979,19857,2026-09-23T17:35:13.1584084-03:00,2026-09-23T17:35:13.1587531-03:00,2026-09-23T17:35:13.1887742-03:00,30021,30366,00,
003980,11146,2026-09-23T17:35:13.1634084-03:00,2026-09-23T17:35:13.1640894-03:00,2026-09-23T17:35:13.1870506-03:00,22961,23642,00,
003981,5979,2026-09-23T17:35:13.1684084-03:00,2026-09-23T17:35:13.1687619-03:00,2026-09-23T17:35:13.1907143-03:00,21952,22306,00,
003982,7250,2026-09-23T17:35:13.1734084-03:00,2026-09-23T17:35:13.1742627-03:00,2026-09-23T17:35:13.1977457-03:00,23483,24337,00,
003983,46816,2026-09-23T17:35:13.1784084-03:00,2026-09-23T17:35:13.1788139-03:00,2026-09-23T17:35:13.2040801-03:00,25266,25672,00,
003984,12412,2026-09-23T17:35:13.1834084-03:00,2026-09-23T17:35:13.1836228-03:00,2026-09-23T17:35:13.2145915-03:00,30969,31183,05,
003985,43940,2026-09-23T17:35:13.1884084-03:00,2026-09-23T17:35:13.188599-03:00,2026-09-23T17:35:13.2113961-03:00,22797,22988,51,
003986,18316,2026-09-23T17:35:13.1934084-03:00,2026-09-23T17:35:13.1940323-03:00,2026-09-23T17:35:13.2325235-03:00,38491,39115,51,
003987,35570,2026-09-23T17:35:13.1984084-03:00,2026-09-23T17:35:13.1986951-03:00,2026-09-23T17:35:13.2280547-03:00,29360,29646,00,
003988,22324,2026-09-23T17:35:13.2034084-03:00,2026-09-23T17:35:13.2039945-03:00,2026-09-23T17:35:13.2280547-03:00,24060,24646,05,
003989,26299,2026-09-23T17:35:13.2084084-03:00,2026-09-23T17:35:13.2087086-03:00,2026-09-23T17:35:13.2297927-03:00,21084,21384,14,
003990,49016,2026-09-23T17:35:13.2134084-03:00,2026-09-23T17:35:13.2139578-03:00,2026-09-23T17:35:13.2394315-03:00,25474,26023,00,
003991,24901,2026-09-23T17:35:13.2184084-03:00,2026-09-23T17:35:13.218675-03:00,2026-09-23T17:35:13.2515296-03:00,32855,33121,00,
003992,46700,2026-09-23T17:35:13.2234084-03:00,2026-09-23T17:35:13.2237707-03:00,2026-09-23T17:35:13.2454737-03:00,21703,22065,00,
003993,36305,2026-09-23T17:35:13.2284084-03:00,2026-09-23T17:35:13.2285978-03:00,2026-09-23T17:35:13.2563705-03:00,27773,27962,00,
003994,12596,2026-09-23T17:35:13.2334084-03:00,2026-09-23T17:35:13.2336216-03:00,2026-09-23T17:35:13.2731578-03:00,39536,39749,14,
003995,7932,2026-09-23T17:35:13.2384084-03:00,2026-09-23T17:35:13.2387974-03:00,2026-09-23T17:35:13.3197267-03:00,80929,81318,00,
003996,45765,2026-09-23T17:35:13.2434084-03:00,2026-09-23T17:35:13.243716-03:00,2026-09-23T17:35:13.299107-03:00,55391,55699,00,
003997,20217,2026-09-23T17:35:13.2484084-03:00,2026-09-23T17:35:13.248771-03:00,2026-09-23T17:35:13.2719898-03:00,23219,23581,00,
003998,20947,2026-09-23T17:35:13.2534084-03:00,2026-09-23T17:35:13.2541097-03:00,2026-09-23T17:35:13.2816073-03:00,27498,28199,00,
003999,4610,2026-09-23T17:35:13.2584084-03:00,2026-09-23T17:35:13.258978-03:00,2026-09-23T17:35:13.2821867-03:00,23209,23778,00,
